0 verbose cli /Users/shyamkuamr/.nvm/versions/node/v24.21.0/bin/node /Users/shyamkuamr/.nvm/versions/node/v24.21.0/lib/node_modules/npm/bin/npm-cli.js
1 info using npm@11.19.0
2 info using node@v24.21.0
3 silly config load:file:/Users/shyamkuamr/.nvm/versions/node/v24.21.0/lib/node_modules/npm/npmrc
4 silly config load:file:/Users/shyamkuamr/Documents/luvstor-app/frontend/.npmrc
5 silly config load:file:/Users/shyamkuamr/.npmrc
6 silly config load:file:/Users/shyamkuamr/.nvm/versions/node/v24.21.0/etc/npmrc
7 verbose title npm exec expo start
8 verbose argv "exec" "--" "expo" "start"
9 verbose logfile logs-max:10 dir:/Users/shyamkuamr/Documents/luvstor-app/frontend/D:/npm-cache/_logs/2026-09-18T17_04_55_230Z-
10 verbose logfile /Users/shyamkuamr/Documents/luvstor-app/frontend/D:/npm-cache/_logs/2026-09-18T17_04_55_230Z-debug-0.log
11 silly logfile done cleaning log files
12 silly packumentCache heap:2348810240 maxSize:587202560 maxEntrySize:293601280
13 http fetch GET 200 https://registry.npmjs.org/npm 1211ms
14 http fetch GET 200 https://registry.npmjs.org/expo 1935ms (cache miss)
15 silly packumentCache heap:2348810240 maxSize:587202560 maxEntrySize:293601280
16 silly packumentCache heap:2348810240 maxSize:587202560 maxEntrySize:293601280
17 silly idealTree buildDeps
18 silly fetch manifest expo@57.0.24
19 silly packumentCache full:https://registry.npmjs.org/expo cache-miss
20 http fetch GET 200 https://registry.npmjs.org/expo 1908ms (cache miss)
21 silly packumentCache full:https://registry.npmjs.org/expo set size:undefined disposed:false
22 silly fetch manifest @expo/metro-runtime@*
23 silly packumentCache full:https://registry.npmjs.org/@expo%2fmetro-runtime cache-miss
24 http fetch GET 200 https://registry.npmjs.org/@expo%2fmetro-runtime 1824ms (cache miss)
25 silly packumentCache full:https://registry.npmjs.org/@expo%2fmetro-runtime set size:undefined disposed:false
26 silly fetch manifest react@*
27 silly packumentCache full:https://registry.npmjs.org/react cache-miss
28 http fetch GET 200 https://registry.npmjs.org/react 4429ms (cache miss)
29 silly packumentCache full:https://registry.npmjs.org/react set size:undefined disposed:false
30 silly fetch manifest react-dom@*
31 silly packumentCache full:https://registry.npmjs.org/react-dom cache-miss
32 http fetch GET 200 https://registry.npmjs.org/react-dom 5535ms (cache miss)
33 silly packumentCache full:https://registry.npmjs.org/react-dom set size:undefined disposed:false
34 silly fetch manifest react-native@*
35 silly packumentCache full:https://registry.npmjs.org/react-native cache-miss
36 http fetch GET 200 https://registry.npmjs.org/react-native 6834ms (cache miss)
37 silly packumentCache full:https://registry.npmjs.org/react-native set size:undefined disposed:false
38 silly fetch manifest @types/react@^19.1.1
39 silly packumentCache full:https://registry.npmjs.org/@types%2freact cache-miss
40 http fetch GET 200 https://registry.npmjs.org/@types%2freact 3113ms (cache miss)
41 silly packumentCache full:https://registry.npmjs.org/@types%2freact set size:undefined disposed:false
42 silly fetch manifest react-native-web@*
43 silly packumentCache full:https://registry.npmjs.org/react-native-web cache-miss
44 http fetch GET 200 https://registry.npmjs.org/react-native-web 1680ms (cache miss)
45 silly packumentCache full:https://registry.npmjs.org/react-native-web set size:undefined disposed:false
46 silly fetch manifest react-native-webview@*
47 silly packumentCache full:https://registry.npmjs.org/react-native-webview cache-miss
48 http fetch GET 200 https://registry.npmjs.org/react-native-webview 2683ms (cache miss)
49 silly packumentCache full:https://registry.npmjs.org/react-native-webview set size:undefined disposed:false
50 silly placeDep ROOT expo@57.0.24 OK for:  want: 57.0.24
51 silly placeDep ROOT react@19.3.0 OK for: expo@57.0.24 want: *
52 silly placeDep ROOT react-native@0.87.1 OK for: expo@57.0.24 want: *
53 silly fetch manifest @expo/cli@^57.0.26
54 silly packumentCache full:https://registry.npmjs.org/@expo%2fcli cache-miss
55 silly fetch manifest expo-font@~57.0.4
56 silly packumentCache full:https://registry.npmjs.org/expo-font cache-miss
57 silly fetch manifest expo-asset@~57.0.18
58 silly packumentCache full:https://registry.npmjs.org/expo-asset cache-miss
59 silly fetch manifest @expo/metro@~56.0.2
60 silly packumentCache full:https://registry.npmjs.org/@expo%2fmetro cache-miss
61 silly fetch manifest @expo/config@~57.0.9
62 silly packumentCache full:https://registry.npmjs.org/@expo%2fconfig cache-miss
63 http fetch GET 200 https://registry.npmjs.org/expo-font 2507ms (cache miss)
64 silly packumentCache full:https://registry.npmjs.org/expo-font set size:undefined disposed:false
65 silly fetch manifest @expo/log-box@^57.0.4
66 silly packumentCache full:https://registry.npmjs.org/@expo%2flog-box cache-miss
67 http fetch GET 200 https://registry.npmjs.org/@expo%2fcli 2522ms (cache miss)
68 silly packumentCache full:https://registry.npmjs.org/@expo%2fcli set size:undefined disposed:false
69 silly fetch manifest pretty-format@^29.7.0
70 silly packumentCache full:https://registry.npmjs.org/pretty-format cache-miss
71 http fetch GET 200 https://registry.npmjs.org/@expo%2flog-box 1676ms (cache miss)
72 silly packumentCache full:https://registry.npmjs.org/@expo%2flog-box set size:undefined disposed:false
73 silly fetch manifest react-refresh@^0.14.2
74 silly packumentCache full:https://registry.npmjs.org/react-refresh cache-miss
75 http fetch GET 200 https://registry.npmjs.org/pretty-format 2399ms (cache miss)
76 silly packumentCache full:https://registry.npmjs.org/pretty-format set size:undefined disposed:false
77 silly fetch manifest @babel/runtime@^7.20.0
78 silly packumentCache full:https://registry.npmjs.org/@babel%2fruntime cache-miss
79 http fetch GET 200 https://registry.npmjs.org/@expo%2fmetro 5176ms (cache miss)
80 silly packumentCache full:https://registry.npmjs.org/@expo%2fmetro set size:undefined disposed:false
81 silly fetch manifest @expo/devtools@~57.0.1
82 silly packumentCache full:https://registry.npmjs.org/@expo%2fdevtools cache-miss
83 http fetch GET 200 https://registry.npmjs.org/expo-asset 5720ms (cache miss)
84 silly packumentCache full:https://registry.npmjs.org/expo-asset set size:undefined disposed:false
85 silly fetch manifest expo-constants@~57.0.19
86 silly packumentCache full:https://registry.npmjs.org/expo-constants cache-miss
87 http fetch GET 200 https://registry.npmjs.org/@expo%2fconfig 6393ms (cache miss)
88 silly packumentCache full:https://registry.npmjs.org/@expo%2fconfig set size:undefined disposed:false
89 silly fetch manifest expo-keep-awake@~57.0.2
90 silly packumentCache full:https://registry.npmjs.org/expo-keep-awake cache-miss
91 http fetch GET 200 https://registry.npmjs.org/@expo%2fdevtools 1785ms (cache miss)
92 silly packumentCache full:https://registry.npmjs.org/@expo%2fdevtools set size:undefined disposed:false
93 silly fetch manifest expo-file-system@~57.0.7
94 silly packumentCache full:https://registry.npmjs.org/expo-file-system cache-miss
95 http fetch GET 200 https://registry.npmjs.org/@babel%2fruntime 2023ms (cache miss)
96 silly packumentCache full:https://registry.npmjs.org/@babel%2fruntime set size:undefined disposed:false
97 silly fetch manifest @expo/dom-webview@~57.0.1
98 silly packumentCache full:https://registry.npmjs.org/@expo%2fdom-webview cache-miss
99 http fetch GET 200 https://registry.npmjs.org/expo-keep-awake 1230ms (cache miss)
100 silly packumentCache full:https://registry.npmjs.org/expo-keep-awake set size:undefined disposed:false
101 silly fetch manifest @expo/fingerprint@^0.20.13
102 silly packumentCache full:https://registry.npmjs.org/@expo%2ffingerprint cache-miss
103 http fetch GET 200 https://registry.npmjs.org/@expo%2fdom-webview 1013ms (cache miss)
104 silly packumentCache full:https://registry.npmjs.org/@expo%2fdom-webview set size:undefined disposed:false
105 silly fetch manifest babel-preset-expo@~57.0.12
106 silly packumentCache full:https://registry.npmjs.org/babel-preset-expo cache-miss
107 http fetch GET 200 https://registry.npmjs.org/expo-file-system 1184ms (cache miss)
108 silly packumentCache full:https://registry.npmjs.org/expo-file-system set size:undefined disposed:false
109 silly fetch manifest expo-modules-core@~57.0.18
110 silly packumentCache full:https://registry.npmjs.org/expo-modules-core cache-miss
111 http fetch GET 200 https://registry.npmjs.org/@expo%2ffingerprint 880ms (cache miss)
112 silly packumentCache full:https://registry.npmjs.org/@expo%2ffingerprint set size:undefined disposed:false
113 silly fetch manifest @expo/metro-config@~57.0.12
114 silly packumentCache full:https://registry.npmjs.org/@expo%2fmetro-config cache-miss
115 http fetch GET 200 https://registry.npmjs.org/babel-preset-expo 871ms (cache miss)
116 silly packumentCache full:https://registry.npmjs.org/babel-preset-expo set size:undefined disposed:false
117 silly fetch manifest whatwg-url-minimum@^0.1.2
118 silly packumentCache full:https://registry.npmjs.org/whatwg-url-minimum cache-miss
119 http fetch GET 200 https://registry.npmjs.org/whatwg-url-minimum 358ms (cache miss)
120 silly packumentCache full:https://registry.npmjs.org/whatwg-url-minimum set size:undefined disposed:false
121 silly fetch manifest @expo/config-plugins@~57.0.9
122 silly packumentCache full:https://registry.npmjs.org/@expo%2fconfig-plugins cache-miss
123 http fetch GET 200 https://registry.npmjs.org/expo-modules-core 1091ms (cache miss)
124 silly packumentCache full:https://registry.npmjs.org/expo-modules-core set size:undefined disposed:false
125 silly fetch manifest @ungap/structured-clone@^1.3.0
126 silly packumentCache full:https://registry.npmjs.org/@ungap%2fstructured-clone cache-miss
127 http fetch GET 200 https://registry.npmjs.org/@ungap%2fstructured-clone 303ms (cache miss)
128 silly packumentCache full:https://registry.npmjs.org/@ungap%2fstructured-clone set size:undefined disposed:false
129 silly fetch manifest expo-modules-autolinking@~57.0.13
130 silly packumentCache full:https://registry.npmjs.org/expo-modules-autolinking cache-miss
131 http fetch GET 200 https://registry.npmjs.org/@expo%2fmetro-config 1938ms (cache miss)
132 silly packumentCache full:https://registry.npmjs.org/@expo%2fmetro-config set size:undefined disposed:false
133 silly fetch manifest @expo/local-build-cache-provider@^57.0.8
134 silly packumentCache full:https://registry.npmjs.org/@expo%2flocal-build-cache-provider cache-miss
135 http fetch GET 200 https://registry.npmjs.org/expo-constants 4817ms (cache miss)
136 silly packumentCache full:https://registry.npmjs.org/expo-constants set size:undefined disposed:false
137 silly fetch manifest ws@^7.5.10
138 silly packumentCache full:https://registry.npmjs.org/ws cache-miss
139 http fetch GET 200 https://registry.npmjs.org/expo-modules-autolinking 1036ms (cache miss)
140 silly packumentCache full:https://registry.npmjs.org/expo-modules-autolinking set size:undefined disposed:false
141 silly fetch manifest anser@^1.4.9
142 silly packumentCache full:https://registry.npmjs.org/anser cache-miss
143 http fetch GET 200 https://registry.npmjs.org/@expo%2fconfig-plugins 1383ms (cache miss)
144 silly packumentCache full:https://registry.npmjs.org/@expo%2fconfig-plugins set size:undefined disposed:false
145 silly fetch manifest yargs@^17.6.2
146 silly packumentCache full:https://registry.npmjs.org/yargs cache-miss
147 http fetch GET 200 https://registry.npmjs.org/@expo%2flocal-build-cache-provider 426ms (cache miss)
148 silly packumentCache full:https://registry.npmjs.org/@expo%2flocal-build-cache-provider set size:undefined disposed:false
149 silly fetch manifest semver@^7.1.3
150 silly packumentCache full:https://registry.npmjs.org/semver cache-miss
151 http fetch GET 200 https://registry.npmjs.org/anser 463ms (cache miss)
152 silly packumentCache full:https://registry.npmjs.org/anser set size:undefined disposed:false
153 silly fetch manifest promise@^8.3.0
154 silly packumentCache full:https://registry.npmjs.org/promise cache-miss
155 http fetch GET 200 https://registry.npmjs.org/ws 639ms (cache miss)
156 silly packumentCache full:https://registry.npmjs.org/ws set size:undefined disposed:false
157 silly fetch manifest base64-js@^1.5.1
158 silly packumentCache full:https://registry.npmjs.org/base64-js cache-miss
159 http fetch GET 200 https://registry.npmjs.org/react-refresh 7077ms (cache miss)
160 silly packumentCache full:https://registry.npmjs.org/react-refresh set size:undefined disposed:false
161 silly fetch manifest commander@^12.0.0
162 silly packumentCache full:https://registry.npmjs.org/commander cache-miss
163 http fetch GET 200 https://registry.npmjs.org/yargs 706ms (cache miss)
164 silly packumentCache full:https://registry.npmjs.org/yargs set size:undefined disposed:false
165 silly fetch manifest invariant@^2.2.4
166 silly packumentCache full:https://registry.npmjs.org/invariant cache-miss
167 http fetch GET 200 https://registry.npmjs.org/semver 616ms (cache miss)
168 silly packumentCache full:https://registry.npmjs.org/semver set size:undefined disposed:false
169 silly fetch manifest scheduler@0.27.0
170 silly packumentCache full:https://registry.npmjs.org/scheduler cache-miss
171 http fetch GET 200 https://registry.npmjs.org/promise 467ms (cache miss)
172 silly packumentCache full:https://registry.npmjs.org/promise set size:undefined disposed:false
173 silly fetch manifest ansi-regex@^5.0.0
174 silly packumentCache full:https://registry.npmjs.org/ansi-regex cache-miss
175 http fetch GET 200 https://registry.npmjs.org/base64-js 394ms (cache miss)
176 silly packumentCache full:https://registry.npmjs.org/base64-js set size:undefined disposed:false
177 silly fetch manifest nullthrows@^1.1.1
178 silly packumentCache full:https://registry.npmjs.org/nullthrows cache-miss
179 http fetch GET 200 https://registry.npmjs.org/invariant 415ms (cache miss)
180 silly packumentCache full:https://registry.npmjs.org/invariant set size:undefined disposed:false
181 silly fetch manifest tinyglobby@^0.2.15
182 silly packumentCache full:https://registry.npmjs.org/tinyglobby cache-miss
183 http fetch GET 200 https://registry.npmjs.org/ansi-regex 355ms (cache miss)
184 silly packumentCache full:https://registry.npmjs.org/ansi-regex set size:undefined disposed:false
185 silly fetch manifest memoize-one@^5.0.0
186 silly packumentCache full:https://registry.npmjs.org/memoize-one cache-miss
187 http fetch GET 200 https://registry.npmjs.org/commander 655ms (cache miss)
188 silly packumentCache full:https://registry.npmjs.org/commander set size:undefined disposed:false
189 silly fetch manifest whatwg-fetch@^3.0.0
190 silly packumentCache full:https://registry.npmjs.org/whatwg-fetch cache-miss
191 http fetch GET 200 https://registry.npmjs.org/nullthrows 377ms (cache miss)
192 silly packumentCache full:https://registry.npmjs.org/nullthrows set size:undefined disposed:false
193 silly fetch manifest metro-runtime@^0.87.0
194 silly packumentCache full:https://registry.npmjs.org/metro-runtime cache-miss
195 http fetch GET 200 https://registry.npmjs.org/tinyglobby 242ms (cache miss)
196 silly packumentCache full:https://registry.npmjs.org/tinyglobby set size:undefined disposed:false
197 silly fetch manifest react-refresh@^0.14.0
198 silly packumentCache full:https://registry.npmjs.org/react-refresh cache-miss
199 http cache https://registry.npmjs.org/react-refresh 13ms (cache hit)
200 silly packumentCache full:https://registry.npmjs.org/react-refresh set size:6640135 disposed:false
201 silly fetch manifest hermes-compiler@250829098.0.17
202 silly packumentCache full:https://registry.npmjs.org/hermes-compiler cache-miss
203 http fetch GET 200 https://registry.npmjs.org/whatwg-fetch 390ms (cache miss)
204 silly packumentCache full:https://registry.npmjs.org/whatwg-fetch set size:undefined disposed:false
205 silly fetch manifest metro-source-map@^0.87.0
206 silly packumentCache full:https://registry.npmjs.org/metro-source-map cache-miss
207 http fetch GET 200 https://registry.npmjs.org/memoize-one 470ms (cache miss)
208 silly packumentCache full:https://registry.npmjs.org/memoize-one set size:undefined disposed:false
209 silly fetch manifest stacktrace-parser@^0.1.10
210 silly packumentCache full:https://registry.npmjs.org/stacktrace-parser cache-miss
211 http fetch GET 200 https://registry.npmjs.org/hermes-compiler 488ms (cache miss)
212 silly packumentCache full:https://registry.npmjs.org/hermes-compiler set size:undefined disposed:false
213 silly fetch manifest flow-enums-runtime@^0.0.6
214 silly packumentCache full:https://registry.npmjs.org/flow-enums-runtime cache-miss
215 http fetch GET 200 https://registry.npmjs.org/metro-runtime 713ms (cache miss)
216 silly packumentCache full:https://registry.npmjs.org/metro-runtime set size:undefined disposed:false
217 silly fetch manifest react-devtools-core@^6.1.5
218 silly packumentCache full:https://registry.npmjs.org/react-devtools-core cache-miss
219 http fetch GET 200 https://registry.npmjs.org/stacktrace-parser 598ms (cache miss)
220 silly packumentCache full:https://registry.npmjs.org/stacktrace-parser set size:undefined disposed:false
221 silly fetch manifest regenerator-runtime@^0.13.2
222 silly packumentCache full:https://registry.npmjs.org/regenerator-runtime cache-miss
223 http fetch GET 200 https://registry.npmjs.org/flow-enums-runtime 684ms (cache miss)
224 silly packumentCache full:https://registry.npmjs.org/flow-enums-runtime set size:undefined disposed:false
225 silly fetch manifest @react-native/codegen@0.87.1
226 silly packumentCache full:https://registry.npmjs.org/@react-native%2fcodegen cache-miss
227 http fetch GET 200 https://registry.npmjs.org/regenerator-runtime 651ms (cache miss)
228 silly packumentCache full:https://registry.npmjs.org/regenerator-runtime set size:undefined disposed:false
229 silly fetch manifest @react-native/asset-utils@0.87.1
230 silly packumentCache full:https://registry.npmjs.org/@react-native%2fasset-utils cache-miss
231 http fetch GET 200 https://registry.npmjs.org/react-devtools-core 951ms (cache miss)
232 silly packumentCache full:https://registry.npmjs.org/react-devtools-core set size:undefined disposed:false
233 silly fetch manifest @react-native/gradle-plugin@0.87.1
234 silly packumentCache full:https://registry.npmjs.org/@react-native%2fgradle-plugin cache-miss
235 http fetch GET 200 https://registry.npmjs.org/metro-source-map 1340ms (cache miss)
236 silly packumentCache full:https://registry.npmjs.org/metro-source-map set size:undefined disposed:false
237 silly fetch manifest @react-native/normalize-colors@0.87.1
238 silly packumentCache full:https://registry.npmjs.org/@react-native%2fnormalize-colors cache-miss
239 http fetch GET 200 https://registry.npmjs.org/@react-native%2fasset-utils 536ms (cache miss)
240 silly packumentCache full:https://registry.npmjs.org/@react-native%2fasset-utils set size:undefined disposed:false
241 silly fetch manifest @react-native/virtualized-lists@0.87.1
242 silly packumentCache full:https://registry.npmjs.org/@react-native%2fvirtualized-lists cache-miss
243 http fetch GET 200 https://registry.npmjs.org/@react-native%2fcodegen 2638ms (cache miss)
244 silly packumentCache full:https://registry.npmjs.org/@react-native%2fcodegen set size:undefined disposed:false
245 silly fetch manifest babel-plugin-syntax-hermes-parser@0.36.1
246 silly packumentCache full:https://registry.npmjs.org/babel-plugin-syntax-hermes-parser cache-miss
247 http fetch GET 200 https://registry.npmjs.org/@react-native%2fgradle-plugin 2978ms (cache miss)
248 silly packumentCache full:https://registry.npmjs.org/@react-native%2fgradle-plugin set size:undefined disposed:false
249 silly fetch manifest @react-native/community-cli-plugin@0.87.1
250 silly packumentCache full:https://registry.npmjs.org/@react-native%2fcommunity-cli-plugin cache-miss
251 http fetch GET 200 https://registry.npmjs.org/babel-plugin-syntax-hermes-parser 801ms (cache miss)
252 silly packumentCache full:https://registry.npmjs.org/babel-plugin-syntax-hermes-parser set size:undefined disposed:false
253 http fetch GET 200 https://registry.npmjs.org/scheduler 5318ms (cache miss)
254 silly packumentCache full:https://registry.npmjs.org/scheduler set size:undefined disposed:false
255 http fetch GET 200 https://registry.npmjs.org/@react-native%2fnormalize-colors 3592ms (cache miss)
256 silly packumentCache full:https://registry.npmjs.org/@react-native%2fnormalize-colors set size:undefined disposed:false
257 http fetch GET 200 https://registry.npmjs.org/@react-native%2fcommunity-cli-plugin 1651ms (cache miss)
258 silly packumentCache full:https://registry.npmjs.org/@react-native%2fcommunity-cli-plugin set size:undefined disposed:false
259 http fetch GET 200 https://registry.npmjs.org/@react-native%2fvirtualized-lists 4140ms (cache miss)
260 silly packumentCache full:https://registry.npmjs.org/@react-native%2fvirtualized-lists set size:undefined disposed:false
261 silly fetch manifest expo@*
262 silly packumentCache full:https://registry.npmjs.org/expo cache-miss
263 http cache https://registry.npmjs.org/expo 14ms (cache hit)
264 silly packumentCache full:https://registry.npmjs.org/expo set size:4133866 disposed:false
265 silly fetch manifest expo-router@*
266 silly packumentCache full:https://registry.npmjs.org/expo-router cache-miss
267 http fetch GET 200 https://registry.npmjs.org/expo-router 1203ms (cache miss)
268 silly packumentCache full:https://registry.npmjs.org/expo-router set size:undefined disposed:false
269 silly fetch manifest @testing-library/react-native@>= 13.2.0
270 silly packumentCache full:https://registry.npmjs.org/@testing-library%2freact-native cache-miss
271 http fetch GET 200 https://registry.npmjs.org/@testing-library%2freact-native 273ms (cache miss)
272 silly packumentCache full:https://registry.npmjs.org/@testing-library%2freact-native set size:undefined disposed:false
273 silly fetch manifest jest@>=29.0.0
274 silly packumentCache full:https://registry.npmjs.org/jest cache-miss
275 http fetch GET 200 https://registry.npmjs.org/jest 1301ms (cache miss)
276 silly packumentCache full:https://registry.npmjs.org/jest set size:undefined disposed:false
277 silly fetch manifest node-notifier@^8.0.1 || ^9.0.0 || ^10.0.0
278 silly packumentCache full:https://registry.npmjs.org/node-notifier cache-miss
279 http fetch GET 200 https://registry.npmjs.org/node-notifier 453ms (cache miss)
280 silly packumentCache full:https://registry.npmjs.org/node-notifier set size:undefined disposed:false
281 silly fetch manifest test-renderer@^1.0.0
282 silly packumentCache full:https://registry.npmjs.org/test-renderer cache-miss
283 http fetch GET 200 https://registry.npmjs.org/test-renderer 525ms (cache miss)
284 silly packumentCache full:https://registry.npmjs.org/test-renderer set size:undefined disposed:false
285 silly fetch manifest expo-linking@^57.0.10
286 silly packumentCache full:https://registry.npmjs.org/expo-linking cache-miss
287 http fetch GET 200 https://registry.npmjs.org/expo-linking 876ms (cache miss)
288 silly packumentCache full:https://registry.npmjs.org/expo-linking set size:undefined disposed:false
289 silly fetch manifest react-native-gesture-handler@*
290 silly packumentCache full:https://registry.npmjs.org/react-native-gesture-handler cache-miss
291 http fetch GET 200 https://registry.npmjs.org/react-native-gesture-handler 804ms (cache miss)
292 silly packumentCache full:https://registry.npmjs.org/react-native-gesture-handler set size:undefined disposed:false
293 silly fetch manifest react-native-reanimated@*
294 silly packumentCache full:https://registry.npmjs.org/react-native-reanimated cache-miss
295 http fetch GET 200 https://registry.npmjs.org/react-native-reanimated 3679ms (cache miss)
296 silly packumentCache full:https://registry.npmjs.org/react-native-reanimated set size:undefined disposed:false
297 silly fetch manifest react-native-worklets@0.13.x
298 silly packumentCache full:https://registry.npmjs.org/react-native-worklets cache-miss
299 http fetch GET 200 https://registry.npmjs.org/react-native-worklets 945ms (cache miss)
300 silly packumentCache full:https://registry.npmjs.org/react-native-worklets set size:undefined disposed:false
301 silly fetch manifest @babel/core@*
302 silly packumentCache full:https://registry.npmjs.org/@babel%2fcore cache-miss
303 http fetch GET 200 https://registry.npmjs.org/@babel%2fcore 1618ms (cache miss)
304 silly packumentCache full:https://registry.npmjs.org/@babel%2fcore set size:undefined disposed:false
305 silly fetch manifest @react-native/metro-config@*
306 silly packumentCache full:https://registry.npmjs.org/@react-native%2fmetro-config cache-miss
307 http fetch GET 200 https://registry.npmjs.org/@react-native%2fmetro-config 1659ms (cache miss)
308 silly packumentCache full:https://registry.npmjs.org/@react-native%2fmetro-config set size:undefined disposed:false
309 silly fetch manifest react-native-safe-area-context@>= 5.4.0
310 silly packumentCache full:https://registry.npmjs.org/react-native-safe-area-context cache-miss
311 http fetch GET 200 https://registry.npmjs.org/react-native-safe-area-context 875ms (cache miss)
312 silly packumentCache full:https://registry.npmjs.org/react-native-safe-area-context set size:undefined disposed:false
313 silly fetch manifest react-server-dom-webpack@~19.0.4 || ~19.1.5 || ~19.2.4
314 silly packumentCache full:https://registry.npmjs.org/react-server-dom-webpack cache-miss
315 http fetch GET 200 https://registry.npmjs.org/react-server-dom-webpack 5165ms (cache miss)
316 silly packumentCache full:https://registry.npmjs.org/react-server-dom-webpack set size:undefined disposed:false
317 silly fetch manifest webpack@^5.59.0
318 silly packumentCache full:https://registry.npmjs.org/webpack cache-miss
319 http fetch GET 200 https://registry.npmjs.org/webpack 2245ms (cache miss)
320 silly packumentCache full:https://registry.npmjs.org/webpack set size:undefined disposed:false
321 silly fetch manifest expo-widgets@^57.0.19
322 silly packumentCache full:https://registry.npmjs.org/expo-widgets cache-miss
323 http fetch GET 200 https://registry.npmjs.org/expo-widgets 360ms (cache miss)
324 silly packumentCache full:https://registry.npmjs.org/expo-widgets set size:undefined disposed:false
325 silly fetch manifest react-native-worklets@^0.7.4 || ^0.8.0 || ^0.9.0 || ^0.10.0
326 silly packumentCache full:https://registry.npmjs.org/react-native-worklets cache-miss
327 http cache https://registry.npmjs.org/react-native-worklets 13ms (cache hit)
328 silly packumentCache full:https://registry.npmjs.org/react-native-worklets set size:3494365 disposed:false
329 silly fetch manifest react-native@0.83 - 0.86
330 silly packumentCache full:https://registry.npmjs.org/react-native cache-miss
331 http cache https://registry.npmjs.org/react-native 24ms (cache hit)
332 silly packumentCache full:https://registry.npmjs.org/react-native set size:15843528 disposed:false
333 silly fetch manifest @react-native/jest-preset@0.86.3
334 silly packumentCache full:https://registry.npmjs.org/@react-native%2fjest-preset cache-miss
335 http fetch GET 200 https://registry.npmjs.org/@react-native%2fjest-preset 675ms (cache miss)
336 silly packumentCache full:https://registry.npmjs.org/@react-native%2fjest-preset set size:undefined disposed:false
337 silly placeDep ROOT @babel/runtime@7.29.7 OK for: expo@57.0.24 want: ^7.20.0
338 silly placeDep ROOT @expo/cli@57.0.26 OK for: expo@57.0.24 want: ^57.0.26
339 silly placeDep ROOT @expo/config@57.0.9 OK for: expo@57.0.24 want: ~57.0.9
340 silly placeDep ROOT @expo/config-plugins@57.0.9 OK for: expo@57.0.24 want: ~57.0.9
341 silly placeDep ROOT @expo/devtools@57.0.1 OK for: expo@57.0.24 want: ~57.0.1
342 silly placeDep ROOT @expo/dom-webview@57.0.1 OK for: expo@57.0.24 want: ~57.0.1
343 silly placeDep ROOT @expo/fingerprint@0.20.13 OK for: expo@57.0.24 want: ^0.20.13
344 silly placeDep ROOT @expo/local-build-cache-provider@57.0.8 OK for: expo@57.0.24 want: ^57.0.8
345 silly placeDep ROOT @expo/log-box@57.0.4 OK for: expo@57.0.24 want: ^57.0.4
346 silly placeDep ROOT @expo/metro@56.0.2 OK for: expo@57.0.24 want: ~56.0.2
347 silly placeDep ROOT @expo/metro-config@57.0.12 OK for: expo@57.0.24 want: ~57.0.12
348 silly placeDep ROOT @ungap/structured-clone@1.4.0 OK for: expo@57.0.24 want: ^1.3.0
349 silly placeDep ROOT babel-preset-expo@57.0.12 OK for: expo@57.0.24 want: ~57.0.12
350 silly placeDep ROOT react-refresh@0.14.2 OK for: babel-preset-expo@57.0.12 want: >=0.14.0 <1.0.0
351 silly placeDep ROOT expo-asset@57.0.18 OK for: expo@57.0.24 want: ~57.0.18
352 silly placeDep ROOT expo-constants@57.0.19 OK for: expo@57.0.24 want: ~57.0.19
353 silly placeDep ROOT expo-file-system@57.0.7 OK for: expo@57.0.24 want: ~57.0.7
354 silly placeDep ROOT expo-font@57.0.4 OK for: expo@57.0.24 want: ~57.0.4
355 silly placeDep ROOT expo-keep-awake@57.0.2 OK for: expo@57.0.24 want: ~57.0.2
356 silly placeDep ROOT expo-modules-autolinking@57.0.13 OK for: expo@57.0.24 want: ~57.0.13
357 silly placeDep ROOT expo-modules-core@57.0.18 OK for: expo@57.0.24 want: ~57.0.18
358 silly placeDep ROOT pretty-format@29.7.0 OK for: expo@57.0.24 want: ^29.7.0
359 silly placeDep ROOT whatwg-url-minimum@0.1.2 OK for: expo@57.0.24 want: ^0.1.2
360 silly fetch manifest ws@^8.12.1
361 silly packumentCache full:https://registry.npmjs.org/ws cache-miss
362 silly fetch manifest arg@^5.0.2
363 silly packumentCache full:https://registry.npmjs.org/arg cache-miss
364 silly fetch manifest ora@^3.4.0
365 silly packumentCache full:https://registry.npmjs.org/ora cache-miss
366 silly fetch manifest zod@^3.25.76
367 silly packumentCache full:https://registry.npmjs.org/zod cache-miss
368 silly fetch manifest glob@^13.0.0
369 silly packumentCache full:https://registry.npmjs.org/glob cache-miss
370 http cache https://registry.npmjs.org/ws 4ms (cache hit)
371 silly packumentCache full:https://registry.npmjs.org/ws set size:447661 disposed:false
372 silly fetch manifest send@^0.19.0
373 silly packumentCache full:https://registry.npmjs.org/send cache-miss
374 http fetch GET 200 https://registry.npmjs.org/ora 648ms (cache miss)
375 silly packumentCache full:https://registry.npmjs.org/ora set size:undefined disposed:false
376 silly fetch manifest toqr@^0.1.1
377 silly packumentCache full:https://registry.npmjs.org/toqr cache-miss
378 http fetch GET 200 https://registry.npmjs.org/arg 824ms (cache miss)
379 silly packumentCache full:https://registry.npmjs.org/arg set size:undefined disposed:false
380 silly fetch manifest chalk@^4.0.0
381 silly packumentCache full:https://registry.npmjs.org/chalk cache-miss
382 http fetch GET 200 https://registry.npmjs.org/send 945ms (cache miss)
383 silly packumentCache full:https://registry.npmjs.org/send set size:undefined disposed:false
384 silly fetch manifest debug@^4.3.4
385 silly packumentCache full:https://registry.npmjs.org/debug cache-miss
386 http fetch GET 200 https://registry.npmjs.org/toqr 331ms (cache miss)
387 silly packumentCache full:https://registry.npmjs.org/toqr set size:undefined disposed:false
388 silly fetch manifest getenv@^2.0.0
389 silly packumentCache full:https://registry.npmjs.org/getenv cache-miss
390 http fetch GET 200 https://registry.npmjs.org/glob 1091ms (cache miss)
391 silly packumentCache full:https://registry.npmjs.org/glob set size:undefined disposed:false
392 silly fetch manifest semver@^7.6.0
393 silly packumentCache full:https://registry.npmjs.org/semver cache-miss
394 http cache https://registry.npmjs.org/semver 4ms (cache hit)
395 silly packumentCache full:https://registry.npmjs.org/semver set size:246128 disposed:false
396 silly fetch manifest accepts@^1.3.8
397 silly packumentCache full:https://registry.npmjs.org/accepts cache-miss
398 http fetch GET 200 https://registry.npmjs.org/getenv 843ms (cache miss)
399 silly packumentCache full:https://registry.npmjs.org/getenv set size:undefined disposed:false
400 silly fetch manifest ci-info@^3.3.0
401 silly packumentCache full:https://registry.npmjs.org/ci-info cache-miss
402 http fetch GET 200 https://registry.npmjs.org/debug 1252ms (cache miss)
403 silly packumentCache full:https://registry.npmjs.org/debug set size:undefined disposed:false
404 silly fetch manifest connect@^3.7.0
405 silly packumentCache full:https://registry.npmjs.org/connect cache-miss
406 http fetch GET 200 https://registry.npmjs.org/accepts 1216ms (cache miss)
407 silly packumentCache full:https://registry.npmjs.org/accepts set size:undefined disposed:false
408 silly fetch manifest prompts@^2.3.2
409 silly packumentCache full:https://registry.npmjs.org/prompts cache-miss
410 http fetch GET 200 https://registry.npmjs.org/chalk 2352ms (cache miss)
411 silly packumentCache full:https://registry.npmjs.org/chalk set size:undefined disposed:false
412 silly fetch manifest slugify@^1.3.4
413 silly packumentCache full:https://registry.npmjs.org/slugify cache-miss
414 http fetch GET 200 https://registry.npmjs.org/ci-info 1538ms (cache miss)
415 silly packumentCache full:https://registry.npmjs.org/ci-info set size:undefined disposed:false
416 silly fetch manifest progress@^2.0.3
417 silly packumentCache full:https://registry.npmjs.org/progress cache-miss
418 http fetch GET 200 https://registry.npmjs.org/slugify 405ms (cache miss)
419 silly packumentCache full:https://registry.npmjs.org/slugify set size:undefined disposed:false
420 silly fetch manifest @expo/env@~2.4.3
421 silly packumentCache full:https://registry.npmjs.org/@expo%2fenv cache-miss
422 http fetch GET 200 https://registry.npmjs.org/progress 278ms (cache miss)
423 silly packumentCache full:https://registry.npmjs.org/progress set size:undefined disposed:false
424 silly fetch manifest multitars@^1.0.2
425 silly packumentCache full:https://registry.npmjs.org/multitars cache-miss
426 http fetch GET 200 https://registry.npmjs.org/prompts 1326ms (cache miss)
427 silly packumentCache full:https://registry.npmjs.org/prompts set size:undefined disposed:false
428 silly fetch manifest picomatch@^4.0.4
429 silly packumentCache full:https://registry.npmjs.org/picomatch cache-miss
430 http fetch GET 200 https://registry.npmjs.org/connect 1447ms (cache miss)
431 silly packumentCache full:https://registry.npmjs.org/connect set size:undefined disposed:false
432 silly fetch manifest wrap-ansi@^7.0.0
433 silly packumentCache full:https://registry.npmjs.org/wrap-ansi cache-miss
434 http fetch GET 200 https://registry.npmjs.org/wrap-ansi 584ms (cache miss)
435 silly packumentCache full:https://registry.npmjs.org/wrap-ansi set size:undefined disposed:false
436 silly fetch manifest node-forge@^1.3.3
437 silly packumentCache full:https://registry.npmjs.org/node-forge cache-miss
438 http fetch GET 200 https://registry.npmjs.org/zod 4246ms (cache miss)
439 silly packumentCache full:https://registry.npmjs.org/zod set size:undefined disposed:false
440 silly fetch manifest @expo/plist@^0.8.1
441 silly packumentCache full:https://registry.npmjs.org/@expo%2fplist cache-miss
442 http fetch GET 200 https://registry.npmjs.org/picomatch 715ms (cache miss)
443 silly packumentCache full:https://registry.npmjs.org/picomatch set size:undefined disposed:false
444 silly fetch manifest compression@^1.7.4
445 silly packumentCache full:https://registry.npmjs.org/compression cache-miss
446 http fetch GET 200 https://registry.npmjs.org/multitars 893ms (cache miss)
447 silly packumentCache full:https://registry.npmjs.org/multitars set size:undefined disposed:false
448 silly fetch manifest expo-server@^57.0.3
449 silly packumentCache full:https://registry.npmjs.org/expo-server cache-miss
450 http fetch GET 200 https://registry.npmjs.org/node-forge 522ms (cache miss)
451 silly packumentCache full:https://registry.npmjs.org/node-forge set size:undefined disposed:false
452 silly fetch manifest lan-network@^0.2.1
453 silly packumentCache full:https://registry.npmjs.org/lan-network cache-miss
454 http fetch GET 200 https://registry.npmjs.org/@expo%2fenv 1300ms (cache miss)
455 silly packumentCache full:https://registry.npmjs.org/@expo%2fenv set size:undefined disposed:false
456 silly fetch manifest resolve-from@^5.0.0
457 silly packumentCache full:https://registry.npmjs.org/resolve-from cache-miss
458 http fetch GET 200 https://registry.npmjs.org/compression 552ms (cache miss)
459 silly packumentCache full:https://registry.npmjs.org/compression set size:undefined disposed:false
460 silly fetch manifest @expo/devcert@^1.2.1
461 silly packumentCache full:https://registry.npmjs.org/@expo%2fdevcert cache-miss
462 http fetch GET 200 https://registry.npmjs.org/@expo%2fplist 674ms (cache miss)
463 silly packumentCache full:https://registry.npmjs.org/@expo%2fplist set size:undefined disposed:false
464 silly fetch manifest bplist-parser@^0.3.1
465 silly packumentCache full:https://registry.npmjs.org/bplist-parser cache-miss
466 http fetch GET 200 https://registry.npmjs.org/expo-server 627ms (cache miss)
467 silly packumentCache full:https://registry.npmjs.org/expo-server set size:undefined disposed:false
468 silly fetch manifest terminal-link@^2.1.1
469 silly packumentCache full:https://registry.npmjs.org/terminal-link cache-miss
470 http fetch GET 200 https://registry.npmjs.org/lan-network 501ms (cache miss)
471 silly packumentCache full:https://registry.npmjs.org/lan-network set size:undefined disposed:false
472 silly fetch manifest @expo/xcpretty@^4.4.4
473 silly packumentCache full:https://registry.npmjs.org/@expo%2fxcpretty cache-miss
474 http fetch GET 200 https://registry.npmjs.org/resolve-from 477ms (cache miss)
475 silly packumentCache full:https://registry.npmjs.org/resolve-from set size:undefined disposed:false
476 silly fetch manifest bplist-creator@0.1.0
477 silly packumentCache full:https://registry.npmjs.org/bplist-creator cache-miss
478 http fetch GET 200 https://registry.npmjs.org/@expo%2fdevcert 525ms (cache miss)
479 silly packumentCache full:https://registry.npmjs.org/@expo%2fdevcert set size:undefined disposed:false
480 silly fetch manifest fetch-nodeshim@^0.4.10
481 silly packumentCache full:https://registry.npmjs.org/fetch-nodeshim cache-miss
482 http fetch GET 200 https://registry.npmjs.org/terminal-link 485ms (cache miss)
483 silly packumentCache full:https://registry.npmjs.org/terminal-link set size:undefined disposed:false
484 silly fetch manifest @expo/json-file@^11.0.1
485 silly packumentCache full:https://registry.npmjs.org/@expo%2fjson-file cache-miss
486 http fetch GET 200 https://registry.npmjs.org/bplist-parser 746ms (cache miss)
487 silly packumentCache full:https://registry.npmjs.org/bplist-parser set size:undefined disposed:false
488 silly fetch manifest @expo/osascript@^2.7.1
489 silly packumentCache full:https://registry.npmjs.org/@expo%2fosascript cache-miss
490 http fetch GET 200 https://registry.npmjs.org/bplist-creator 510ms (cache miss)
491 silly packumentCache full:https://registry.npmjs.org/bplist-creator set size:undefined disposed:false
492 silly fetch manifest @expo/ws-tunnel@^2.0.0
493 silly packumentCache full:https://registry.npmjs.org/@expo%2fws-tunnel cache-miss
494 http fetch GET 200 https://registry.npmjs.org/fetch-nodeshim 717ms (cache miss)
495 silly packumentCache full:https://registry.npmjs.org/fetch-nodeshim set size:undefined disposed:false
496 silly fetch manifest dnssd-advertise@^1.1.4
497 silly packumentCache full:https://registry.npmjs.org/dnssd-advertise cache-miss
498 http fetch GET 200 https://registry.npmjs.org/@expo%2fws-tunnel 411ms (cache miss)
499 silly packumentCache full:https://registry.npmjs.org/@expo%2fws-tunnel set size:undefined disposed:false
500 silly fetch manifest npm-package-arg@^11.0.0
501 silly packumentCache full:https://registry.npmjs.org/npm-package-arg cache-miss
502 http fetch GET 200 https://registry.npmjs.org/@expo%2fxcpretty 1037ms (cache miss)
503 silly packumentCache full:https://registry.npmjs.org/@expo%2fxcpretty set size:undefined disposed:false
504 silly fetch manifest @expo/image-utils@^0.11.5
505 silly packumentCache full:https://registry.npmjs.org/@expo%2fimage-utils cache-miss
506 http fetch GET 200 https://registry.npmjs.org/@expo%2fosascript 814ms (cache miss)
507 silly packumentCache full:https://registry.npmjs.org/@expo%2fosascript set size:undefined disposed:false
508 silly fetch manifest @expo/spawn-async@^1.8.0
509 silly packumentCache full:https://registry.npmjs.org/@expo%2fspawn-async cache-miss
510 http fetch GET 200 https://registry.npmjs.org/dnssd-advertise 345ms (cache miss)
511 silly packumentCache full:https://registry.npmjs.org/dnssd-advertise set size:undefined disposed:false
512 silly fetch manifest @expo/schema-utils@^57.0.2
513 silly packumentCache full:https://registry.npmjs.org/@expo%2fschema-utils cache-miss
514 http fetch GET 200 https://registry.npmjs.org/@expo%2fjson-file 991ms (cache miss)
515 silly packumentCache full:https://registry.npmjs.org/@expo%2fjson-file set size:undefined disposed:false
516 silly fetch manifest agent-cli-detector@0.1.7
517 silly packumentCache full:https://registry.npmjs.org/agent-cli-detector cache-miss
518 http fetch GET 200 https://registry.npmjs.org/npm-package-arg 588ms (cache miss)
519 silly packumentCache full:https://registry.npmjs.org/npm-package-arg set size:undefined disposed:false
520 silly fetch manifest structured-headers@^0.4.1
521 silly packumentCache full:https://registry.npmjs.org/structured-headers cache-miss
522 http fetch GET 200 https://registry.npmjs.org/agent-cli-detector 610ms (cache miss)
523 silly packumentCache full:https://registry.npmjs.org/agent-cli-detector set size:undefined disposed:false
524 silly fetch manifest @expo/require-utils@^57.0.5
525 silly packumentCache full:https://registry.npmjs.org/@expo%2frequire-utils cache-miss
526 http fetch GET 200 https://registry.npmjs.org/@expo%2fspawn-async 867ms (cache miss)
527 silly packumentCache full:https://registry.npmjs.org/@expo%2fspawn-async set size:undefined disposed:false
528 silly fetch manifest @expo/router-server@^57.0.10
529 silly packumentCache full:https://registry.npmjs.org/@expo%2frouter-server cache-miss
530 http fetch GET 200 https://registry.npmjs.org/structured-headers 885ms (cache miss)
531 silly packumentCache full:https://registry.npmjs.org/structured-headers set size:undefined disposed:false
532 silly fetch manifest @expo/inline-modules@^0.1.7
533 silly packumentCache full:https://registry.npmjs.org/@expo%2finline-modules cache-miss
534 http fetch GET 200 https://registry.npmjs.org/@expo%2fschema-utils 1324ms (cache miss)
535 silly packumentCache full:https://registry.npmjs.org/@expo%2fschema-utils set size:undefined disposed:false
536 silly fetch manifest @expo/metro-file-map@^57.0.3
537 silly packumentCache full:https://registry.npmjs.org/@expo%2fmetro-file-map cache-miss
538 http fetch GET 200 https://registry.npmjs.org/@expo%2frouter-server 778ms (cache miss)
539 silly packumentCache full:https://registry.npmjs.org/@expo%2frouter-server set size:undefined disposed:false
540 silly fetch manifest sandbox-cli-detector@^0.2.0
541 silly packumentCache full:https://registry.npmjs.org/sandbox-cli-detector cache-miss
542 http fetch GET 200 https://registry.npmjs.org/@expo%2frequire-utils 1066ms (cache miss)
543 silly packumentCache full:https://registry.npmjs.org/@expo%2frequire-utils set size:undefined disposed:false
544 silly fetch manifest @expo/package-manager@^1.13.1
545 silly packumentCache full:https://registry.npmjs.org/@expo%2fpackage-manager cache-miss
546 http fetch GET 200 https://registry.npmjs.org/@expo%2finline-modules 657ms (cache miss)
547 silly packumentCache full:https://registry.npmjs.org/@expo%2finline-modules set size:undefined disposed:false
548 silly fetch manifest @expo/prebuild-config@^57.0.16
549 silly packumentCache full:https://registry.npmjs.org/@expo%2fprebuild-config cache-miss
550 http fetch GET 200 https://registry.npmjs.org/@expo%2fimage-utils 2252ms (cache miss)
551 silly packumentCache full:https://registry.npmjs.org/@expo%2fimage-utils set size:undefined disposed:false
552 silly fetch manifest @react-native/dev-middleware@0.86.3
553 silly packumentCache full:https://registry.npmjs.org/@react-native%2fdev-middleware cache-miss
554 http fetch GET 200 https://registry.npmjs.org/@expo%2fmetro-file-map 945ms (cache miss)
555 silly packumentCache full:https://registry.npmjs.org/@expo%2fmetro-file-map set size:undefined disposed:false
556 silly fetch manifest @expo/code-signing-certificates@^0.0.6
557 silly packumentCache full:https://registry.npmjs.org/@expo%2fcode-signing-certificates cache-miss
558 http fetch GET 200 https://registry.npmjs.org/sandbox-cli-detector 950ms (cache miss)
559 silly packumentCache full:https://registry.npmjs.org/sandbox-cli-detector set size:undefined disposed:false
560 silly fetch manifest deepmerge@^4.3.1
561 silly packumentCache full:https://registry.npmjs.org/deepmerge cache-miss
562 http fetch GET 200 https://registry.npmjs.org/@expo%2fprebuild-config 1450ms (cache miss)
563 silly packumentCache full:https://registry.npmjs.org/@expo%2fprebuild-config set size:undefined disposed:false
564 silly fetch manifest @expo/config-types@^57.0.2
565 silly packumentCache full:https://registry.npmjs.org/@expo%2fconfig-types cache-miss
566 http fetch GET 200 https://registry.npmjs.org/@expo%2fcode-signing-certificates 1163ms (cache miss)
567 silly packumentCache full:https://registry.npmjs.org/@expo%2fcode-signing-certificates set size:undefined disposed:false
568 silly fetch manifest resolve-workspace-root@^2.0.0
569 silly packumentCache full:https://registry.npmjs.org/resolve-workspace-root cache-miss
570 http fetch GET 200 https://registry.npmjs.org/@expo%2fpackage-manager 1781ms (cache miss)
571 silly packumentCache full:https://registry.npmjs.org/@expo%2fpackage-manager set size:undefined disposed:false
572 silly fetch manifest chalk@^4.1.2
573 silly packumentCache full:https://registry.npmjs.org/chalk cache-miss
574 http cache https://registry.npmjs.org/chalk 4ms (cache hit)
575 silly packumentCache full:https://registry.npmjs.org/chalk set size:134775 disposed:false
576 silly fetch manifest debug@^4.3.5
577 silly packumentCache full:https://registry.npmjs.org/debug cache-miss
578 http cache https://registry.npmjs.org/debug 2ms (cache hit)
579 silly packumentCache full:https://registry.npmjs.org/debug set size:195840 disposed:false
580 silly fetch manifest xcode@^3.0.1
581 silly packumentCache full:https://registry.npmjs.org/xcode cache-miss
582 http fetch GET 200 https://registry.npmjs.org/deepmerge 1045ms (cache miss)
583 silly packumentCache full:https://registry.npmjs.org/deepmerge set size:undefined disposed:false
584 silly fetch manifest semver@^7.5.4
585 silly packumentCache full:https://registry.npmjs.org/semver cache-hit
586 silly fetch manifest xml2js@0.6.0
587 silly packumentCache full:https://registry.npmjs.org/xml2js cache-miss
588 http fetch GET 200 https://registry.npmjs.org/resolve-workspace-root 528ms (cache miss)
589 silly packumentCache full:https://registry.npmjs.org/resolve-workspace-root set size:undefined disposed:false
590 silly fetch manifest slugify@^1.6.6
591 silly packumentCache full:https://registry.npmjs.org/slugify cache-miss
592 http cache https://registry.npmjs.org/slugify 5ms (cache hit)
593 silly packumentCache full:https://registry.npmjs.org/slugify set size:103522 disposed:false
594 silly fetch manifest @expo/json-file@~11.0.1
595 silly packumentCache full:https://registry.npmjs.org/@expo%2fjson-file cache-miss
596 http cache https://registry.npmjs.org/@expo%2fjson-file 6ms (cache hit)
597 silly packumentCache full:https://registry.npmjs.org/@expo%2fjson-file set size:807650 disposed:false
598 silly fetch manifest @expo/config-types@^57.0.2
599 silly packumentCache full:https://registry.npmjs.org/@expo%2fconfig-types cache-miss
600 http fetch GET 200 https://registry.npmjs.org/xml2js 414ms (cache miss)
601 silly packumentCache full:https://registry.npmjs.org/xml2js set size:undefined disposed:false
602 silly fetch manifest @expo/sdk-runtime-versions@^1.0.0
603 silly packumentCache full:https://registry.npmjs.org/@expo%2fsdk-runtime-versions cache-miss
604 http fetch GET 200 https://registry.npmjs.org/@expo%2fsdk-runtime-versions 457ms (cache miss)
605 silly packumentCache full:https://registry.npmjs.org/@expo%2fsdk-runtime-versions set size:undefined disposed:false
606 silly fetch manifest ignore@^5.3.1
607 silly packumentCache full:https://registry.npmjs.org/ignore cache-miss
608 http fetch GET 200 https://registry.npmjs.org/@expo%2fconfig-types 1195ms (cache miss)
609 silly packumentCache full:https://registry.npmjs.org/@expo%2fconfig-types set size:undefined disposed:false
610 silly fetch manifest @expo/env@^2.4.3
611 silly packumentCache full:https://registry.npmjs.org/@expo%2fenv cache-miss
612 http cache https://registry.npmjs.org/@expo%2fenv 7ms (cache hit)
613 silly packumentCache full:https://registry.npmjs.org/@expo%2fenv set size:620255 disposed:false
614 silly fetch manifest minimatch@^10.2.2
615 silly packumentCache full:https://registry.npmjs.org/minimatch cache-miss
616 http fetch GET 200 https://registry.npmjs.org/ignore 469ms (cache miss)
617 silly packumentCache full:https://registry.npmjs.org/ignore set size:undefined disposed:false
618 silly fetch manifest metro@0.84.5
619 silly packumentCache full:https://registry.npmjs.org/metro cache-miss
620 http fetch GET 200 https://registry.npmjs.org/minimatch 700ms (cache miss)
621 silly packumentCache full:https://registry.npmjs.org/minimatch set size:undefined disposed:false
622 silly fetch manifest metro-core@0.84.5
623 silly packumentCache full:https://registry.npmjs.org/metro-core cache-miss
624 http fetch GET 200 https://registry.npmjs.org/@expo%2fconfig-types 1904ms (cache miss)
625 silly packumentCache full:https://registry.npmjs.org/@expo%2fconfig-types set size:undefined disposed:false
626 silly fetch manifest metro-cache@0.84.5
627 silly packumentCache full:https://registry.npmjs.org/metro-cache cache-miss
628 http fetch GET 200 https://registry.npmjs.org/metro 1603ms (cache miss)
629 silly packumentCache full:https://registry.npmjs.org/metro set size:undefined disposed:false
630 silly fetch manifest metro-config@0.84.5
631 silly packumentCache full:https://registry.npmjs.org/metro-config cache-miss
632 http fetch GET 200 https://registry.npmjs.org/metro-core 1326ms (cache miss)
633 silly packumentCache full:https://registry.npmjs.org/metro-core set size:undefined disposed:false
634 silly fetch manifest metro-runtime@0.84.5
635 silly packumentCache full:https://registry.npmjs.org/metro-runtime cache-miss
636 http cache https://registry.npmjs.org/metro-runtime 2ms (cache hit)
637 silly packumentCache full:https://registry.npmjs.org/metro-runtime set size:234837 disposed:false
638 silly fetch manifest metro-file-map@0.84.5
639 silly packumentCache full:https://registry.npmjs.org/metro-file-map cache-miss
640 http fetch GET 200 https://registry.npmjs.org/metro-file-map 444ms (cache miss)
641 silly packumentCache full:https://registry.npmjs.org/metro-file-map set size:undefined disposed:false
642 silly fetch manifest metro-resolver@0.84.5
643 silly packumentCache full:https://registry.npmjs.org/metro-resolver cache-miss
644 http fetch GET 200 https://registry.npmjs.org/metro-config 814ms (cache miss)
645 silly packumentCache full:https://registry.npmjs.org/metro-config set size:undefined disposed:false
646 silly fetch manifest metro-cache-key@0.84.5
647 silly packumentCache full:https://registry.npmjs.org/metro-cache-key cache-miss
648 http fetch GET 200 https://registry.npmjs.org/metro-resolver 1295ms (cache miss)
649 silly packumentCache full:https://registry.npmjs.org/metro-resolver set size:undefined disposed:false
650 silly fetch manifest metro-source-map@0.84.5
651 silly packumentCache full:https://registry.npmjs.org/metro-source-map cache-miss
652 http cache https://registry.npmjs.org/metro-source-map 2ms (cache hit)
653 silly packumentCache full:https://registry.npmjs.org/metro-source-map set size:441861 disposed:false
654 silly fetch manifest metro-symbolicate@0.84.5
655 silly packumentCache full:https://registry.npmjs.org/metro-symbolicate cache-miss
656 http fetch GET 200 https://registry.npmjs.org/metro-cache 2691ms (cache miss)
657 silly packumentCache full:https://registry.npmjs.org/metro-cache set size:undefined disposed:false
658 silly fetch manifest metro-minify-terser@0.84.5
659 silly packumentCache full:https://registry.npmjs.org/metro-minify-terser cache-miss
660 http fetch GET 200 https://registry.npmjs.org/metro-cache-key 1282ms (cache miss)
661 silly packumentCache full:https://registry.npmjs.org/metro-cache-key set size:undefined disposed:false
662 silly fetch manifest metro-transform-worker@0.84.5
663 silly packumentCache full:https://registry.npmjs.org/metro-transform-worker cache-miss
664 http fetch GET 200 https://registry.npmjs.org/metro-symbolicate 682ms (cache miss)
665 silly packumentCache full:https://registry.npmjs.org/metro-symbolicate set size:undefined disposed:false
666 silly fetch manifest metro-babel-transformer@0.84.5
667 silly packumentCache full:https://registry.npmjs.org/metro-babel-transformer cache-miss
668 http fetch GET 200 https://registry.npmjs.org/metro-transform-worker 1221ms (cache miss)
669 silly packumentCache full:https://registry.npmjs.org/metro-transform-worker set size:undefined disposed:false
670 silly fetch manifest metro-transform-plugins@0.84.5
671 silly packumentCache full:https://registry.npmjs.org/metro-transform-plugins cache-miss
672 http fetch GET 200 https://registry.npmjs.org/metro-babel-transformer 1017ms (cache miss)
673 silly packumentCache full:https://registry.npmjs.org/metro-babel-transformer set size:undefined disposed:false
674 silly fetch manifest chalk@^4.1.0
675 silly packumentCache full:https://registry.npmjs.org/chalk cache-hit
676 silly fetch manifest debug@^4.3.2
677 silly packumentCache full:https://registry.npmjs.org/debug cache-hit
678 silly fetch manifest postcss@^8.5.14
679 silly packumentCache full:https://registry.npmjs.org/postcss cache-miss
680 http fetch GET 200 https://registry.npmjs.org/@react-native%2fdev-middleware 8097ms (cache miss)
681 silly packumentCache full:https://registry.npmjs.org/@react-native%2fdev-middleware set size:undefined disposed:false
682 silly fetch manifest @babel/core@^7.20.0
683 silly packumentCache full:https://registry.npmjs.org/@babel%2fcore cache-miss
684 http cache https://registry.npmjs.org/@babel%2fcore 5ms (cache hit)
685 silly packumentCache full:https://registry.npmjs.org/@babel%2fcore set size:797193 disposed:false
686 silly fetch manifest browserslist@^4.25.0
687 silly packumentCache full:https://registry.npmjs.org/browserslist cache-miss
688 http fetch GET 200 https://registry.npmjs.org/xcode 6792ms (cache miss)
689 silly packumentCache full:https://registry.npmjs.org/xcode set size:undefined disposed:false
690 silly fetch manifest jsc-safe-url@^0.2.4
691 silly packumentCache full:https://registry.npmjs.org/jsc-safe-url cache-miss
692 http fetch GET 200 https://registry.npmjs.org/metro-transform-plugins 821ms (cache miss)
693 silly packumentCache full:https://registry.npmjs.org/metro-transform-plugins set size:undefined disposed:false
694 silly fetch manifest lightningcss@^1.30.1
695 silly packumentCache full:https://registry.npmjs.org/lightningcss cache-miss
696 http fetch GET 200 https://registry.npmjs.org/metro-minify-terser 2696ms (cache miss)
697 silly packumentCache full:https://registry.npmjs.org/metro-minify-terser set size:undefined disposed:false
698 silly fetch manifest hermes-parser@^0.36.0
699 silly packumentCache full:https://registry.npmjs.org/hermes-parser cache-miss
700 http fetch GET 200 https://registry.npmjs.org/lightningcss 1173ms (cache miss)
701 silly packumentCache full:https://registry.npmjs.org/lightningcss set size:undefined disposed:false
702 silly fetch manifest @babel/generator@^7.20.5
703 silly packumentCache full:https://registry.npmjs.org/@babel%2fgenerator cache-miss
704 http fetch GET 200 https://registry.npmjs.org/jsc-safe-url 1591ms (cache miss)
705 silly packumentCache full:https://registry.npmjs.org/jsc-safe-url set size:undefined disposed:false
706 silly fetch manifest @babel/code-frame@^7.20.0
707 silly packumentCache full:https://registry.npmjs.org/@babel%2fcode-frame cache-miss
708 http fetch GET 200 https://registry.npmjs.org/postcss 2557ms (cache miss)
709 silly packumentCache full:https://registry.npmjs.org/postcss set size:undefined disposed:false
710 silly fetch manifest @jridgewell/remapping@^2.3.5
711 silly packumentCache full:https://registry.npmjs.org/@jridgewell%2fremapping cache-miss
712 http fetch GET 200 https://registry.npmjs.org/hermes-parser 1971ms (cache miss)
713 silly packumentCache full:https://registry.npmjs.org/hermes-parser set size:undefined disposed:false
714 silly fetch manifest @jridgewell/gen-mapping@^0.3.13
715 silly packumentCache full:https://registry.npmjs.org/@jridgewell%2fgen-mapping cache-miss
716 http fetch GET 200 https://registry.npmjs.org/@babel%2fcode-frame 1362ms (cache miss)
717 silly packumentCache full:https://registry.npmjs.org/@babel%2fcode-frame set size:undefined disposed:false
718 silly fetch manifest @jridgewell/sourcemap-codec@^1.5.5
719 silly packumentCache full:https://registry.npmjs.org/@jridgewell%2fsourcemap-codec cache-miss
720 http fetch GET 200 https://registry.npmjs.org/@babel%2fgenerator 2177ms (cache miss)
721 silly packumentCache full:https://registry.npmjs.org/@babel%2fgenerator set size:undefined disposed:false
722 silly fetch manifest @babel/preset-typescript@^7.23.0
723 silly packumentCache full:https://registry.npmjs.org/@babel%2fpreset-typescript cache-miss
724 http fetch GET 200 https://registry.npmjs.org/@jridgewell%2fremapping 1520ms (cache miss)
725 silly packumentCache full:https://registry.npmjs.org/@jridgewell%2fremapping set size:undefined disposed:false
726 silly fetch manifest babel-plugin-react-compiler@^1.0.0
727 silly packumentCache full:https://registry.npmjs.org/babel-plugin-react-compiler cache-miss
728 http fetch GET 200 https://registry.npmjs.org/@jridgewell%2fgen-mapping 1206ms (cache miss)
729 silly packumentCache full:https://registry.npmjs.org/@jridgewell%2fgen-mapping set size:undefined disposed:false
730 silly fetch manifest @babel/helper-module-imports@^7.25.9
731 silly packumentCache full:https://registry.npmjs.org/@babel%2fhelper-module-imports cache-miss
732 http fetch GET 200 https://registry.npmjs.org/@jridgewell%2fsourcemap-codec 1157ms (cache miss)
733 silly packumentCache full:https://registry.npmjs.org/@jridgewell%2fsourcemap-codec set size:undefined disposed:false
734 silly fetch manifest babel-plugin-react-native-web@~0.21.0
735 silly packumentCache full:https://registry.npmjs.org/babel-plugin-react-native-web cache-miss
736 http fetch GET 200 https://registry.npmjs.org/browserslist 5267ms (cache miss)
737 silly packumentCache full:https://registry.npmjs.org/browserslist set size:undefined disposed:false
738 silly fetch manifest @babel/plugin-transform-for-of@^7.24.7
739 silly packumentCache full:https://registry.npmjs.org/@babel%2fplugin-transform-for-of cache-miss
740 http fetch GET 200 https://registry.npmjs.org/babel-plugin-react-compiler 2693ms (cache miss)
741 silly packumentCache full:https://registry.npmjs.org/babel-plugin-react-compiler set size:undefined disposed:false
742 silly fetch manifest @babel/plugin-transform-classes@^7.25.4
743 silly packumentCache full:https://registry.npmjs.org/@babel%2fplugin-transform-classes cache-miss
744 http fetch GET 200 https://registry.npmjs.org/babel-plugin-react-native-web 2594ms (cache miss)
745 silly packumentCache full:https://registry.npmjs.org/babel-plugin-react-native-web set size:undefined disposed:false
746 silly fetch manifest @babel/plugin-transform-runtime@^7.24.7
747 silly packumentCache full:https://registry.npmjs.org/@babel%2fplugin-transform-runtime cache-miss
748 http fetch GET 200 https://registry.npmjs.org/@babel%2fpreset-typescript 3380ms (cache miss)
749 silly packumentCache full:https://registry.npmjs.org/@babel%2fpreset-typescript set size:undefined disposed:false
750 silly fetch manifest @babel/plugin-proposal-decorators@^7.12.9
751 silly packumentCache full:https://registry.npmjs.org/@babel%2fplugin-proposal-decorators cache-miss
752 http fetch GET 200 https://registry.npmjs.org/@babel%2fhelper-module-imports 3440ms (cache miss)
753 silly packumentCache full:https://registry.npmjs.org/@babel%2fhelper-module-imports set size:undefined disposed:false
754 silly fetch manifest @babel/plugin-transform-react-jsx@^7.28.6
755 silly packumentCache full:https://registry.npmjs.org/@babel%2fplugin-transform-react-jsx cache-miss
756 http fetch GET 200 https://registry.npmjs.org/@babel%2fplugin-transform-for-of 2756ms (cache miss)
757 silly packumentCache full:https://registry.npmjs.org/@babel%2fplugin-transform-for-of set size:undefined disposed:false
758 silly fetch manifest babel-plugin-syntax-hermes-parser@^0.36.0
759 silly packumentCache full:https://registry.npmjs.org/babel-plugin-syntax-hermes-parser cache-miss
760 http cache https://registry.npmjs.org/babel-plugin-syntax-hermes-parser 3ms (cache hit)
761 silly packumentCache full:https://registry.npmjs.org/babel-plugin-syntax-hermes-parser set size:108082 disposed:false
762 silly fetch manifest babel-plugin-transform-flow-enums@^0.0.2
763 silly packumentCache full:https://registry.npmjs.org/babel-plugin-transform-flow-enums cache-miss
764 http fetch GET 200 https://registry.npmjs.org/@babel%2fplugin-transform-runtime 2648ms (cache miss)
765 silly packumentCache full:https://registry.npmjs.org/@babel%2fplugin-transform-runtime set size:undefined disposed:false
766 silly fetch manifest @babel/plugin-transform-parameters@^7.24.7
767 silly packumentCache full:https://registry.npmjs.org/@babel%2fplugin-transform-parameters cache-miss
768 http fetch GET 200 https://registry.npmjs.org/@babel%2fplugin-proposal-decorators 2698ms (cache miss)
769 silly packumentCache full:https://registry.npmjs.org/@babel%2fplugin-proposal-decorators set size:undefined disposed:false
770 silly fetch manifest @babel/plugin-transform-typescript@^7.25.2
771 silly packumentCache full:https://registry.npmjs.org/@babel%2fplugin-transform-typescript cache-miss
772 http fetch GET 200 https://registry.npmjs.org/@babel%2fplugin-transform-classes 3487ms (cache miss)
773 silly packumentCache full:https://registry.npmjs.org/@babel%2fplugin-transform-classes set size:undefined disposed:false
774 silly fetch manifest @react-native/babel-plugin-codegen@0.86.3
775 silly packumentCache full:https://registry.npmjs.org/@react-native%2fbabel-plugin-codegen cache-miss
776 http fetch GET 200 https://registry.npmjs.org/babel-plugin-transform-flow-enums 2538ms (cache miss)
777 silly packumentCache full:https://registry.npmjs.org/babel-plugin-transform-flow-enums set size:undefined disposed:false
778 silly fetch manifest @babel/plugin-syntax-dynamic-import@^7.8.3
779 silly packumentCache full:https://registry.npmjs.org/@babel%2fplugin-syntax-dynamic-import cache-miss
780 http fetch GET 200 https://registry.npmjs.org/@babel%2fplugin-transform-react-jsx 3522ms (cache miss)
781 silly packumentCache full:https://registry.npmjs.org/@babel%2fplugin-transform-react-jsx set size:undefined disposed:false
782 silly fetch manifest @babel/plugin-transform-block-scoping@^7.25.0
783 silly packumentCache full:https://registry.npmjs.org/@babel%2fplugin-transform-block-scoping cache-miss
784 http fetch GET 200 https://registry.npmjs.org/@babel%2fplugin-transform-parameters 2100ms (cache miss)
785 silly packumentCache full:https://registry.npmjs.org/@babel%2fplugin-transform-parameters set size:undefined disposed:false
786 silly fetch manifest @babel/plugin-transform-destructuring@^7.24.8
787 silly packumentCache full:https://registry.npmjs.org/@babel%2fplugin-transform-destructuring cache-miss
788 http fetch GET 200 https://registry.npmjs.org/@babel%2fplugin-transform-typescript 2407ms (cache miss)
789 silly packumentCache full:https://registry.npmjs.org/@babel%2fplugin-transform-typescript set size:undefined disposed:false
790 silly fetch manifest @babel/plugin-transform-unicode-regex@^7.24.7
791 silly packumentCache full:https://registry.npmjs.org/@babel%2fplugin-transform-unicode-regex cache-miss
792 http fetch GET 200 https://registry.npmjs.org/@babel%2fplugin-syntax-dynamic-import 2695ms (cache miss)
793 silly packumentCache full:https://registry.npmjs.org/@babel%2fplugin-syntax-dynamic-import set size:undefined disposed:false
794 silly fetch manifest @babel/plugin-syntax-optional-chaining@^7.8.3
795 silly packumentCache full:https://registry.npmjs.org/@babel%2fplugin-syntax-optional-chaining cache-miss
796 http fetch GET 200 https://registry.npmjs.org/@babel%2fplugin-transform-destructuring 1807ms (cache miss)
797 silly packumentCache full:https://registry.npmjs.org/@babel%2fplugin-transform-destructuring set size:undefined disposed:false
798 silly fetch manifest @babel/plugin-transform-private-methods@^7.24.7
799 silly packumentCache full:https://registry.npmjs.org/@babel%2fplugin-transform-private-methods cache-miss
800 http fetch GET 200 https://registry.npmjs.org/@babel%2fplugin-transform-block-scoping 3691ms (cache miss)
801 silly packumentCache full:https://registry.npmjs.org/@babel%2fplugin-transform-block-scoping set size:undefined disposed:false
802 silly fetch manifest @babel/plugin-syntax-export-default-from@^7.24.7
803 silly packumentCache full:https://registry.npmjs.org/@babel%2fplugin-syntax-export-default-from cache-miss
804 http fetch GET 200 https://registry.npmjs.org/@babel%2fplugin-transform-unicode-regex 2893ms (cache miss)
805 silly packumentCache full:https://registry.npmjs.org/@babel%2fplugin-transform-unicode-regex set size:undefined disposed:false
806 silly fetch manifest @babel/plugin-transform-class-properties@^7.25.4
807 silly packumentCache full:https://registry.npmjs.org/@babel%2fplugin-transform-class-properties cache-miss
808 http fetch GET 200 https://registry.npmjs.org/@babel%2fplugin-syntax-optional-chaining 2467ms (cache miss)
809 silly packumentCache full:https://registry.npmjs.org/@babel%2fplugin-syntax-optional-chaining set size:undefined disposed:false
810 silly fetch manifest @babel/plugin-transform-flow-strip-types@^7.25.2
811 silly packumentCache full:https://registry.npmjs.org/@babel%2fplugin-transform-flow-strip-types cache-miss
812 http fetch GET 200 https://registry.npmjs.org/@react-native%2fbabel-plugin-codegen 5577ms (cache miss)
813 silly packumentCache full:https://registry.npmjs.org/@react-native%2fbabel-plugin-codegen set size:undefined disposed:false
814 silly fetch manifest @babel/plugin-transform-modules-commonjs@^7.24.8
815 silly packumentCache full:https://registry.npmjs.org/@babel%2fplugin-transform-modules-commonjs cache-miss
816 http fetch GET 200 https://registry.npmjs.org/@babel%2fplugin-transform-private-methods 2413ms (cache miss)
817 silly packumentCache full:https://registry.npmjs.org/@babel%2fplugin-transform-private-methods set size:undefined disposed:false
818 silly fetch manifest @babel/plugin-transform-optional-chaining@^7.24.8
819 silly packumentCache full:https://registry.npmjs.org/@babel%2fplugin-transform-optional-chaining cache-miss
820 http fetch GET 200 https://registry.npmjs.org/@babel%2fplugin-transform-class-properties 1790ms (cache miss)
821 silly packumentCache full:https://registry.npmjs.org/@babel%2fplugin-transform-class-properties set size:undefined disposed:false
822 silly fetch manifest @babel/plugin-proposal-export-default-from@^7.24.7
823 silly packumentCache full:https://registry.npmjs.org/@babel%2fplugin-proposal-export-default-from cache-miss
824 http fetch GET 200 https://registry.npmjs.org/@babel%2fplugin-transform-optional-chaining 1881ms (cache miss)
825 silly packumentCache full:https://registry.npmjs.org/@babel%2fplugin-transform-optional-chaining set size:undefined disposed:false
826 silly fetch manifest @babel/plugin-transform-async-to-generator@^7.24.7
827 silly packumentCache full:https://registry.npmjs.org/@babel%2fplugin-transform-async-to-generator cache-miss
828 http fetch GET 200 https://registry.npmjs.org/@babel%2fplugin-syntax-export-default-from 2984ms (cache miss)
829 silly packumentCache full:https://registry.npmjs.org/@babel%2fplugin-syntax-export-default-from set size:undefined disposed:false
830 silly fetch manifest @babel/plugin-transform-class-static-block@^7.27.1
831 silly packumentCache full:https://registry.npmjs.org/@babel%2fplugin-transform-class-static-block cache-miss
832 http fetch GET 200 https://registry.npmjs.org/@babel%2fplugin-transform-flow-strip-types 2297ms (cache miss)
833 silly packumentCache full:https://registry.npmjs.org/@babel%2fplugin-transform-flow-strip-types set size:undefined disposed:false
834 silly fetch manifest @babel/plugin-transform-object-rest-spread@^7.24.7
835 silly packumentCache full:https://registry.npmjs.org/@babel%2fplugin-transform-object-rest-spread cache-miss
836 http fetch GET 200 https://registry.npmjs.org/@babel%2fplugin-transform-modules-commonjs 2883ms (cache miss)
837 silly packumentCache full:https://registry.npmjs.org/@babel%2fplugin-transform-modules-commonjs set size:undefined disposed:false
838 silly fetch manifest @babel/plugin-transform-react-display-name@^7.24.7
839 silly packumentCache full:https://registry.npmjs.org/@babel%2fplugin-transform-react-display-name cache-miss
840 http fetch GET 200 https://registry.npmjs.org/@babel%2fplugin-proposal-export-default-from 2643ms (cache miss)
841 silly packumentCache full:https://registry.npmjs.org/@babel%2fplugin-proposal-export-default-from set size:undefined disposed:false
842 silly fetch manifest @babel/plugin-transform-export-namespace-from@^7.25.9
843 silly packumentCache full:https://registry.npmjs.org/@babel%2fplugin-transform-export-namespace-from cache-miss
844 http fetch GET 200 https://registry.npmjs.org/@babel%2fplugin-transform-object-rest-spread 1775ms (cache miss)
845 silly packumentCache full:https://registry.npmjs.org/@babel%2fplugin-transform-object-rest-spread set size:undefined disposed:false
846 silly fetch manifest @babel/plugin-transform-react-jsx-development@^7.27.1
847 silly packumentCache full:https://registry.npmjs.org/@babel%2fplugin-transform-react-jsx-development cache-miss
848 http fetch GET 200 https://registry.npmjs.org/@babel%2fplugin-transform-class-static-block 2138ms (cache miss)
849 silly packumentCache full:https://registry.npmjs.org/@babel%2fplugin-transform-class-static-block set size:undefined disposed:false
850 silly fetch manifest @babel/plugin-transform-optional-catch-binding@^7.24.7
851 silly packumentCache full:https://registry.npmjs.org/@babel%2fplugin-transform-optional-catch-binding cache-miss
852 http fetch GET 200 https://registry.npmjs.org/@babel%2fplugin-transform-async-to-generator 2283ms (cache miss)
853 silly packumentCache full:https://registry.npmjs.org/@babel%2fplugin-transform-async-to-generator set size:undefined disposed:false
854 silly fetch manifest @babel/plugin-transform-react-pure-annotations@^7.27.1
855 silly packumentCache full:https://registry.npmjs.org/@babel%2fplugin-transform-react-pure-annotations cache-miss
856 http fetch GET 200 https://registry.npmjs.org/@babel%2fplugin-transform-react-display-name 2631ms (cache miss)
857 silly packumentCache full:https://registry.npmjs.org/@babel%2fplugin-transform-react-display-name set size:undefined disposed:false
858 silly fetch manifest @babel/plugin-syntax-nullish-coalescing-operator@^7.8.3
859 silly packumentCache full:https://registry.npmjs.org/@babel%2fplugin-syntax-nullish-coalescing-operator cache-miss
860 http fetch GET 200 https://registry.npmjs.org/@babel%2fplugin-transform-react-jsx-development 2226ms (cache miss)
861 silly packumentCache full:https://registry.npmjs.org/@babel%2fplugin-transform-react-jsx-development set size:undefined disposed:false
862 silly fetch manifest @babel/plugin-transform-async-generator-functions@^7.25.4
863 silly packumentCache full:https://registry.npmjs.org/@babel%2fplugin-transform-async-generator-functions cache-miss
864 http fetch GET 200 https://registry.npmjs.org/@babel%2fplugin-transform-react-pure-annotations 1942ms (cache miss)
865 silly packumentCache full:https://registry.npmjs.org/@babel%2fplugin-transform-react-pure-annotations set size:undefined disposed:false
866 silly fetch manifest @babel/plugin-transform-private-property-in-object@^7.24.7
867 silly packumentCache full:https://registry.npmjs.org/@babel%2fplugin-transform-private-property-in-object cache-miss
868 http fetch GET 200 https://registry.npmjs.org/@babel%2fplugin-transform-optional-catch-binding 2560ms (cache miss)
869 silly packumentCache full:https://registry.npmjs.org/@babel%2fplugin-transform-optional-catch-binding set size:undefined disposed:false
870 silly fetch manifest @babel/plugin-transform-nullish-coalescing-operator@^7.24.7
871 silly packumentCache full:https://registry.npmjs.org/@babel%2fplugin-transform-nullish-coalescing-operator cache-miss
872 http fetch GET 200 https://registry.npmjs.org/@babel%2fplugin-transform-export-namespace-from 2903ms (cache miss)
873 silly packumentCache full:https://registry.npmjs.org/@babel%2fplugin-transform-export-namespace-from set size:undefined disposed:false
874 silly fetch manifest @babel/plugin-transform-logical-assignment-operators@^7.24.7
875 silly packumentCache full:https://registry.npmjs.org/@babel%2fplugin-transform-logical-assignment-operators cache-miss
876 http fetch GET 200 https://registry.npmjs.org/@babel%2fplugin-transform-private-property-in-object 2966ms (cache miss)
877 silly packumentCache full:https://registry.npmjs.org/@babel%2fplugin-transform-private-property-in-object set size:undefined disposed:false
878 silly fetch manifest @babel/plugin-transform-named-capturing-groups-regex@^7.24.7
879 silly packumentCache full:https://registry.npmjs.org/@babel%2fplugin-transform-named-capturing-groups-regex cache-miss
880 http fetch GET 200 https://registry.npmjs.org/@babel%2fplugin-transform-nullish-coalescing-operator 2389ms (cache miss)
881 silly packumentCache full:https://registry.npmjs.org/@babel%2fplugin-transform-nullish-coalescing-operator set size:undefined disposed:false
882 silly fetch manifest fontfaceobserver@^2.1.0
883 silly packumentCache full:https://registry.npmjs.org/fontfaceobserver cache-miss
884 http fetch GET 200 https://registry.npmjs.org/@babel%2fplugin-transform-logical-assignment-operators 2422ms (cache miss)
885 silly packumentCache full:https://registry.npmjs.org/@babel%2fplugin-transform-logical-assignment-operators set size:undefined disposed:false
886 silly fetch manifest commander@^7.2.0
887 silly packumentCache full:https://registry.npmjs.org/commander cache-miss
888 http cache https://registry.npmjs.org/commander 3ms (cache hit)
889 silly packumentCache full:https://registry.npmjs.org/commander set size:353104 disposed:false
890 silly fetch manifest expo-modules-jsi@~57.1.0
891 silly packumentCache full:https://registry.npmjs.org/expo-modules-jsi cache-miss
892 http fetch GET 200 https://registry.npmjs.org/@babel%2fplugin-syntax-nullish-coalescing-operator 3855ms (cache miss)
893 silly packumentCache full:https://registry.npmjs.org/@babel%2fplugin-syntax-nullish-coalescing-operator set size:undefined disposed:false
894 silly fetch manifest @expo/expo-modules-macros-plugin@0.6.1
895 silly packumentCache full:https://registry.npmjs.org/@expo%2fexpo-modules-macros-plugin cache-miss
896 http fetch GET 200 https://registry.npmjs.org/@babel%2fplugin-transform-async-generator-functions 3154ms (cache miss)
897 silly packumentCache full:https://registry.npmjs.org/@babel%2fplugin-transform-async-generator-functions set size:undefined disposed:false
898 silly fetch manifest react-is@^18.0.0
899 silly packumentCache full:https://registry.npmjs.org/react-is cache-miss
900 http fetch GET 200 https://registry.npmjs.org/fontfaceobserver 1148ms (cache miss)
901 silly packumentCache full:https://registry.npmjs.org/fontfaceobserver set size:undefined disposed:false
902 silly fetch manifest ansi-styles@^5.0.0
903 silly packumentCache full:https://registry.npmjs.org/ansi-styles cache-miss
904 http fetch GET 200 https://registry.npmjs.org/@expo%2fexpo-modules-macros-plugin 1214ms (cache miss)
905 silly packumentCache full:https://registry.npmjs.org/@expo%2fexpo-modules-macros-plugin set size:undefined disposed:false
906 silly fetch manifest @jest/schemas@^29.6.3
907 silly packumentCache full:https://registry.npmjs.org/@jest%2fschemas cache-miss
908 http fetch GET 200 https://registry.npmjs.org/expo-modules-jsi 1301ms (cache miss)
909 silly packumentCache full:https://registry.npmjs.org/expo-modules-jsi set size:undefined disposed:false
910 http fetch GET 200 https://registry.npmjs.org/@babel%2fplugin-transform-named-capturing-groups-regex 1487ms (cache miss)
911 silly packumentCache full:https://registry.npmjs.org/@babel%2fplugin-transform-named-capturing-groups-regex set size:undefined disposed:false
912 http fetch GET 200 https://registry.npmjs.org/ansi-styles 994ms (cache miss)
913 silly packumentCache full:https://registry.npmjs.org/ansi-styles set size:undefined disposed:false
914 http fetch GET 200 https://registry.npmjs.org/@jest%2fschemas 1176ms (cache miss)
915 silly packumentCache full:https://registry.npmjs.org/@jest%2fschemas set size:undefined disposed:false
916 http fetch GET 200 https://registry.npmjs.org/react-is 11692ms (cache miss)
917 silly packumentCache full:https://registry.npmjs.org/react-is set size:undefined disposed:false
918 silly fetch manifest bufferutil@^4.0.1
919 silly packumentCache full:https://registry.npmjs.org/bufferutil cache-miss
920 http fetch GET 200 https://registry.npmjs.org/bufferutil 322ms (cache miss)
921 silly packumentCache full:https://registry.npmjs.org/bufferutil set size:undefined disposed:false
922 silly fetch manifest utf-8-validate@>=5.0.2
923 silly packumentCache full:https://registry.npmjs.org/utf-8-validate cache-miss
924 http fetch GET 200 https://registry.npmjs.org/utf-8-validate 376ms (cache miss)
925 silly packumentCache full:https://registry.npmjs.org/utf-8-validate set size:undefined disposed:false
926 silly fetch manifest typescript@^5.0.0 || ^5.0.0-0 || ^6.0.0 || ^7.0.0
927 silly packumentCache full:https://registry.npmjs.org/typescript cache-miss
928 http fetch GET 200 https://registry.npmjs.org/typescript 29505ms (cache miss)
929 silly packumentCache full:https://registry.npmjs.org/typescript set size:undefined disposed:false
930 silly fetch manifest @expo/metro-runtime@^57.0.15
931 silly packumentCache full:https://registry.npmjs.org/@expo%2fmetro-runtime cache-miss
932 http cache https://registry.npmjs.org/@expo%2fmetro-runtime 10ms (cache hit)
933 silly packumentCache full:https://registry.npmjs.org/@expo%2fmetro-runtime set size:845029 disposed:false
934 silly fetch manifest expo-constants@^57.0.18
935 silly packumentCache full:https://registry.npmjs.org/expo-constants cache-miss
936 http cache https://registry.npmjs.org/expo-constants 3ms (cache hit)
937 silly packumentCache full:https://registry.npmjs.org/expo-constants set size:1248925 disposed:false
938 silly fetch manifest expo-font@^57.0.4
939 silly packumentCache full:https://registry.npmjs.org/expo-font cache-miss
940 http cache https://registry.npmjs.org/expo-font 3ms (cache hit)
941 silly packumentCache full:https://registry.npmjs.org/expo-font set size:1017025 disposed:false
942 silly placeDep ROOT @expo/code-signing-certificates@0.0.6 OK for: @expo/cli@57.0.26 want: ^0.0.6
943 silly placeDep ROOT @expo/devcert@1.2.1 OK for: @expo/cli@57.0.26 want: ^1.2.1
944 silly placeDep ROOT @expo/env@2.4.3 OK for: @expo/cli@57.0.26 want: ~2.4.3
945 silly placeDep ROOT @expo/image-utils@0.11.5 OK for: @expo/cli@57.0.26 want: ^0.11.5
946 silly placeDep ROOT @expo/inline-modules@0.1.7 OK for: @expo/cli@57.0.26 want: ^0.1.7
947 silly placeDep ROOT @expo/json-file@11.0.1 OK for: @expo/cli@57.0.26 want: ^11.0.1
948 silly placeDep ROOT @expo/metro-file-map@57.0.3 OK for: @expo/cli@57.0.26 want: ^57.0.3
949 silly placeDep ROOT @expo/osascript@2.7.1 OK for: @expo/cli@57.0.26 want: ^2.7.1
950 silly placeDep ROOT @expo/package-manager@1.13.1 OK for: @expo/cli@57.0.26 want: ^1.13.1
951 silly placeDep ROOT @expo/plist@0.8.1 OK for: @expo/cli@57.0.26 want: ^0.8.1
952 silly placeDep ROOT @expo/prebuild-config@57.0.16 OK for: @expo/cli@57.0.26 want: ^57.0.16
953 silly placeDep ROOT @expo/require-utils@57.0.5 OK for: @expo/cli@57.0.26 want: ^57.0.5
954 silly placeDep ROOT @expo/router-server@57.0.10 OK for: @expo/cli@57.0.26 want: ^57.0.10
955 silly placeDep ROOT expo-server@57.0.3 OK for: @expo/router-server@57.0.10 want: ^57.0.3
956 silly placeDep ROOT @expo/schema-utils@57.0.2 OK for: @expo/cli@57.0.26 want: ^57.0.2
957 silly placeDep ROOT @expo/spawn-async@1.8.0 OK for: @expo/cli@57.0.26 want: ^1.8.0
958 silly placeDep ROOT @expo/ws-tunnel@2.0.0 OK for: @expo/cli@57.0.26 want: ^2.0.0
959 silly placeDep ROOT ws@8.21.3 OK for: @expo/ws-tunnel@2.0.0 want: ^8.0.0
960 silly placeDep ROOT @expo/xcpretty@4.4.5 OK for: @expo/cli@57.0.26 want: ^4.4.4
961 silly placeDep ROOT @react-native/dev-middleware@0.86.3 OK for: @expo/cli@57.0.26 want: 0.86.3
962 silly placeDep ROOT accepts@1.3.8 OK for: @expo/cli@57.0.26 want: ^1.3.8
963 silly placeDep ROOT agent-cli-detector@0.1.7 OK for: @expo/cli@57.0.26 want: 0.1.7
964 silly placeDep ROOT arg@5.0.2 OK for: @expo/cli@57.0.26 want: ^5.0.2
965 silly placeDep ROOT bplist-creator@0.1.0 OK for: @expo/cli@57.0.26 want: 0.1.0
966 silly placeDep ROOT bplist-parser@0.3.2 OK for: @expo/cli@57.0.26 want: ^0.3.1
967 silly placeDep ROOT chalk@4.1.2 OK for: @expo/cli@57.0.26 want: ^4.0.0
968 silly placeDep ROOT ci-info@3.9.0 OK for: @expo/cli@57.0.26 want: ^3.3.0
969 silly placeDep ROOT compression@1.8.2 OK for: @expo/cli@57.0.26 want: ^1.7.4
970 silly placeDep ROOT connect@3.7.0 OK for: @expo/cli@57.0.26 want: ^3.7.0
971 silly placeDep ROOT debug@4.4.3 OK for: @expo/cli@57.0.26 want: ^4.3.4
972 silly placeDep ROOT dnssd-advertise@1.1.6 OK for: @expo/cli@57.0.26 want: ^1.1.4
973 silly placeDep ROOT fetch-nodeshim@0.4.10 OK for: @expo/cli@57.0.26 want: ^0.4.10
974 silly placeDep ROOT getenv@2.0.0 OK for: @expo/cli@57.0.26 want: ^2.0.0
975 silly placeDep ROOT glob@13.0.6 OK for: @expo/cli@57.0.26 want: ^13.0.0
976 silly placeDep ROOT lan-network@0.2.1 OK for: @expo/cli@57.0.26 want: ^0.2.1
977 silly placeDep ROOT multitars@1.0.2 OK for: @expo/cli@57.0.26 want: ^1.0.2
978 silly placeDep ROOT node-forge@1.4.0 OK for: @expo/cli@57.0.26 want: ^1.3.3
979 silly placeDep ROOT npm-package-arg@11.0.3 OK for: @expo/cli@57.0.26 want: ^11.0.0
980 silly placeDep ROOT ora@3.4.0 OK for: @expo/cli@57.0.26 want: ^3.4.0
981 silly placeDep ROOT picomatch@4.0.7 OK for: @expo/cli@57.0.26 want: ^4.0.4
982 silly placeDep ROOT progress@2.0.3 OK for: @expo/cli@57.0.26 want: ^2.0.3
983 silly placeDep ROOT prompts@2.4.2 OK for: @expo/cli@57.0.26 want: ^2.3.2
984 silly placeDep ROOT resolve-from@5.0.0 OK for: @expo/cli@57.0.26 want: ^5.0.0
985 silly placeDep ROOT sandbox-cli-detector@0.2.0 OK for: @expo/cli@57.0.26 want: ^0.2.0
986 silly placeDep ROOT semver@7.8.5 OK for: @expo/cli@57.0.26 want: ^7.6.0
987 silly placeDep ROOT send@0.19.2 OK for: @expo/cli@57.0.26 want: ^0.19.0
988 silly placeDep ROOT slugify@1.6.9 OK for: @expo/cli@57.0.26 want: ^1.3.4
989 silly placeDep ROOT stacktrace-parser@0.1.11 OK for: @expo/cli@57.0.26 want: ^0.1.10
990 silly placeDep ROOT structured-headers@0.4.1 OK for: @expo/cli@57.0.26 want: ^0.4.1
991 silly placeDep ROOT terminal-link@2.1.1 OK for: @expo/cli@57.0.26 want: ^2.1.1
992 silly placeDep ROOT toqr@0.1.1 OK for: @expo/cli@57.0.26 want: ^0.1.1
993 silly placeDep ROOT wrap-ansi@7.0.0 OK for: @expo/cli@57.0.26 want: ^7.0.0
994 silly placeDep ROOT zod@3.25.76 OK for: @expo/cli@57.0.26 want: ^3.25.76
995 silly fetch manifest debug@^3.1.0
996 silly packumentCache full:https://registry.npmjs.org/debug cache-hit
997 silly fetch manifest @expo/sudo-prompt@^9.3.1
998 silly packumentCache full:https://registry.npmjs.org/@expo%2fsudo-prompt cache-miss
999 silly fetch manifest parse-png@^2.1.0
1000 silly packumentCache full:https://registry.npmjs.org/parse-png cache-miss
1001 silly fetch manifest jimp-compact@0.16.1
1002 silly packumentCache full:https://registry.npmjs.org/jimp-compact cache-miss
1003 silly fetch manifest json5@^2.2.3
1004 silly packumentCache full:https://registry.npmjs.org/json5 cache-miss
1005 silly fetch manifest walker@^1.0.8
1006 silly packumentCache full:https://registry.npmjs.org/walker cache-miss
1007 http fetch GET 200 https://registry.npmjs.org/parse-png 584ms (cache miss)
1008 silly packumentCache full:https://registry.npmjs.org/parse-png set size:undefined disposed:false
1009 silly fetch manifest micromatch@^4.0.4
1010 silly packumentCache full:https://registry.npmjs.org/micromatch cache-miss
1011 http fetch GET 200 https://registry.npmjs.org/walker 623ms (cache miss)
1012 silly packumentCache full:https://registry.npmjs.org/walker set size:undefined disposed:false
1013 silly fetch manifest fb-watchman@^2.0.2
1014 silly packumentCache full:https://registry.npmjs.org/fb-watchman cache-miss
1015 http fetch GET 200 https://registry.npmjs.org/json5 685ms (cache miss)
1016 silly packumentCache full:https://registry.npmjs.org/json5 set size:undefined disposed:false
1017 silly fetch manifest jest-worker@^29.7.0
1018 silly packumentCache full:https://registry.npmjs.org/jest-worker cache-miss
1019 http fetch GET 200 https://registry.npmjs.org/jimp-compact 817ms (cache miss)
1020 silly packumentCache full:https://registry.npmjs.org/jimp-compact set size:undefined disposed:false
1021 silly fetch manifest xmlbuilder@^15.1.1
1022 silly packumentCache full:https://registry.npmjs.org/xmlbuilder cache-miss
1023 http fetch GET 200 https://registry.npmjs.org/fb-watchman 313ms (cache miss)
1024 silly packumentCache full:https://registry.npmjs.org/fb-watchman set size:undefined disposed:false
1025 silly fetch manifest @xmldom/xmldom@^0.8.8
1026 silly packumentCache full:https://registry.npmjs.org/@xmldom%2fxmldom cache-miss
1027 http fetch GET 200 https://registry.npmjs.org/@expo%2fsudo-prompt 1545ms (cache miss)
1028 silly packumentCache full:https://registry.npmjs.org/@expo%2fsudo-prompt set size:undefined disposed:false
1029 silly fetch manifest debug@^4.3.1
1030 silly packumentCache full:https://registry.npmjs.org/debug cache-hit
1031 silly fetch manifest @react-native/normalize-colors@0.86.3
1032 silly packumentCache full:https://registry.npmjs.org/@react-native%2fnormalize-colors cache-miss
1033 http cache https://registry.npmjs.org/@react-native%2fnormalize-colors 7ms (cache hit)
1034 silly packumentCache full:https://registry.npmjs.org/@react-native%2fnormalize-colors set size:2113652 disposed:false
1035 silly fetch manifest @babel/core@^7.25.2
1036 silly packumentCache full:https://registry.npmjs.org/@babel%2fcore cache-hit
1037 silly fetch manifest cross-spawn@^7.0.6
1038 silly packumentCache full:https://registry.npmjs.org/cross-spawn cache-miss
1039 http fetch GET 200 https://registry.npmjs.org/micromatch 979ms (cache miss)
1040 silly packumentCache full:https://registry.npmjs.org/micromatch set size:undefined disposed:false
1041 silly fetch manifest js-yaml@^4.1.0
1042 silly packumentCache full:https://registry.npmjs.org/js-yaml cache-miss
1043 http fetch GET 200 https://registry.npmjs.org/@xmldom%2fxmldom 874ms (cache miss)
1044 silly packumentCache full:https://registry.npmjs.org/@xmldom%2fxmldom set size:undefined disposed:false
1045 silly fetch manifest open@^7.0.3
1046 silly packumentCache full:https://registry.npmjs.org/open cache-miss
1047 http fetch GET 200 https://registry.npmjs.org/xmlbuilder 1029ms (cache miss)
1048 silly packumentCache full:https://registry.npmjs.org/xmlbuilder set size:undefined disposed:false
1049 silly fetch manifest debug@^4.4.0
1050 silly packumentCache full:https://registry.npmjs.org/debug cache-hit
1051 silly fetch manifest connect@^3.6.5
1052 silly packumentCache full:https://registry.npmjs.org/connect cache-miss
1053 http cache https://registry.npmjs.org/connect 4ms (cache hit)
1054 silly packumentCache full:https://registry.npmjs.org/connect set size:438385 disposed:false
1055 silly fetch manifest serve-static@^1.16.2
1056 silly packumentCache full:https://registry.npmjs.org/serve-static cache-miss
1057 http fetch GET 200 https://registry.npmjs.org/cross-spawn 597ms (cache miss)
1058 silly packumentCache full:https://registry.npmjs.org/cross-spawn set size:undefined disposed:false
1059 silly fetch manifest chrome-launcher@^0.15.2
1060 silly packumentCache full:https://registry.npmjs.org/chrome-launcher cache-miss
1061 http fetch GET 200 https://registry.npmjs.org/js-yaml 735ms (cache miss)
1062 silly packumentCache full:https://registry.npmjs.org/js-yaml set size:undefined disposed:false
1063 silly fetch manifest @isaacs/ttlcache@^1.4.1
1064 silly packumentCache full:https://registry.npmjs.org/@isaacs%2fttlcache cache-miss
1065 http fetch GET 200 https://registry.npmjs.org/open 551ms (cache miss)
1066 silly packumentCache full:https://registry.npmjs.org/open set size:undefined disposed:false
1067 silly fetch manifest chromium-edge-launcher@^0.3.0
1068 silly packumentCache full:https://registry.npmjs.org/chromium-edge-launcher cache-miss
1069 http fetch GET 200 https://registry.npmjs.org/serve-static 866ms (cache miss)
1070 silly packumentCache full:https://registry.npmjs.org/serve-static set size:undefined disposed:false
1071 silly fetch manifest @react-native/debugger-shell@0.86.3
1072 silly packumentCache full:https://registry.npmjs.org/@react-native%2fdebugger-shell cache-miss
1073 http fetch GET 200 https://registry.npmjs.org/chromium-edge-launcher 418ms (cache miss)
1074 silly packumentCache full:https://registry.npmjs.org/chromium-edge-launcher set size:undefined disposed:false
1075 silly fetch manifest @react-native/debugger-frontend@0.86.3
1076 silly packumentCache full:https://registry.npmjs.org/@react-native%2fdebugger-frontend cache-miss
1077 http fetch GET 200 https://registry.npmjs.org/jest-worker 2110ms (cache miss)
1078 silly packumentCache full:https://registry.npmjs.org/jest-worker set size:undefined disposed:false
1079 silly fetch manifest mime-types@~2.1.34
1080 silly packumentCache full:https://registry.npmjs.org/mime-types cache-miss
1081 http fetch GET 200 https://registry.npmjs.org/chrome-launcher 675ms (cache miss)
1082 silly packumentCache full:https://registry.npmjs.org/chrome-launcher set size:undefined disposed:false
1083 silly fetch manifest negotiator@0.6.3
1084 silly packumentCache full:https://registry.npmjs.org/negotiator cache-miss
1085 http fetch GET 200 https://registry.npmjs.org/@isaacs%2fttlcache 532ms (cache miss)
1086 silly packumentCache full:https://registry.npmjs.org/@isaacs%2fttlcache set size:undefined disposed:false
1087 silly fetch manifest stream-buffers@2.2.x
1088 silly packumentCache full:https://registry.npmjs.org/stream-buffers cache-miss
1089 http fetch GET 200 https://registry.npmjs.org/mime-types 936ms (cache miss)
1090 silly packumentCache full:https://registry.npmjs.org/mime-types set size:undefined disposed:false
1091 silly fetch manifest big-integer@1.6.x
1092 silly packumentCache full:https://registry.npmjs.org/big-integer cache-miss
1093 http fetch GET 200 https://registry.npmjs.org/negotiator 936ms (cache miss)
1094 silly packumentCache full:https://registry.npmjs.org/negotiator set size:undefined disposed:false
1095 silly fetch manifest ansi-styles@^4.1.0
1096 silly packumentCache full:https://registry.npmjs.org/ansi-styles cache-miss
1097 http cache https://registry.npmjs.org/ansi-styles 1ms (cache hit)
1098 silly packumentCache full:https://registry.npmjs.org/ansi-styles set size:71772 disposed:false
1099 silly fetch manifest supports-color@^7.1.0
1100 silly packumentCache full:https://registry.npmjs.org/supports-color cache-miss
1101 http fetch GET 200 https://registry.npmjs.org/stream-buffers 951ms (cache miss)
1102 silly packumentCache full:https://registry.npmjs.org/stream-buffers set size:undefined disposed:false
1103 silly fetch manifest vary@~1.1.2
1104 silly packumentCache full:https://registry.npmjs.org/vary cache-miss
1105 http fetch GET 200 https://registry.npmjs.org/vary 259ms (cache miss)
1106 silly packumentCache full:https://registry.npmjs.org/vary set size:undefined disposed:false
1107 silly fetch manifest bytes@3.1.2
1108 silly packumentCache full:https://registry.npmjs.org/bytes cache-miss
1109 http fetch GET 200 https://registry.npmjs.org/supports-color 868ms (cache miss)
1110 silly packumentCache full:https://registry.npmjs.org/supports-color set size:undefined disposed:false
1111 silly fetch manifest debug@2.6.9
1112 silly packumentCache full:https://registry.npmjs.org/debug cache-hit
1113 silly fetch manifest destroy@1.2.0
1114 silly packumentCache full:https://registry.npmjs.org/destroy cache-miss
1115 http fetch GET 200 https://registry.npmjs.org/bytes 723ms (cache miss)
1116 silly packumentCache full:https://registry.npmjs.org/bytes set size:undefined disposed:false
1117 silly fetch manifest negotiator@~0.6.4
1118 silly packumentCache full:https://registry.npmjs.org/negotiator cache-miss
1119 http cache https://registry.npmjs.org/negotiator 2ms (cache hit)
1120 silly packumentCache full:https://registry.npmjs.org/negotiator set size:56148 disposed:false
1121 silly fetch manifest on-headers@~1.1.0
1122 silly packumentCache full:https://registry.npmjs.org/on-headers cache-miss
1123 http fetch GET 200 https://registry.npmjs.org/big-integer 1123ms (cache miss)
1124 silly packumentCache full:https://registry.npmjs.org/big-integer set size:undefined disposed:false
1125 silly fetch manifest safe-buffer@5.2.1
1126 silly packumentCache full:https://registry.npmjs.org/safe-buffer cache-miss
1127 http fetch GET 200 https://registry.npmjs.org/safe-buffer 338ms (cache miss)
1128 silly packumentCache full:https://registry.npmjs.org/safe-buffer set size:undefined disposed:false
1129 silly fetch manifest compressible@~2.0.18
1130 silly packumentCache full:https://registry.npmjs.org/compressible cache-miss
1131 http fetch GET 200 https://registry.npmjs.org/on-headers 472ms (cache miss)
1132 silly packumentCache full:https://registry.npmjs.org/on-headers set size:undefined disposed:false
1133 silly fetch manifest finalhandler@1.1.2
1134 silly packumentCache full:https://registry.npmjs.org/finalhandler cache-miss
1135 http fetch GET 200 https://registry.npmjs.org/destroy 715ms (cache miss)
1136 silly packumentCache full:https://registry.npmjs.org/destroy set size:undefined disposed:false
1137 silly fetch manifest parseurl@~1.3.3
1138 silly packumentCache full:https://registry.npmjs.org/parseurl cache-miss
1139 http fetch GET 200 https://registry.npmjs.org/compressible 453ms (cache miss)
1140 silly packumentCache full:https://registry.npmjs.org/compressible set size:undefined disposed:false
1141 silly fetch manifest utils-merge@1.0.1
1142 silly packumentCache full:https://registry.npmjs.org/utils-merge cache-miss
1143 http fetch GET 200 https://registry.npmjs.org/parseurl 345ms (cache miss)
1144 silly packumentCache full:https://registry.npmjs.org/parseurl set size:undefined disposed:false
1145 silly fetch manifest ms@^2.1.3
1146 silly packumentCache full:https://registry.npmjs.org/ms cache-miss
1147 http fetch GET 200 https://registry.npmjs.org/finalhandler 462ms (cache miss)
1148 silly packumentCache full:https://registry.npmjs.org/finalhandler set size:undefined disposed:false
1149 silly fetch manifest minipass@^7.1.3
1150 silly packumentCache full:https://registry.npmjs.org/minipass cache-miss
1151 http fetch GET 200 https://registry.npmjs.org/utils-merge 207ms (cache miss)
1152 silly packumentCache full:https://registry.npmjs.org/utils-merge set size:undefined disposed:false
1153 silly fetch manifest path-scurry@^2.0.2
1154 silly packumentCache full:https://registry.npmjs.org/path-scurry cache-miss
1155 http fetch GET 200 https://registry.npmjs.org/@react-native%2fdebugger-shell 3246ms (cache miss)
1156 silly packumentCache full:https://registry.npmjs.org/@react-native%2fdebugger-shell set size:undefined disposed:false
1157 silly fetch manifest semver@^7.3.5
1158 silly packumentCache full:https://registry.npmjs.org/semver cache-hit
1159 silly fetch manifest proc-log@^4.0.0
1160 silly packumentCache full:https://registry.npmjs.org/proc-log cache-miss
1161 http fetch GET 200 https://registry.npmjs.org/ms 469ms (cache miss)
1162 silly packumentCache full:https://registry.npmjs.org/ms set size:undefined disposed:false
1163 silly fetch manifest hosted-git-info@^7.0.0
1164 silly packumentCache full:https://registry.npmjs.org/hosted-git-info cache-miss
1165 http fetch GET 200 https://registry.npmjs.org/proc-log 440ms (cache miss)
1166 silly packumentCache full:https://registry.npmjs.org/proc-log set size:undefined disposed:false
1167 silly fetch manifest validate-npm-package-name@^5.0.0
1168 silly packumentCache full:https://registry.npmjs.org/validate-npm-package-name cache-miss
1169 http fetch GET 200 https://registry.npmjs.org/path-scurry 571ms (cache miss)
1170 silly packumentCache full:https://registry.npmjs.org/path-scurry set size:undefined disposed:false
1171 silly fetch manifest chalk@^2.4.2
1172 silly packumentCache full:https://registry.npmjs.org/chalk cache-hit
1173 silly fetch manifest wcwidth@^1.0.1
1174 silly packumentCache full:https://registry.npmjs.org/wcwidth cache-miss
1175 http fetch GET 200 https://registry.npmjs.org/wcwidth 365ms (cache miss)
1176 silly packumentCache full:https://registry.npmjs.org/wcwidth set size:undefined disposed:false
1177 silly fetch manifest cli-cursor@^2.1.0
1178 silly packumentCache full:https://registry.npmjs.org/cli-cursor cache-miss
1179 http fetch GET 200 https://registry.npmjs.org/validate-npm-package-name 447ms (cache miss)
1180 silly packumentCache full:https://registry.npmjs.org/validate-npm-package-name set size:undefined disposed:false
1181 silly fetch manifest strip-ansi@^5.2.0
1182 silly packumentCache full:https://registry.npmjs.org/strip-ansi cache-miss
1183 http fetch GET 200 https://registry.npmjs.org/hosted-git-info 823ms (cache miss)
1184 silly packumentCache full:https://registry.npmjs.org/hosted-git-info set size:undefined disposed:false
1185 silly fetch manifest log-symbols@^2.2.0
1186 silly packumentCache full:https://registry.npmjs.org/log-symbols cache-miss
1187 http fetch GET 200 https://registry.npmjs.org/minipass 1363ms (cache miss)
1188 silly packumentCache full:https://registry.npmjs.org/minipass set size:undefined disposed:false
1189 silly fetch manifest cli-spinners@^2.0.0
1190 silly packumentCache full:https://registry.npmjs.org/cli-spinners cache-miss
1191 http fetch GET 200 https://registry.npmjs.org/@react-native%2fdebugger-frontend 4293ms (cache miss)
1192 silly packumentCache full:https://registry.npmjs.org/@react-native%2fdebugger-frontend set size:undefined disposed:false
1193 silly fetch manifest kleur@^3.0.3
1194 silly packumentCache full:https://registry.npmjs.org/kleur cache-miss
1195 http fetch GET 200 https://registry.npmjs.org/cli-cursor 377ms (cache miss)
1196 silly packumentCache full:https://registry.npmjs.org/cli-cursor set size:undefined disposed:false
1197 silly fetch manifest sisteransi@^1.0.5
1198 silly packumentCache full:https://registry.npmjs.org/sisteransi cache-miss
1199 http fetch GET 200 https://registry.npmjs.org/strip-ansi 393ms (cache miss)
1200 silly packumentCache full:https://registry.npmjs.org/strip-ansi set size:undefined disposed:false
1201 silly fetch manifest ms@2.1.3
1202 silly packumentCache full:https://registry.npmjs.org/ms cache-miss
1203 http cache https://registry.npmjs.org/ms 4ms (cache hit)
1204 silly packumentCache full:https://registry.npmjs.org/ms set size:92208 disposed:false
1205 silly fetch manifest depd@2.0.0
1206 silly packumentCache full:https://registry.npmjs.org/depd cache-miss
1207 http fetch GET 200 https://registry.npmjs.org/log-symbols 604ms (cache miss)
1208 silly packumentCache full:https://registry.npmjs.org/log-symbols set size:undefined disposed:false
1209 silly fetch manifest etag@~1.8.1
1210 silly packumentCache full:https://registry.npmjs.org/etag cache-miss
1211 http fetch GET 200 https://registry.npmjs.org/kleur 706ms (cache miss)
1212 silly packumentCache full:https://registry.npmjs.org/kleur set size:undefined disposed:false
1213 silly fetch manifest mime@1.6.0
1214 silly packumentCache full:https://registry.npmjs.org/mime cache-miss
1215 http fetch GET 200 https://registry.npmjs.org/sisteransi 622ms (cache miss)
1216 silly packumentCache full:https://registry.npmjs.org/sisteransi set size:undefined disposed:false
1217 silly fetch manifest fresh@~0.5.2
1218 silly packumentCache full:https://registry.npmjs.org/fresh cache-miss
1219 http fetch GET 200 https://registry.npmjs.org/cli-spinners 738ms (cache miss)
1220 silly packumentCache full:https://registry.npmjs.org/cli-spinners set size:undefined disposed:false
1221 silly fetch manifest statuses@~2.0.2
1222 silly packumentCache full:https://registry.npmjs.org/statuses cache-miss
1223 http fetch GET 200 https://registry.npmjs.org/etag 230ms (cache miss)
1224 silly packumentCache full:https://registry.npmjs.org/etag set size:undefined disposed:false
1225 silly fetch manifest encodeurl@~2.0.0
1226 silly packumentCache full:https://registry.npmjs.org/encodeurl cache-miss
1227 http fetch GET 200 https://registry.npmjs.org/depd 599ms (cache miss)
1228 silly packumentCache full:https://registry.npmjs.org/depd set size:undefined disposed:false
1229 silly fetch manifest escape-html@~1.0.3
1230 silly packumentCache full:https://registry.npmjs.org/escape-html cache-miss
1231 http fetch GET 200 https://registry.npmjs.org/fresh 165ms (cache miss)
1232 silly packumentCache full:https://registry.npmjs.org/fresh set size:undefined disposed:false
1233 silly fetch manifest http-errors@~2.0.1
1234 silly packumentCache full:https://registry.npmjs.org/http-errors cache-miss
1235 http fetch GET 200 https://registry.npmjs.org/encodeurl 175ms (cache miss)
1236 silly packumentCache full:https://registry.npmjs.org/encodeurl set size:undefined disposed:false
1237 silly fetch manifest on-finished@~2.4.1
1238 silly packumentCache full:https://registry.npmjs.org/on-finished cache-miss
1239 http fetch GET 200 https://registry.npmjs.org/escape-html 150ms (cache miss)
1240 silly packumentCache full:https://registry.npmjs.org/escape-html set size:undefined disposed:false
1241 silly fetch manifest range-parser@~1.2.1
1242 silly packumentCache full:https://registry.npmjs.org/range-parser cache-miss
1243 http fetch GET 200 https://registry.npmjs.org/statuses 303ms (cache miss)
1244 silly packumentCache full:https://registry.npmjs.org/statuses set size:undefined disposed:false
1245 silly fetch manifest type-fest@^0.7.1
1246 silly packumentCache full:https://registry.npmjs.org/type-fest cache-miss
1247 http fetch GET 200 https://registry.npmjs.org/on-finished 214ms (cache miss)
1248 silly packumentCache full:https://registry.npmjs.org/on-finished set size:undefined disposed:false
1249 silly fetch manifest ansi-escapes@^4.2.1
1250 silly packumentCache full:https://registry.npmjs.org/ansi-escapes cache-miss
1251 http fetch GET 200 https://registry.npmjs.org/http-errors 267ms (cache miss)
1252 silly packumentCache full:https://registry.npmjs.org/http-errors set size:undefined disposed:false
1253 silly fetch manifest supports-hyperlinks@^2.0.0
1254 silly packumentCache full:https://registry.npmjs.org/supports-hyperlinks cache-miss
1255 http fetch GET 200 https://registry.npmjs.org/range-parser 233ms (cache miss)
1256 silly packumentCache full:https://registry.npmjs.org/range-parser set size:undefined disposed:false
1257 silly fetch manifest strip-ansi@^6.0.0
1258 silly packumentCache full:https://registry.npmjs.org/strip-ansi cache-miss
1259 http cache https://registry.npmjs.org/strip-ansi 3ms (cache hit)
1260 silly packumentCache full:https://registry.npmjs.org/strip-ansi set size:44998 disposed:false
1261 silly fetch manifest ansi-styles@^4.0.0
1262 silly packumentCache full:https://registry.npmjs.org/ansi-styles cache-hit
1263 silly fetch manifest string-width@^4.1.0
1264 silly packumentCache full:https://registry.npmjs.org/string-width cache-miss
1265 http fetch GET 200 https://registry.npmjs.org/mime 483ms (cache miss)
1266 silly packumentCache full:https://registry.npmjs.org/mime set size:undefined disposed:false
1267 http fetch GET 200 https://registry.npmjs.org/ansi-escapes 386ms (cache miss)
1268 silly packumentCache full:https://registry.npmjs.org/ansi-escapes set size:undefined disposed:false
1269 http fetch GET 200 https://registry.npmjs.org/supports-hyperlinks 387ms (cache miss)
1270 silly packumentCache full:https://registry.npmjs.org/supports-hyperlinks set size:undefined disposed:false
1271 http fetch GET 200 https://registry.npmjs.org/string-width 440ms (cache miss)
1272 silly packumentCache full:https://registry.npmjs.org/string-width set size:undefined disposed:false
1273 http fetch GET 200 https://registry.npmjs.org/type-fest 2040ms (cache miss)
1274 silly packumentCache full:https://registry.npmjs.org/type-fest set size:undefined disposed:false
1275 silly placeDep ROOT @expo/config-types@57.0.2 OK for: @expo/config@57.0.9 want: ^57.0.2
1276 silly placeDep ROOT deepmerge@4.3.1 OK for: @expo/config@57.0.9 want: ^4.3.1
1277 silly placeDep ROOT resolve-workspace-root@2.0.1 OK for: @expo/config@57.0.9 want: ^2.0.0
1278 silly placeDep ROOT @expo/sdk-runtime-versions@1.0.0 OK for: @expo/config-plugins@57.0.9 want: ^1.0.0
1279 silly placeDep ROOT xcode@3.0.1 OK for: @expo/config-plugins@57.0.9 want: ^3.0.1
1280 silly placeDep ROOT xml2js@0.6.0 OK for: @expo/config-plugins@57.0.9 want: 0.6.0
1281 silly fetch manifest uuid@^7.0.3
1282 silly packumentCache full:https://registry.npmjs.org/uuid cache-miss
1283 silly fetch manifest simple-plist@^1.1.0
1284 silly packumentCache full:https://registry.npmjs.org/simple-plist cache-miss
1285 silly fetch manifest sax@>=0.6.0
1286 silly packumentCache full:https://registry.npmjs.org/sax cache-miss
1287 silly fetch manifest xmlbuilder@~11.0.0
1288 silly packumentCache full:https://registry.npmjs.org/xmlbuilder cache-miss
1289 http cache https://registry.npmjs.org/xmlbuilder 6ms (cache hit)
1290 silly packumentCache full:https://registry.npmjs.org/xmlbuilder set size:158707 disposed:false
1291 http fetch GET 200 https://registry.npmjs.org/sax 358ms (cache miss)
1292 silly packumentCache full:https://registry.npmjs.org/sax set size:undefined disposed:false
1293 http fetch GET 200 https://registry.npmjs.org/simple-plist 398ms (cache miss)
1294 silly packumentCache full:https://registry.npmjs.org/simple-plist set size:undefined disposed:false
1295 http fetch GET 200 https://registry.npmjs.org/uuid 637ms (cache miss)
1296 silly packumentCache full:https://registry.npmjs.org/uuid set size:undefined disposed:false
1297 silly placeDep ROOT @expo/sudo-prompt@9.3.2 OK for: @expo/devcert@1.2.1 want: ^9.3.1
1298 silly placeDep node_modules/@expo/devcert debug@3.2.7 OK for: @expo/devcert@1.2.1 want: ^3.1.0
1299 silly fetch manifest ms@^2.1.1
1300 silly packumentCache full:https://registry.npmjs.org/ms cache-hit
1301 silly placeDep ROOT ignore@5.3.2 OK for: @expo/fingerprint@0.20.13 want: ^5.3.1
1302 silly placeDep ROOT minimatch@10.2.6 OK for: @expo/fingerprint@0.20.13 want: ^10.2.2
1303 silly fetch manifest brace-expansion@^5.0.8
1304 silly packumentCache full:https://registry.npmjs.org/brace-expansion cache-miss
1305 http fetch GET 200 https://registry.npmjs.org/brace-expansion 574ms (cache miss)
1306 silly packumentCache full:https://registry.npmjs.org/brace-expansion set size:undefined disposed:false
1307 silly placeDep ROOT jimp-compact@0.16.1 OK for: @expo/image-utils@0.11.5 want: 0.16.1
1308 silly placeDep ROOT parse-png@2.1.0 OK for: @expo/image-utils@0.11.5 want: ^2.1.0
1309 silly fetch manifest pngjs@^3.3.0
1310 silly packumentCache full:https://registry.npmjs.org/pngjs cache-miss
1311 http fetch GET 200 https://registry.npmjs.org/pngjs 733ms (cache miss)
1312 silly packumentCache full:https://registry.npmjs.org/pngjs set size:undefined disposed:false
1313 silly placeDep ROOT @babel/code-frame@7.29.7 OK for: @expo/json-file@11.0.1 want: ^7.20.0
1314 silly placeDep ROOT json5@2.2.3 OK for: @expo/json-file@11.0.1 want: ^2.2.3
1315 silly fetch manifest js-tokens@^4.0.0
1316 silly packumentCache full:https://registry.npmjs.org/js-tokens cache-miss
1317 silly fetch manifest picocolors@^1.1.1
1318 silly packumentCache full:https://registry.npmjs.org/picocolors cache-miss
1319 silly fetch manifest @babel/helper-validator-identifier@^7.29.7
1320 silly packumentCache full:https://registry.npmjs.org/@babel%2fhelper-validator-identifier cache-miss
1321 http fetch GET 200 https://registry.npmjs.org/picocolors 414ms (cache miss)
1322 silly packumentCache full:https://registry.npmjs.org/picocolors set size:undefined disposed:false
1323 http fetch GET 200 https://registry.npmjs.org/@babel%2fhelper-validator-identifier 684ms (cache miss)
1324 silly packumentCache full:https://registry.npmjs.org/@babel%2fhelper-validator-identifier set size:undefined disposed:false
1325 http fetch GET 200 https://registry.npmjs.org/js-tokens 984ms (cache miss)
1326 silly packumentCache full:https://registry.npmjs.org/js-tokens set size:undefined disposed:false
1327 silly placeDep ROOT @babel/helper-validator-identifier@7.29.7 OK for: @babel/code-frame@7.29.7 want: ^7.29.7
1328 silly placeDep ROOT js-tokens@4.0.0 OK for: @babel/code-frame@7.29.7 want: ^4.0.0
1329 silly placeDep ROOT picocolors@1.1.1 OK for: @babel/code-frame@7.29.7 want: ^1.1.1
1330 silly placeDep ROOT anser@1.4.10 OK for: @expo/log-box@57.0.4 want: ^1.4.9
1331 silly placeDep ROOT metro@0.84.5 OK for: @expo/metro@56.0.2 want: 0.84.5
1332 silly placeDep ROOT metro-babel-transformer@0.84.5 OK for: @expo/metro@56.0.2 want: 0.84.5
1333 silly placeDep ROOT metro-cache@0.84.5 OK for: @expo/metro@56.0.2 want: 0.84.5
1334 silly placeDep ROOT metro-cache-key@0.84.5 OK for: @expo/metro@56.0.2 want: 0.84.5
1335 silly placeDep ROOT metro-config@0.84.5 OK for: @expo/metro@56.0.2 want: 0.84.5
1336 silly placeDep ROOT metro-core@0.84.5 OK for: @expo/metro@56.0.2 want: 0.84.5
1337 silly placeDep ROOT metro-file-map@0.84.5 OK for: @expo/metro@56.0.2 want: 0.84.5
1338 silly placeDep ROOT metro-minify-terser@0.84.5 OK for: @expo/metro@56.0.2 want: 0.84.5
1339 silly placeDep ROOT metro-resolver@0.84.5 OK for: @expo/metro@56.0.2 want: 0.84.5
1340 silly placeDep ROOT metro-runtime@0.84.5 OK for: @expo/metro@56.0.2 want: 0.84.5
1341 silly placeDep ROOT metro-source-map@0.84.5 OK for: @expo/metro@56.0.2 want: 0.84.5
1342 silly placeDep ROOT metro-symbolicate@0.84.5 OK for: @expo/metro@56.0.2 want: 0.84.5
1343 silly placeDep ROOT metro-transform-plugins@0.84.5 OK for: @expo/metro@56.0.2 want: 0.84.5
1344 silly placeDep ROOT metro-transform-worker@0.84.5 OK for: @expo/metro@56.0.2 want: 0.84.5
1345 silly fetch manifest throat@^5.0.0
1346 silly packumentCache full:https://registry.npmjs.org/throat cache-miss
1347 silly fetch manifest accepts@^2.0.0
1348 silly packumentCache full:https://registry.npmjs.org/accepts cache-miss
1349 silly fetch manifest ci-info@^2.0.0
1350 silly packumentCache full:https://registry.npmjs.org/ci-info cache-miss
1351 silly fetch manifest mime-types@^3.0.1
1352 silly packumentCache full:https://registry.npmjs.org/mime-types cache-miss
1353 silly fetch manifest source-map@^0.5.6
1354 silly packumentCache full:https://registry.npmjs.org/source-map cache-miss
1355 http cache https://registry.npmjs.org/mime-types 7ms (cache hit)
1356 silly packumentCache full:https://registry.npmjs.org/mime-types set size:139110 disposed:false
1357 silly fetch manifest graceful-fs@^4.2.4
1358 silly packumentCache full:https://registry.npmjs.org/graceful-fs cache-miss
1359 http cache https://registry.npmjs.org/accepts 8ms (cache hit)
1360 silly packumentCache full:https://registry.npmjs.org/accepts set size:77054 disposed:false
1361 silly fetch manifest @babel/types@^7.29.0
1362 silly packumentCache full:https://registry.npmjs.org/@babel%2ftypes cache-miss
1363 http cache https://registry.npmjs.org/ci-info 9ms (cache hit)
1364 silly packumentCache full:https://registry.npmjs.org/ci-info set size:91363 disposed:false
1365 silly fetch manifest jsc-safe-url@^0.2.2
1366 silly packumentCache full:https://registry.npmjs.org/jsc-safe-url cache-miss
1367 http cache https://registry.npmjs.org/jsc-safe-url 5ms (cache hit)
1368 silly packumentCache full:https://registry.npmjs.org/jsc-safe-url set size:13143 disposed:false
1369 silly fetch manifest @babel/parser@^7.29.0
1370 silly packumentCache full:https://registry.npmjs.org/@babel%2fparser cache-miss
1371 http fetch GET 200 https://registry.npmjs.org/throat 406ms (cache miss)
1372 silly packumentCache full:https://registry.npmjs.org/throat set size:undefined disposed:false
1373 silly fetch manifest hermes-parser@0.35.0
1374 silly packumentCache full:https://registry.npmjs.org/hermes-parser cache-miss
1375 http cache https://registry.npmjs.org/hermes-parser 7ms (cache hit)
1376 silly packumentCache full:https://registry.npmjs.org/hermes-parser set size:172593 disposed:false
1377 silly fetch manifest @babel/template@^7.28.6
1378 silly packumentCache full:https://registry.npmjs.org/@babel%2ftemplate cache-miss
1379 http fetch GET 200 https://registry.npmjs.org/graceful-fs 942ms (cache miss)
1380 silly packumentCache full:https://registry.npmjs.org/graceful-fs set size:undefined disposed:false
1381 silly fetch manifest @babel/traverse@^7.29.0
1382 silly packumentCache full:https://registry.npmjs.org/@babel%2ftraverse cache-miss
1383 http fetch GET 200 https://registry.npmjs.org/source-map 1156ms (cache miss)
1384 silly packumentCache full:https://registry.npmjs.org/source-map set size:undefined disposed:false
1385 silly fetch manifest lodash.throttle@^4.1.1
1386 silly packumentCache full:https://registry.npmjs.org/lodash.throttle cache-miss
1387 http fetch GET 200 https://registry.npmjs.org/lodash.throttle 476ms (cache miss)
1388 silly packumentCache full:https://registry.npmjs.org/lodash.throttle set size:undefined disposed:false
1389 silly fetch manifest serialize-error@^2.1.0
1390 silly packumentCache full:https://registry.npmjs.org/serialize-error cache-miss
1391 http fetch GET 200 https://registry.npmjs.org/@babel%2ftemplate 1224ms (cache miss)
1392 silly packumentCache full:https://registry.npmjs.org/@babel%2ftemplate set size:undefined disposed:false
1393 silly fetch manifest @babel/generator@^7.29.1
1394 silly packumentCache full:https://registry.npmjs.org/@babel%2fgenerator cache-miss
1395 http cache https://registry.npmjs.org/@babel%2fgenerator 4ms (cache hit)
1396 silly packumentCache full:https://registry.npmjs.org/@babel%2fgenerator set size:527796 disposed:false
1397 silly fetch manifest error-stack-parser@^2.0.6
1398 silly packumentCache full:https://registry.npmjs.org/error-stack-parser cache-miss
1399 http fetch GET 200 https://registry.npmjs.org/serialize-error 605ms (cache miss)
1400 silly packumentCache full:https://registry.npmjs.org/serialize-error set size:undefined disposed:false
1401 silly fetch manifest https-proxy-agent@^7.0.5
1402 silly packumentCache full:https://registry.npmjs.org/https-proxy-agent cache-miss
1403 http fetch GET 200 https://registry.npmjs.org/@babel%2ftypes 2807ms (cache miss)
1404 silly packumentCache full:https://registry.npmjs.org/@babel%2ftypes set size:undefined disposed:false
1405 silly fetch manifest exponential-backoff@^3.1.1
1406 silly packumentCache full:https://registry.npmjs.org/exponential-backoff cache-miss
1407 http fetch GET 200 https://registry.npmjs.org/https-proxy-agent 658ms (cache miss)
1408 silly packumentCache full:https://registry.npmjs.org/https-proxy-agent set size:undefined disposed:false
1409 silly fetch manifest yaml@^2.6.1
1410 silly packumentCache full:https://registry.npmjs.org/yaml cache-miss
1411 http fetch GET 200 https://registry.npmjs.org/@babel%2ftraverse 1956ms (cache miss)
1412 silly packumentCache full:https://registry.npmjs.org/@babel%2ftraverse set size:undefined disposed:false
1413 silly fetch manifest jest-validate@^29.7.0
1414 silly packumentCache full:https://registry.npmjs.org/jest-validate cache-miss
1415 http fetch GET 200 https://registry.npmjs.org/error-stack-parser 1524ms (cache miss)
1416 silly packumentCache full:https://registry.npmjs.org/error-stack-parser set size:undefined disposed:false
1417 silly fetch manifest walker@^1.0.7
1418 silly packumentCache full:https://registry.npmjs.org/walker cache-miss
1419 http fetch GET 200 https://registry.npmjs.org/exponential-backoff 356ms (cache miss)
1420 silly packumentCache full:https://registry.npmjs.org/exponential-backoff set size:undefined disposed:false
1421 silly fetch manifest fb-watchman@^2.0.0
1422 silly packumentCache full:https://registry.npmjs.org/fb-watchman cache-miss
1423 http cache https://registry.npmjs.org/walker 5ms (cache hit)
1424 silly packumentCache full:https://registry.npmjs.org/walker set size:16077 disposed:false
1425 silly fetch manifest terser@^5.15.0
1426 silly packumentCache full:https://registry.npmjs.org/terser cache-miss
1427 http cache https://registry.npmjs.org/fb-watchman 5ms (cache hit)
1428 silly packumentCache full:https://registry.npmjs.org/fb-watchman set size:28064 disposed:false
1429 silly fetch manifest ob1@0.84.5
1430 silly packumentCache full:https://registry.npmjs.org/ob1 cache-miss
1431 http fetch GET 200 https://registry.npmjs.org/yaml 1137ms (cache miss)
1432 silly packumentCache full:https://registry.npmjs.org/yaml set size:undefined disposed:false
1433 silly fetch manifest vlq@^1.0.0
1434 silly packumentCache full:https://registry.npmjs.org/vlq cache-miss
1435 http fetch GET 200 https://registry.npmjs.org/@babel%2fparser 4072ms (cache miss)
1436 silly packumentCache full:https://registry.npmjs.org/@babel%2fparser set size:undefined disposed:false
1437 silly fetch manifest vlq@^1.0.0
1438 silly packumentCache full:https://registry.npmjs.org/vlq cache-miss
1439 http fetch GET 200 https://registry.npmjs.org/vlq 212ms (cache miss)
1440 silly packumentCache full:https://registry.npmjs.org/vlq set size:undefined disposed:false
1441 http fetch GET 200 https://registry.npmjs.org/ob1 1240ms (cache miss)
1442 silly packumentCache full:https://registry.npmjs.org/ob1 set size:undefined disposed:false
1443 http fetch GET 200 https://registry.npmjs.org/jest-validate 1527ms (cache miss)
1444 silly packumentCache full:https://registry.npmjs.org/jest-validate set size:undefined disposed:false
1445 http fetch GET 200 https://registry.npmjs.org/vlq 361ms (cache miss)
1446 silly packumentCache full:https://registry.npmjs.org/vlq set size:undefined disposed:false
1447 http fetch GET 200 https://registry.npmjs.org/terser 2644ms (cache miss)
1448 silly packumentCache full:https://registry.npmjs.org/terser set size:undefined disposed:false
1449 silly placeDep ROOT @babel/core@7.29.7 OK for: @expo/metro-config@57.0.12 want: ^7.20.0
1450 silly placeDep ROOT @babel/generator@7.29.8 OK for: @expo/metro-config@57.0.12 want: ^7.20.5
1451 silly placeDep ROOT @jridgewell/gen-mapping@0.3.13 OK for: @expo/metro-config@57.0.12 want: ^0.3.13
1452 silly placeDep ROOT @jridgewell/remapping@2.3.5 OK for: @expo/metro-config@57.0.12 want: ^2.3.5
1453 silly placeDep ROOT @jridgewell/sourcemap-codec@1.6.0 OK for: @expo/metro-config@57.0.12 want: ^1.5.5
1454 silly placeDep ROOT browserslist@4.29.0 OK for: @expo/metro-config@57.0.12 want: ^4.25.0
1455 silly placeDep ROOT hermes-parser@0.36.1 OK for: @expo/metro-config@57.0.12 want: ^0.36.0
1456 silly placeDep ROOT jsc-safe-url@0.2.4 OK for: @expo/metro-config@57.0.12 want: ^0.2.4
1457 silly placeDep ROOT lightningcss@1.33.0 OK for: @expo/metro-config@57.0.12 want: ^1.30.1
1458 silly placeDep ROOT postcss@8.5.28 OK for: @expo/metro-config@57.0.12 want: ^8.5.14
1459 silly fetch manifest semver@^6.3.1
1460 silly packumentCache full:https://registry.npmjs.org/semver cache-hit
1461 silly fetch manifest gensync@^1.0.0-beta.2
1462 silly packumentCache full:https://registry.npmjs.org/gensync cache-miss
1463 silly fetch manifest @babel/types@^7.29.7
1464 silly packumentCache full:https://registry.npmjs.org/@babel%2ftypes cache-miss
1465 silly fetch manifest @babel/parser@^7.29.7
1466 silly packumentCache full:https://registry.npmjs.org/@babel%2fparser cache-miss
1467 silly fetch manifest @babel/helpers@^7.29.7
1468 silly packumentCache full:https://registry.npmjs.org/@babel%2fhelpers cache-miss
1469 silly fetch manifest @babel/template@^7.29.7
1470 silly packumentCache full:https://registry.npmjs.org/@babel%2ftemplate cache-miss
1471 http cache https://registry.npmjs.org/@babel%2ftemplate 4ms (cache hit)
1472 silly packumentCache full:https://registry.npmjs.org/@babel%2ftemplate set size:237074 disposed:false
1473 silly fetch manifest @babel/traverse@^7.29.7
1474 silly packumentCache full:https://registry.npmjs.org/@babel%2ftraverse cache-miss
1475 http cache https://registry.npmjs.org/@babel%2fparser 7ms (cache hit)
1476 silly packumentCache full:https://registry.npmjs.org/@babel%2fparser set size:745724 disposed:false
1477 silly fetch manifest @babel/generator@^7.29.7
1478 silly packumentCache full:https://registry.npmjs.org/@babel%2fgenerator cache-hit
1479 silly fetch manifest convert-source-map@^2.0.0
1480 silly packumentCache full:https://registry.npmjs.org/convert-source-map cache-miss
1481 http cache https://registry.npmjs.org/@babel%2ftypes 9ms (cache hit)
1482 silly packumentCache full:https://registry.npmjs.org/@babel%2ftypes set size:507562 disposed:false
1483 silly fetch manifest @babel/helper-module-transforms@^7.29.7
1484 silly packumentCache full:https://registry.npmjs.org/@babel%2fhelper-module-transforms cache-miss
1485 http cache https://registry.npmjs.org/@babel%2ftraverse 7ms (cache hit)
1486 silly packumentCache full:https://registry.npmjs.org/@babel%2ftraverse set size:569712 disposed:false
1487 silly fetch manifest @babel/helper-compilation-targets@^7.29.7
1488 silly packumentCache full:https://registry.npmjs.org/@babel%2fhelper-compilation-targets cache-miss
1489 http fetch GET 200 https://registry.npmjs.org/gensync 1055ms (cache miss)
1490 silly packumentCache full:https://registry.npmjs.org/gensync set size:undefined disposed:false
1491 silly fetch manifest jsesc@^3.0.2
1492 silly packumentCache full:https://registry.npmjs.org/jsesc cache-miss
1493 http fetch GET 200 https://registry.npmjs.org/convert-source-map 1056ms (cache miss)
1494 silly packumentCache full:https://registry.npmjs.org/convert-source-map set size:undefined disposed:false
1495 silly fetch manifest @babel/types@^7.29.8
1496 silly packumentCache full:https://registry.npmjs.org/@babel%2ftypes cache-hit
1497 silly fetch manifest @babel/parser@^7.29.8
1498 silly packumentCache full:https://registry.npmjs.org/@babel%2fparser cache-hit
1499 silly fetch manifest @jridgewell/gen-mapping@^0.3.12
1500 silly packumentCache full:https://registry.npmjs.org/@jridgewell%2fgen-mapping cache-miss
1501 http cache https://registry.npmjs.org/@jridgewell%2fgen-mapping 3ms (cache hit)
1502 silly packumentCache full:https://registry.npmjs.org/@jridgewell%2fgen-mapping set size:75941 disposed:false
1503 silly fetch manifest @jridgewell/trace-mapping@^0.3.28
1504 silly packumentCache full:https://registry.npmjs.org/@jridgewell%2ftrace-mapping cache-miss
1505 http fetch GET 200 https://registry.npmjs.org/@babel%2fhelper-compilation-targets 1694ms (cache miss)
1506 silly packumentCache full:https://registry.npmjs.org/@babel%2fhelper-compilation-targets set size:undefined disposed:false
1507 silly fetch manifest @jridgewell/trace-mapping@^0.3.24
1508 silly packumentCache full:https://registry.npmjs.org/@jridgewell%2ftrace-mapping cache-miss
1509 http fetch GET 200 https://registry.npmjs.org/jsesc 1125ms (cache miss)
1510 silly packumentCache full:https://registry.npmjs.org/jsesc set size:undefined disposed:false
1511 silly fetch manifest @jridgewell/sourcemap-codec@^1.5.0
1512 silly packumentCache full:https://registry.npmjs.org/@jridgewell%2fsourcemap-codec cache-miss
1513 http cache https://registry.npmjs.org/@jridgewell%2fsourcemap-codec 5ms (cache hit)
1514 silly packumentCache full:https://registry.npmjs.org/@jridgewell%2fsourcemap-codec set size:65255 disposed:false
1515 silly fetch manifest @jridgewell/trace-mapping@^0.3.24
1516 silly packumentCache full:https://registry.npmjs.org/@jridgewell%2ftrace-mapping cache-miss
1517 http fetch GET 200 https://registry.npmjs.org/@jridgewell%2ftrace-mapping 1334ms (cache miss)
1518 silly packumentCache full:https://registry.npmjs.org/@jridgewell%2ftrace-mapping set size:undefined disposed:false
1519 silly fetch manifest caniuse-lite@^1.0.30001810
1520 silly packumentCache full:https://registry.npmjs.org/caniuse-lite cache-miss
1521 http fetch GET 200 https://registry.npmjs.org/@babel%2fhelpers 2477ms (cache miss)
1522 silly packumentCache full:https://registry.npmjs.org/@babel%2fhelpers set size:undefined disposed:false
1523 silly fetch manifest node-releases@^2.0.55
1524 silly packumentCache full:https://registry.npmjs.org/node-releases cache-miss
1525 http fetch GET 200 https://registry.npmjs.org/@babel%2fhelper-module-transforms 2569ms (cache miss)
1526 silly packumentCache full:https://registry.npmjs.org/@babel%2fhelper-module-transforms set size:undefined disposed:false
1527 silly fetch manifest electron-to-chromium@^1.5.427
1528 silly packumentCache full:https://registry.npmjs.org/electron-to-chromium cache-miss
1529 http fetch GET 200 https://registry.npmjs.org/@jridgewell%2ftrace-mapping 1580ms (cache miss)
1530 silly packumentCache full:https://registry.npmjs.org/@jridgewell%2ftrace-mapping set size:undefined disposed:false
1531 silly fetch manifest update-browserslist-db@^1.3.3
1532 silly packumentCache full:https://registry.npmjs.org/update-browserslist-db cache-miss
1533 http fetch GET 200 https://registry.npmjs.org/update-browserslist-db 591ms (cache miss)
1534 silly packumentCache full:https://registry.npmjs.org/update-browserslist-db set size:undefined disposed:false
1535 silly fetch manifest baseline-browser-mapping@^2.11.23
1536 silly packumentCache full:https://registry.npmjs.org/baseline-browser-mapping cache-miss
1537 http fetch GET 200 https://registry.npmjs.org/@jridgewell%2ftrace-mapping 1760ms (cache miss)
1538 silly packumentCache full:https://registry.npmjs.org/@jridgewell%2ftrace-mapping set size:undefined disposed:false
1539 silly fetch manifest hermes-estree@0.36.1
1540 silly packumentCache full:https://registry.npmjs.org/hermes-estree cache-miss
1541 http fetch GET 200 https://registry.npmjs.org/node-releases 2847ms (cache miss)
1542 silly packumentCache full:https://registry.npmjs.org/node-releases set size:undefined disposed:false
1543 silly fetch manifest detect-libc@^2.0.3
1544 silly packumentCache full:https://registry.npmjs.org/detect-libc cache-miss
1545 http fetch GET 200 https://registry.npmjs.org/hermes-estree 2503ms (cache miss)
1546 silly packumentCache full:https://registry.npmjs.org/hermes-estree set size:undefined disposed:false
1547 silly fetch manifest lightningcss-darwin-x64@1.33.0
1548 silly packumentCache full:https://registry.npmjs.org/lightningcss-darwin-x64 cache-miss
1549 http fetch GET 200 https://registry.npmjs.org/detect-libc 1675ms (cache miss)
1550 silly packumentCache full:https://registry.npmjs.org/detect-libc set size:undefined disposed:false
1551 silly fetch manifest lightningcss-linux-x64-gnu@1.33.0
1552 silly packumentCache full:https://registry.npmjs.org/lightningcss-linux-x64-gnu cache-miss
1553 http fetch GET 200 https://registry.npmjs.org/baseline-browser-mapping 4007ms (cache miss)
1554 silly packumentCache full:https://registry.npmjs.org/baseline-browser-mapping set size:undefined disposed:false
1555 silly fetch manifest lightningcss-win32-x64-msvc@1.33.0
1556 silly packumentCache full:https://registry.npmjs.org/lightningcss-win32-x64-msvc cache-miss
1557 http fetch GET 200 https://registry.npmjs.org/lightningcss-darwin-x64 1473ms (cache miss)
1558 silly packumentCache full:https://registry.npmjs.org/lightningcss-darwin-x64 set size:undefined disposed:false
1559 silly fetch manifest lightningcss-win32-arm64-msvc@1.33.0
1560 silly packumentCache full:https://registry.npmjs.org/lightningcss-win32-arm64-msvc cache-miss
1561 http fetch GET 200 https://registry.npmjs.org/lightningcss-linux-x64-gnu 973ms (cache miss)
1562 silly packumentCache full:https://registry.npmjs.org/lightningcss-linux-x64-gnu set size:undefined disposed:false
1563 silly fetch manifest lightningcss-darwin-arm64@1.33.0
1564 silly packumentCache full:https://registry.npmjs.org/lightningcss-darwin-arm64 cache-miss
1565 http fetch GET 200 https://registry.npmjs.org/lightningcss-win32-arm64-msvc 378ms (cache miss)
1566 silly packumentCache full:https://registry.npmjs.org/lightningcss-win32-arm64-msvc set size:undefined disposed:false
1567 silly fetch manifest lightningcss-linux-arm64-gnu@1.33.0
1568 silly packumentCache full:https://registry.npmjs.org/lightningcss-linux-arm64-gnu cache-miss
1569 http fetch GET 200 https://registry.npmjs.org/lightningcss-darwin-arm64 1413ms (cache miss)
1570 silly packumentCache full:https://registry.npmjs.org/lightningcss-darwin-arm64 set size:undefined disposed:false
1571 silly fetch manifest lightningcss-linux-arm-gnueabihf@1.33.0
1572 silly packumentCache full:https://registry.npmjs.org/lightningcss-linux-arm-gnueabihf cache-miss
1573 http fetch GET 200 https://registry.npmjs.org/lightningcss-win32-x64-msvc 1733ms (cache miss)
1574 silly packumentCache full:https://registry.npmjs.org/lightningcss-win32-x64-msvc set size:undefined disposed:false
1575 silly fetch manifest lightningcss-linux-arm64-musl@1.33.0
1576 silly packumentCache full:https://registry.npmjs.org/lightningcss-linux-arm64-musl cache-miss
1577 http fetch GET 200 https://registry.npmjs.org/lightningcss-linux-arm-gnueabihf 317ms (cache miss)
1578 silly packumentCache full:https://registry.npmjs.org/lightningcss-linux-arm-gnueabihf set size:undefined disposed:false
1579 silly fetch manifest lightningcss-linux-x64-musl@1.33.0
1580 silly packumentCache full:https://registry.npmjs.org/lightningcss-linux-x64-musl cache-miss
1581 http fetch GET 200 https://registry.npmjs.org/lightningcss-linux-arm64-gnu 1405ms (cache miss)
1582 silly packumentCache full:https://registry.npmjs.org/lightningcss-linux-arm64-gnu set size:undefined disposed:false
1583 silly fetch manifest lightningcss-freebsd-x64@1.33.0
1584 silly packumentCache full:https://registry.npmjs.org/lightningcss-freebsd-x64 cache-miss
1585 http fetch GET 200 https://registry.npmjs.org/lightningcss-freebsd-x64 228ms (cache miss)
1586 silly packumentCache full:https://registry.npmjs.org/lightningcss-freebsd-x64 set size:undefined disposed:false
1587 silly fetch manifest lightningcss-android-arm64@1.33.0
1588 silly packumentCache full:https://registry.npmjs.org/lightningcss-android-arm64 cache-miss
1589 http fetch GET 200 https://registry.npmjs.org/lightningcss-linux-x64-musl 751ms (cache miss)
1590 silly packumentCache full:https://registry.npmjs.org/lightningcss-linux-x64-musl set size:undefined disposed:false
1591 silly fetch manifest nanoid@^3.3.18
1592 silly packumentCache full:https://registry.npmjs.org/nanoid cache-miss
1593 http fetch GET 200 https://registry.npmjs.org/lightningcss-android-arm64 524ms (cache miss)
1594 silly packumentCache full:https://registry.npmjs.org/lightningcss-android-arm64 set size:undefined disposed:false
1595 silly fetch manifest source-map-js@^1.2.1
1596 silly packumentCache full:https://registry.npmjs.org/source-map-js cache-miss
1597 http fetch GET 200 https://registry.npmjs.org/lightningcss-linux-arm64-musl 836ms (cache miss)
1598 silly packumentCache full:https://registry.npmjs.org/lightningcss-linux-arm64-musl set size:undefined disposed:false
1599 http fetch GET 200 https://registry.npmjs.org/source-map-js 323ms (cache miss)
1600 silly packumentCache full:https://registry.npmjs.org/source-map-js set size:undefined disposed:false
1601 http fetch GET 200 https://registry.npmjs.org/caniuse-lite 10180ms (cache miss)
1602 silly packumentCache full:https://registry.npmjs.org/caniuse-lite set size:undefined disposed:false
1603 http fetch GET 200 https://registry.npmjs.org/nanoid 2685ms (cache miss)
1604 silly packumentCache full:https://registry.npmjs.org/nanoid set size:undefined disposed:false
1605 http fetch GET 200 https://registry.npmjs.org/electron-to-chromium 22212ms (cache miss)
1606 silly packumentCache full:https://registry.npmjs.org/electron-to-chromium set size:undefined disposed:false
1607 silly fetch manifest @babel/core@^7.0.0
1608 silly packumentCache full:https://registry.npmjs.org/@babel%2fcore cache-hit
1609 silly placeDep ROOT @babel/helper-compilation-targets@7.29.7 OK for: @babel/core@7.29.7 want: ^7.29.7
1610 silly placeDep ROOT @babel/helper-module-transforms@7.29.7 OK for: @babel/core@7.29.7 want: ^7.29.7
1611 silly placeDep ROOT @babel/helpers@7.29.7 OK for: @babel/core@7.29.7 want: ^7.29.7
1612 silly placeDep ROOT @babel/parser@7.29.9 OK for: @babel/core@7.29.7 want: ^7.29.7
1613 silly placeDep ROOT @babel/template@7.29.7 OK for: @babel/core@7.29.7 want: ^7.29.7
1614 silly placeDep ROOT @babel/traverse@7.29.8 OK for: @babel/core@7.29.7 want: ^7.29.7
1615 silly placeDep ROOT @babel/types@7.29.8 OK for: @babel/core@7.29.7 want: ^7.29.7
1616 silly placeDep ROOT convert-source-map@2.0.0 OK for: @babel/core@7.29.7 want: ^2.0.0
1617 silly placeDep ROOT gensync@1.0.0-beta.2 OK for: @babel/core@7.29.7 want: ^1.0.0-beta.2
1618 silly placeDep node_modules/@babel/core semver@6.3.1 OK for: @babel/core@7.29.7 want: ^6.3.1
1619 silly fetch manifest lru-cache@^5.1.1
1620 silly packumentCache full:https://registry.npmjs.org/lru-cache cache-miss
1621 silly fetch manifest @babel/compat-data@^7.29.7
1622 silly packumentCache full:https://registry.npmjs.org/@babel%2fcompat-data cache-miss
1623 silly fetch manifest @babel/helper-validator-option@^7.29.7
1624 silly packumentCache full:https://registry.npmjs.org/@babel%2fhelper-validator-option cache-miss
1625 silly fetch manifest @babel/helper-module-imports@^7.29.7
1626 silly packumentCache full:https://registry.npmjs.org/@babel%2fhelper-module-imports cache-miss
1627 silly fetch manifest @babel/helper-globals@^7.29.7
1628 silly packumentCache full:https://registry.npmjs.org/@babel%2fhelper-globals cache-miss
1629 http cache https://registry.npmjs.org/@babel%2fhelper-module-imports 6ms (cache hit)
1630 silly packumentCache full:https://registry.npmjs.org/@babel%2fhelper-module-imports set size:203392 disposed:false
1631 silly fetch manifest @babel/helper-string-parser@^7.29.7
1632 silly packumentCache full:https://registry.npmjs.org/@babel%2fhelper-string-parser cache-miss
1633 http fetch GET 200 https://registry.npmjs.org/@babel%2fhelper-globals 282ms (cache miss)
1634 silly packumentCache full:https://registry.npmjs.org/@babel%2fhelper-globals set size:undefined disposed:false
1635 http fetch GET 200 https://registry.npmjs.org/@babel%2fhelper-string-parser 577ms (cache miss)
1636 silly packumentCache full:https://registry.npmjs.org/@babel%2fhelper-string-parser set size:undefined disposed:false
1637 http fetch GET 200 https://registry.npmjs.org/@babel%2fhelper-validator-option 1049ms (cache miss)
1638 silly packumentCache full:https://registry.npmjs.org/@babel%2fhelper-validator-option set size:undefined disposed:false
1639 http fetch GET 200 https://registry.npmjs.org/@babel%2fcompat-data 1229ms (cache miss)
1640 silly packumentCache full:https://registry.npmjs.org/@babel%2fcompat-data set size:undefined disposed:false
1641 http fetch GET 200 https://registry.npmjs.org/lru-cache 1843ms (cache miss)
1642 silly packumentCache full:https://registry.npmjs.org/lru-cache set size:undefined disposed:false
1643 silly placeDep ROOT @jridgewell/trace-mapping@0.3.31 OK for: @babel/generator@7.29.8 want: ^0.3.28
1644 silly placeDep ROOT jsesc@3.1.0 OK for: @babel/generator@7.29.8 want: ^3.0.2
1645 silly fetch manifest @jridgewell/resolve-uri@^3.1.0
1646 silly packumentCache full:https://registry.npmjs.org/@jridgewell%2fresolve-uri cache-miss
1647 http fetch GET 200 https://registry.npmjs.org/@jridgewell%2fresolve-uri 422ms (cache miss)
1648 silly packumentCache full:https://registry.npmjs.org/@jridgewell%2fresolve-uri set size:undefined disposed:false
1649 silly placeDep ROOT @babel/compat-data@7.29.7 OK for: @babel/helper-compilation-targets@7.29.7 want: ^7.29.7
1650 silly placeDep ROOT @babel/helper-validator-option@7.29.7 OK for: @babel/helper-compilation-targets@7.29.7 want: ^7.29.7
1651 silly placeDep ROOT lru-cache@5.1.1 OK for: @babel/helper-compilation-targets@7.29.7 want: ^5.1.1
1652 silly placeDep node_modules/@babel/helper-compilation-targets semver@6.3.1 OK for: @babel/helper-compilation-targets@7.29.7 want: ^6.3.1
1653 silly fetch manifest yallist@^3.0.2
1654 silly packumentCache full:https://registry.npmjs.org/yallist cache-miss
1655 http fetch GET 200 https://registry.npmjs.org/yallist 476ms (cache miss)
1656 silly packumentCache full:https://registry.npmjs.org/yallist set size:undefined disposed:false
1657 silly placeDep ROOT @babel/helper-module-imports@7.29.7 OK for: @babel/helper-module-transforms@7.29.7 want: ^7.29.7
1658 silly placeDep ROOT @babel/helper-globals@7.29.7 OK for: @babel/traverse@7.29.8 want: ^7.29.7
1659 silly placeDep ROOT @babel/helper-string-parser@7.29.7 OK for: @babel/types@7.29.8 want: ^7.29.7
1660 silly placeDep ROOT fb-watchman@2.0.2 OK for: @expo/metro-file-map@57.0.3 want: ^2.0.2
1661 silly placeDep ROOT invariant@2.2.4 OK for: @expo/metro-file-map@57.0.3 want: ^2.2.4
1662 silly placeDep ROOT jest-worker@29.7.0 OK for: @expo/metro-file-map@57.0.3 want: ^29.7.0
1663 silly placeDep ROOT micromatch@4.0.8 OK for: @expo/metro-file-map@57.0.3 want: ^4.0.4
1664 silly placeDep ROOT walker@1.0.8 OK for: @expo/metro-file-map@57.0.3 want: ^1.0.8
1665 silly fetch manifest bser@2.1.1
1666 silly packumentCache full:https://registry.npmjs.org/bser cache-miss
1667 silly fetch manifest loose-envify@^1.0.0
1668 silly packumentCache full:https://registry.npmjs.org/loose-envify cache-miss
1669 silly fetch manifest jest-util@^29.7.0
1670 silly packumentCache full:https://registry.npmjs.org/jest-util cache-miss
1671 silly fetch manifest @types/node@*
1672 silly packumentCache full:https://registry.npmjs.org/@types%2fnode cache-miss
1673 silly fetch manifest merge-stream@^2.0.0
1674 silly packumentCache full:https://registry.npmjs.org/merge-stream cache-miss
1675 http fetch GET 200 https://registry.npmjs.org/loose-envify 153ms (cache miss)
1676 silly packumentCache full:https://registry.npmjs.org/loose-envify set size:undefined disposed:false
1677 silly fetch manifest supports-color@^8.0.0
1678 silly packumentCache full:https://registry.npmjs.org/supports-color cache-miss
1679 http cache https://registry.npmjs.org/supports-color 6ms (cache hit)
1680 silly packumentCache full:https://registry.npmjs.org/supports-color set size:124169 disposed:false
1681 silly fetch manifest braces@^3.0.3
1682 silly packumentCache full:https://registry.npmjs.org/braces cache-miss
1683 http fetch GET 200 https://registry.npmjs.org/bser 164ms (cache miss)
1684 silly packumentCache full:https://registry.npmjs.org/bser set size:undefined disposed:false
1685 silly fetch manifest picomatch@^2.3.1
1686 silly packumentCache full:https://registry.npmjs.org/picomatch cache-miss
1687 http fetch GET 200 https://registry.npmjs.org/merge-stream 164ms (cache miss)
1688 silly packumentCache full:https://registry.npmjs.org/merge-stream set size:undefined disposed:false
1689 silly fetch manifest makeerror@1.0.12
1690 silly packumentCache full:https://registry.npmjs.org/makeerror cache-miss
1691 http cache https://registry.npmjs.org/picomatch 4ms (cache hit)
1692 silly packumentCache full:https://registry.npmjs.org/picomatch set size:134451 disposed:false
1693 http fetch GET 200 https://registry.npmjs.org/makeerror 157ms (cache miss)
1694 silly packumentCache full:https://registry.npmjs.org/makeerror set size:undefined disposed:false
1695 http fetch GET 200 https://registry.npmjs.org/braces 482ms (cache miss)
1696 silly packumentCache full:https://registry.npmjs.org/braces set size:undefined disposed:false
1697 http fetch GET 200 https://registry.npmjs.org/jest-util 1534ms (cache miss)
1698 silly packumentCache full:https://registry.npmjs.org/jest-util set size:undefined disposed:false
1699 http fetch GET 200 https://registry.npmjs.org/@types%2fnode 14873ms (cache miss)
1700 silly packumentCache full:https://registry.npmjs.org/@types%2fnode set size:undefined disposed:false
1701 silly placeDep ROOT @xmldom/xmldom@0.8.15 OK for: @expo/plist@0.8.1 want: ^0.8.8
1702 silly placeDep ROOT base64-js@1.5.1 OK for: @expo/plist@0.8.1 want: ^1.5.1
1703 silly placeDep ROOT xmlbuilder@15.1.1 OK for: @expo/plist@0.8.1 want: ^15.1.1
1704 silly placeDep ROOT @react-native/normalize-colors@0.86.3 OK for: @expo/prebuild-config@57.0.16 want: 0.86.3
1705 silly placeDep ROOT @babel/plugin-transform-modules-commonjs@7.29.7 OK for: @expo/require-utils@57.0.5 want: ^7.24.8
1706 silly fetch manifest @babel/helper-plugin-utils@^7.29.7
1707 silly packumentCache full:https://registry.npmjs.org/@babel%2fhelper-plugin-utils cache-miss
1708 http fetch GET 200 https://registry.npmjs.org/@babel%2fhelper-plugin-utils 813ms (cache miss)
1709 silly packumentCache full:https://registry.npmjs.org/@babel%2fhelper-plugin-utils set size:undefined disposed:false
1710 silly placeDep ROOT @babel/helper-plugin-utils@7.29.7 OK for: @babel/plugin-transform-modules-commonjs@7.29.7 want: ^7.29.7
1711 silly placeDep ROOT cross-spawn@7.0.6 OK for: @expo/spawn-async@1.8.0 want: ^7.0.6
1712 silly fetch manifest which@^2.0.1
1713 silly packumentCache full:https://registry.npmjs.org/which cache-miss
1714 silly fetch manifest path-key@^3.1.0
1715 silly packumentCache full:https://registry.npmjs.org/path-key cache-miss
1716 silly fetch manifest shebang-command@^2.0.0
1717 silly packumentCache full:https://registry.npmjs.org/shebang-command cache-miss
1718 http fetch GET 200 https://registry.npmjs.org/shebang-command 521ms (cache miss)
1719 silly packumentCache full:https://registry.npmjs.org/shebang-command set size:undefined disposed:false
1720 http fetch GET 200 https://registry.npmjs.org/path-key 559ms (cache miss)
1721 silly packumentCache full:https://registry.npmjs.org/path-key set size:undefined disposed:false
1722 http fetch GET 200 https://registry.npmjs.org/which 712ms (cache miss)
1723 silly packumentCache full:https://registry.npmjs.org/which set size:undefined disposed:false
1724 silly placeDep ROOT js-yaml@4.3.2 OK for: @expo/xcpretty@4.4.5 want: ^4.1.0
1725 silly fetch manifest argparse@^2.0.1
1726 silly packumentCache full:https://registry.npmjs.org/argparse cache-miss
1727 http fetch GET 200 https://registry.npmjs.org/argparse 316ms (cache miss)
1728 silly packumentCache full:https://registry.npmjs.org/argparse set size:undefined disposed:false
1729 silly placeDep ROOT @jridgewell/resolve-uri@3.1.2 OK for: @jridgewell/trace-mapping@0.3.31 want: ^3.1.0
1730 silly fetch manifest utf-8-validate@^5.0.2
1731 silly packumentCache full:https://registry.npmjs.org/utf-8-validate cache-miss
1732 http cache https://registry.npmjs.org/utf-8-validate 4ms (cache hit)
1733 silly packumentCache full:https://registry.npmjs.org/utf-8-validate set size:77012 disposed:false
1734 silly placeDep ROOT @isaacs/ttlcache@1.4.1 OK for: @react-native/dev-middleware@0.86.3 want: ^1.4.1
1735 silly placeDep ROOT @react-native/debugger-frontend@0.86.3 OK for: @react-native/dev-middleware@0.86.3 want: 0.86.3
1736 silly placeDep ROOT @react-native/debugger-shell@0.86.3 OK for: @react-native/dev-middleware@0.86.3 want: 0.86.3
1737 silly placeDep ROOT chrome-launcher@0.15.2 OK for: @react-native/dev-middleware@0.86.3 want: ^0.15.2
1738 silly placeDep ROOT chromium-edge-launcher@0.3.0 OK for: @react-native/dev-middleware@0.86.3 want: ^0.3.0
1739 silly placeDep ROOT nullthrows@1.1.1 OK for: @react-native/dev-middleware@0.86.3 want: ^1.1.1
1740 silly placeDep ROOT open@7.4.2 OK for: @react-native/dev-middleware@0.86.3 want: ^7.0.3
1741 silly placeDep ROOT serve-static@1.16.3 OK for: @react-native/dev-middleware@0.86.3 want: ^1.16.2
1742 silly placeDep node_modules/@react-native/dev-middleware ws@7.5.13 OK for: @react-native/dev-middleware@0.86.3 want: ^7.5.10
1743 silly fetch manifest fb-dotslash@0.5.8
1744 silly packumentCache full:https://registry.npmjs.org/fb-dotslash cache-miss
1745 silly fetch manifest is-wsl@^2.2.0
1746 silly packumentCache full:https://registry.npmjs.org/is-wsl cache-miss
1747 silly fetch manifest lighthouse-logger@^1.0.0
1748 silly packumentCache full:https://registry.npmjs.org/lighthouse-logger cache-miss
1749 silly fetch manifest escape-string-regexp@^4.0.0
1750 silly packumentCache full:https://registry.npmjs.org/escape-string-regexp cache-miss
1751 silly fetch manifest is-wsl@^2.2.0
1752 silly packumentCache full:https://registry.npmjs.org/is-wsl cache-miss
1753 http fetch GET 200 https://registry.npmjs.org/is-wsl 232ms (cache miss)
1754 silly packumentCache full:https://registry.npmjs.org/is-wsl set size:undefined disposed:false
1755 silly fetch manifest mkdirp@^1.0.4
1756 silly packumentCache full:https://registry.npmjs.org/mkdirp cache-miss
1757 http fetch GET 200 https://registry.npmjs.org/fb-dotslash 234ms (cache miss)
1758 silly packumentCache full:https://registry.npmjs.org/fb-dotslash set size:undefined disposed:false
1759 silly fetch manifest lighthouse-logger@^1.0.0
1760 silly packumentCache full:https://registry.npmjs.org/lighthouse-logger cache-miss
1761 http fetch GET 200 https://registry.npmjs.org/is-wsl 235ms (cache miss)
1762 silly packumentCache full:https://registry.npmjs.org/is-wsl set size:undefined disposed:false
1763 silly fetch manifest escape-string-regexp@^4.0.0
1764 silly packumentCache full:https://registry.npmjs.org/escape-string-regexp cache-miss
1765 http fetch GET 200 https://registry.npmjs.org/escape-string-regexp 292ms (cache miss)
1766 silly packumentCache full:https://registry.npmjs.org/escape-string-regexp set size:undefined disposed:false
1767 silly fetch manifest is-wsl@^2.1.1
1768 silly packumentCache full:https://registry.npmjs.org/is-wsl cache-miss
1769 http fetch GET 200 https://registry.npmjs.org/lighthouse-logger 293ms (cache miss)
1770 silly packumentCache full:https://registry.npmjs.org/lighthouse-logger set size:undefined disposed:false
1771 silly fetch manifest is-docker@^2.0.0
1772 silly packumentCache full:https://registry.npmjs.org/is-docker cache-miss
1773 http cache https://registry.npmjs.org/is-wsl 3ms (cache hit)
1774 silly packumentCache full:https://registry.npmjs.org/is-wsl set size:20683 disposed:false
1775 http fetch GET 200 https://registry.npmjs.org/escape-string-regexp 219ms (cache miss)
1776 silly packumentCache full:https://registry.npmjs.org/escape-string-regexp set size:undefined disposed:false
1777 http fetch GET 200 https://registry.npmjs.org/lighthouse-logger 221ms (cache miss)
1778 silly packumentCache full:https://registry.npmjs.org/lighthouse-logger set size:undefined disposed:false
1779 http fetch GET 200 https://registry.npmjs.org/is-docker 213ms (cache miss)
1780 silly packumentCache full:https://registry.npmjs.org/is-docker set size:undefined disposed:false
1781 http fetch GET 200 https://registry.npmjs.org/mkdirp 437ms (cache miss)
1782 silly packumentCache full:https://registry.npmjs.org/mkdirp set size:undefined disposed:false
1783 silly placeDep ROOT fb-dotslash@0.5.8 OK for: @react-native/debugger-shell@0.86.3 want: 0.5.8
1784 silly placeDep ROOT mime-types@2.1.35 OK for: accepts@1.3.8 want: ~2.1.34
1785 silly placeDep ROOT negotiator@0.6.3 OK for: accepts@1.3.8 want: 0.6.3
1786 silly fetch manifest mime-db@1.52.0
1787 silly packumentCache full:https://registry.npmjs.org/mime-db cache-miss
1788 http fetch GET 200 https://registry.npmjs.org/mime-db 787ms (cache miss)
1789 silly packumentCache full:https://registry.npmjs.org/mime-db set size:undefined disposed:false
1790 silly fetch manifest @babel/core@^7.0.0-0
1791 silly packumentCache full:https://registry.npmjs.org/@babel%2fcore cache-hit
1792 silly fetch manifest @babel/core@^7.12.0
1793 silly packumentCache full:https://registry.npmjs.org/@babel%2fcore cache-hit
1794 silly placeDep ROOT @babel/plugin-proposal-decorators@7.29.7 OK for: babel-preset-expo@57.0.12 want: ^7.12.9
1795 silly placeDep ROOT @babel/plugin-proposal-export-default-from@7.29.7 OK for: babel-preset-expo@57.0.12 want: ^7.24.7
1796 silly placeDep ROOT @babel/plugin-syntax-dynamic-import@7.8.3 OK for: babel-preset-expo@57.0.12 want: ^7.8.3
1797 silly placeDep ROOT @babel/plugin-syntax-export-default-from@7.29.7 OK for: babel-preset-expo@57.0.12 want: ^7.24.7
1798 silly placeDep ROOT @babel/plugin-syntax-nullish-coalescing-operator@7.8.3 OK for: babel-preset-expo@57.0.12 want: ^7.8.3
1799 silly placeDep ROOT @babel/plugin-syntax-optional-chaining@7.8.3 OK for: babel-preset-expo@57.0.12 want: ^7.8.3
1800 silly placeDep ROOT @babel/plugin-transform-async-generator-functions@7.29.7 OK for: babel-preset-expo@57.0.12 want: ^7.25.4
1801 silly placeDep ROOT @babel/plugin-transform-async-to-generator@7.29.7 OK for: babel-preset-expo@57.0.12 want: ^7.24.7
1802 silly placeDep ROOT @babel/plugin-transform-block-scoping@7.29.7 OK for: babel-preset-expo@57.0.12 want: ^7.25.0
1803 silly placeDep ROOT @babel/plugin-transform-class-properties@7.29.7 OK for: babel-preset-expo@57.0.12 want: ^7.25.4
1804 silly placeDep ROOT @babel/plugin-transform-class-static-block@7.29.7 OK for: babel-preset-expo@57.0.12 want: ^7.27.1
1805 silly placeDep ROOT @babel/plugin-transform-classes@7.29.7 OK for: babel-preset-expo@57.0.12 want: ^7.25.4
1806 silly placeDep ROOT @babel/plugin-transform-destructuring@7.29.7 OK for: babel-preset-expo@57.0.12 want: ^7.24.8
1807 silly placeDep ROOT @babel/plugin-transform-export-namespace-from@7.29.7 OK for: babel-preset-expo@57.0.12 want: ^7.25.9
1808 silly placeDep ROOT @babel/plugin-transform-flow-strip-types@7.29.7 OK for: babel-preset-expo@57.0.12 want: ^7.25.2
1809 silly placeDep ROOT @babel/plugin-transform-for-of@7.29.7 OK for: babel-preset-expo@57.0.12 want: ^7.24.7
1810 silly placeDep ROOT @babel/plugin-transform-logical-assignment-operators@7.29.7 OK for: babel-preset-expo@57.0.12 want: ^7.24.7
1811 silly placeDep ROOT @babel/plugin-transform-named-capturing-groups-regex@7.29.7 OK for: babel-preset-expo@57.0.12 want: ^7.24.7
1812 silly placeDep ROOT @babel/plugin-transform-nullish-coalescing-operator@7.29.7 OK for: babel-preset-expo@57.0.12 want: ^7.24.7
1813 silly placeDep ROOT @babel/plugin-transform-object-rest-spread@7.29.7 OK for: babel-preset-expo@57.0.12 want: ^7.24.7
1814 silly placeDep ROOT @babel/plugin-transform-optional-catch-binding@7.29.7 OK for: babel-preset-expo@57.0.12 want: ^7.24.7
1815 silly placeDep ROOT @babel/plugin-transform-optional-chaining@7.29.7 OK for: babel-preset-expo@57.0.12 want: ^7.24.8
1816 silly placeDep ROOT @babel/plugin-transform-parameters@7.29.7 OK for: babel-preset-expo@57.0.12 want: ^7.24.7
1817 silly placeDep ROOT @babel/plugin-transform-private-methods@7.29.7 OK for: babel-preset-expo@57.0.12 want: ^7.24.7
1818 silly placeDep ROOT @babel/plugin-transform-private-property-in-object@7.29.7 OK for: babel-preset-expo@57.0.12 want: ^7.24.7
1819 silly placeDep ROOT @babel/plugin-transform-react-display-name@7.29.7 OK for: babel-preset-expo@57.0.12 want: ^7.24.7
1820 silly placeDep ROOT @babel/plugin-transform-react-jsx@7.29.7 OK for: babel-preset-expo@57.0.12 want: ^7.28.6
1821 silly placeDep ROOT @babel/plugin-transform-react-jsx-development@7.29.7 OK for: babel-preset-expo@57.0.12 want: ^7.27.1
1822 silly placeDep ROOT @babel/plugin-transform-react-pure-annotations@7.29.7 OK for: babel-preset-expo@57.0.12 want: ^7.27.1
1823 silly placeDep ROOT @babel/plugin-transform-runtime@7.29.7 OK for: babel-preset-expo@57.0.12 want: ^7.24.7
1824 silly placeDep ROOT @babel/plugin-transform-typescript@7.29.9 OK for: babel-preset-expo@57.0.12 want: ^7.25.2
1825 silly placeDep ROOT @babel/plugin-transform-unicode-regex@7.29.7 OK for: babel-preset-expo@57.0.12 want: ^7.24.7
1826 silly placeDep ROOT @babel/preset-typescript@7.29.7 OK for: babel-preset-expo@57.0.12 want: ^7.23.0
1827 silly placeDep ROOT @react-native/babel-plugin-codegen@0.86.3 OK for: babel-preset-expo@57.0.12 want: 0.86.3
1828 silly placeDep ROOT babel-plugin-react-compiler@1.0.0 OK for: babel-preset-expo@57.0.12 want: ^1.0.0
1829 silly placeDep ROOT babel-plugin-react-native-web@0.21.2 OK for: babel-preset-expo@57.0.12 want: ~0.21.0
1830 silly placeDep ROOT babel-plugin-syntax-hermes-parser@0.36.1 OK for: babel-preset-expo@57.0.12 want: ^0.36.0
1831 silly placeDep ROOT babel-plugin-transform-flow-enums@0.0.2 OK for: babel-preset-expo@57.0.12 want: ^0.0.2
1832 silly fetch manifest @babel/plugin-syntax-decorators@^7.29.7
1833 silly packumentCache full:https://registry.npmjs.org/@babel%2fplugin-syntax-decorators cache-miss
1834 silly fetch manifest @babel/helper-create-class-features-plugin@^7.29.7
1835 silly packumentCache full:https://registry.npmjs.org/@babel%2fhelper-create-class-features-plugin cache-miss
1836 silly fetch manifest @babel/helper-remap-async-to-generator@^7.29.7
1837 silly packumentCache full:https://registry.npmjs.org/@babel%2fhelper-remap-async-to-generator cache-miss
1838 silly fetch manifest @babel/helper-remap-async-to-generator@^7.29.7
1839 silly packumentCache full:https://registry.npmjs.org/@babel%2fhelper-remap-async-to-generator cache-miss
1840 silly fetch manifest @babel/helper-create-class-features-plugin@^7.29.7
1841 silly packumentCache full:https://registry.npmjs.org/@babel%2fhelper-create-class-features-plugin cache-miss
1842 http fetch GET 200 https://registry.npmjs.org/@babel%2fplugin-syntax-decorators 1030ms (cache miss)
1843 silly packumentCache full:https://registry.npmjs.org/@babel%2fplugin-syntax-decorators set size:undefined disposed:false
1844 silly fetch manifest @babel/helper-create-class-features-plugin@^7.29.7
1845 silly packumentCache full:https://registry.npmjs.org/@babel%2fhelper-create-class-features-plugin cache-miss
1846 http fetch GET 200 https://registry.npmjs.org/@babel%2fhelper-remap-async-to-generator 1198ms (cache miss)
1847 silly packumentCache full:https://registry.npmjs.org/@babel%2fhelper-remap-async-to-generator set size:undefined disposed:false
1848 silly fetch manifest @babel/helper-replace-supers@^7.29.7
1849 silly packumentCache full:https://registry.npmjs.org/@babel%2fhelper-replace-supers cache-miss
1850 http fetch GET 200 https://registry.npmjs.org/@babel%2fhelper-create-class-features-plugin 1301ms (cache miss)
1851 silly packumentCache full:https://registry.npmjs.org/@babel%2fhelper-create-class-features-plugin set size:undefined disposed:false
1852 silly fetch manifest @babel/helper-annotate-as-pure@^7.29.7
1853 silly packumentCache full:https://registry.npmjs.org/@babel%2fhelper-annotate-as-pure cache-miss
1854 http fetch GET 200 https://registry.npmjs.org/@babel%2fhelper-create-class-features-plugin 1950ms (cache miss)
1855 silly packumentCache full:https://registry.npmjs.org/@babel%2fhelper-create-class-features-plugin set size:undefined disposed:false
1856 silly fetch manifest @babel/plugin-syntax-flow@^7.29.7
1857 silly packumentCache full:https://registry.npmjs.org/@babel%2fplugin-syntax-flow cache-miss
1858 http fetch GET 200 https://registry.npmjs.org/@babel%2fhelper-remap-async-to-generator 2154ms (cache miss)
1859 silly packumentCache full:https://registry.npmjs.org/@babel%2fhelper-remap-async-to-generator set size:undefined disposed:false
1860 silly fetch manifest @babel/helper-skip-transparent-expression-wrappers@^7.29.7
1861 silly packumentCache full:https://registry.npmjs.org/@babel%2fhelper-skip-transparent-expression-wrappers cache-miss
1862 http fetch GET 200 https://registry.npmjs.org/@babel%2fhelper-skip-transparent-expression-wrappers 617ms (cache miss)
1863 silly packumentCache full:https://registry.npmjs.org/@babel%2fhelper-skip-transparent-expression-wrappers set size:undefined disposed:false
1864 silly fetch manifest @babel/helper-create-regexp-features-plugin@^7.29.7
1865 silly packumentCache full:https://registry.npmjs.org/@babel%2fhelper-create-regexp-features-plugin cache-miss
1866 http fetch GET 200 https://registry.npmjs.org/@babel%2fhelper-create-class-features-plugin 1837ms (cache miss)
1867 silly packumentCache full:https://registry.npmjs.org/@babel%2fhelper-create-class-features-plugin set size:undefined disposed:false
1868 silly fetch manifest @babel/plugin-transform-parameters@^7.29.7
1869 silly packumentCache full:https://registry.npmjs.org/@babel%2fplugin-transform-parameters cache-miss
1870 http cache https://registry.npmjs.org/@babel%2fplugin-transform-parameters 5ms (cache hit)
1871 silly packumentCache full:https://registry.npmjs.org/@babel%2fplugin-transform-parameters set size:284650 disposed:false
1872 silly fetch manifest @babel/helper-annotate-as-pure@^7.29.7
1873 silly packumentCache full:https://registry.npmjs.org/@babel%2fhelper-annotate-as-pure cache-miss
1874 http fetch GET 200 https://registry.npmjs.org/@babel%2fplugin-syntax-flow 1042ms (cache miss)
1875 silly packumentCache full:https://registry.npmjs.org/@babel%2fplugin-syntax-flow set size:undefined disposed:false
1876 silly fetch manifest @babel/plugin-syntax-jsx@^7.29.7
1877 silly packumentCache full:https://registry.npmjs.org/@babel%2fplugin-syntax-jsx cache-miss
1878 http fetch GET 200 https://registry.npmjs.org/@babel%2fhelper-replace-supers 2208ms (cache miss)
1879 silly packumentCache full:https://registry.npmjs.org/@babel%2fhelper-replace-supers set size:undefined disposed:false
1880 silly fetch manifest @babel/helper-annotate-as-pure@^7.29.7
1881 silly packumentCache full:https://registry.npmjs.org/@babel%2fhelper-annotate-as-pure cache-miss
1882 http fetch GET 200 https://registry.npmjs.org/@babel%2fhelper-create-regexp-features-plugin 726ms (cache miss)
1883 silly packumentCache full:https://registry.npmjs.org/@babel%2fhelper-create-regexp-features-plugin set size:undefined disposed:false
1884 silly fetch manifest @babel/helper-annotate-as-pure@^7.29.7
1885 silly packumentCache full:https://registry.npmjs.org/@babel%2fhelper-annotate-as-pure cache-miss
1886 http fetch GET 200 https://registry.npmjs.org/@babel%2fhelper-annotate-as-pure 775ms (cache miss)
1887 silly packumentCache full:https://registry.npmjs.org/@babel%2fhelper-annotate-as-pure set size:undefined disposed:false
1888 silly fetch manifest babel-plugin-polyfill-corejs2@^0.4.14
1889 silly packumentCache full:https://registry.npmjs.org/babel-plugin-polyfill-corejs2 cache-miss
1890 http fetch GET 200 https://registry.npmjs.org/@babel%2fhelper-annotate-as-pure 2432ms (cache miss)
1891 silly packumentCache full:https://registry.npmjs.org/@babel%2fhelper-annotate-as-pure set size:undefined disposed:false
1892 silly fetch manifest babel-plugin-polyfill-corejs3@^0.13.0
1893 silly packumentCache full:https://registry.npmjs.org/babel-plugin-polyfill-corejs3 cache-miss
1894 http fetch GET 200 https://registry.npmjs.org/@babel%2fplugin-syntax-jsx 761ms (cache miss)
1895 silly packumentCache full:https://registry.npmjs.org/@babel%2fplugin-syntax-jsx set size:undefined disposed:false
1896 silly fetch manifest babel-plugin-polyfill-regenerator@^0.6.5
1897 silly packumentCache full:https://registry.npmjs.org/babel-plugin-polyfill-regenerator cache-miss
1898 http fetch GET 200 https://registry.npmjs.org/@babel%2fhelper-annotate-as-pure 1269ms (cache miss)
1899 silly packumentCache full:https://registry.npmjs.org/@babel%2fhelper-annotate-as-pure set size:undefined disposed:false
1900 silly fetch manifest @babel/plugin-syntax-typescript@^7.29.7
1901 silly packumentCache full:https://registry.npmjs.org/@babel%2fplugin-syntax-typescript cache-miss
1902 http fetch GET 200 https://registry.npmjs.org/@babel%2fhelper-annotate-as-pure 1176ms (cache miss)
1903 silly packumentCache full:https://registry.npmjs.org/@babel%2fhelper-annotate-as-pure set size:undefined disposed:false
1904 silly fetch manifest @react-native/codegen@0.86.3
1905 silly packumentCache full:https://registry.npmjs.org/@react-native%2fcodegen cache-miss
1906 http cache https://registry.npmjs.org/@react-native%2fcodegen 6ms (cache hit)
1907 silly packumentCache full:https://registry.npmjs.org/@react-native%2fcodegen set size:3168164 disposed:false
1908 silly fetch manifest @babel/plugin-syntax-flow@^7.12.1
1909 silly packumentCache full:https://registry.npmjs.org/@babel%2fplugin-syntax-flow cache-miss
1910 http cache https://registry.npmjs.org/@babel%2fplugin-syntax-flow 12ms (cache hit)
1911 silly packumentCache full:https://registry.npmjs.org/@babel%2fplugin-syntax-flow set size:201006 disposed:false
1912 http fetch GET 200 https://registry.npmjs.org/babel-plugin-polyfill-corejs3 971ms (cache miss)
1913 silly packumentCache full:https://registry.npmjs.org/babel-plugin-polyfill-corejs3 set size:undefined disposed:false
1914 http fetch GET 200 https://registry.npmjs.org/babel-plugin-polyfill-corejs2 1104ms (cache miss)
1915 silly packumentCache full:https://registry.npmjs.org/babel-plugin-polyfill-corejs2 set size:undefined disposed:false
1916 http fetch GET 200 https://registry.npmjs.org/babel-plugin-polyfill-regenerator 2817ms (cache miss)
1917 silly packumentCache full:https://registry.npmjs.org/babel-plugin-polyfill-regenerator set size:undefined disposed:false
1918 http fetch GET 200 https://registry.npmjs.org/@babel%2fplugin-syntax-typescript 1969ms (cache miss)
1919 silly packumentCache full:https://registry.npmjs.org/@babel%2fplugin-syntax-typescript set size:undefined disposed:false
1920 silly placeDep ROOT @babel/helper-create-class-features-plugin@7.29.7 OK for: @babel/plugin-proposal-decorators@7.29.7 want: ^7.29.7
1921 silly placeDep ROOT @babel/plugin-syntax-decorators@7.29.7 OK for: @babel/plugin-proposal-decorators@7.29.7 want: ^7.29.7
1922 silly fetch manifest @babel/helper-optimise-call-expression@^7.29.7
1923 silly packumentCache full:https://registry.npmjs.org/@babel%2fhelper-optimise-call-expression cache-miss
1924 silly fetch manifest @babel/helper-member-expression-to-functions@^7.29.7
1925 silly packumentCache full:https://registry.npmjs.org/@babel%2fhelper-member-expression-to-functions cache-miss
1926 http fetch GET 200 https://registry.npmjs.org/@babel%2fhelper-optimise-call-expression 508ms (cache miss)
1927 silly packumentCache full:https://registry.npmjs.org/@babel%2fhelper-optimise-call-expression set size:undefined disposed:false
1928 http fetch GET 200 https://registry.npmjs.org/@babel%2fhelper-member-expression-to-functions 514ms (cache miss)
1929 silly packumentCache full:https://registry.npmjs.org/@babel%2fhelper-member-expression-to-functions set size:undefined disposed:false
1930 silly placeDep ROOT @babel/helper-annotate-as-pure@7.29.7 OK for: @babel/helper-create-class-features-plugin@7.29.7 want: ^7.29.7
1931 silly placeDep ROOT @babel/helper-member-expression-to-functions@7.29.7 OK for: @babel/helper-create-class-features-plugin@7.29.7 want: ^7.29.7
1932 silly placeDep ROOT @babel/helper-optimise-call-expression@7.29.7 OK for: @babel/helper-create-class-features-plugin@7.29.7 want: ^7.29.7
1933 silly placeDep ROOT @babel/helper-replace-supers@7.29.7 OK for: @babel/helper-create-class-features-plugin@7.29.7 want: ^7.29.7
1934 silly placeDep ROOT @babel/helper-skip-transparent-expression-wrappers@7.29.7 OK for: @babel/helper-create-class-features-plugin@7.29.7 want: ^7.29.7
1935 silly placeDep node_modules/@babel/helper-create-class-features-plugin semver@6.3.1 OK for: @babel/helper-create-class-features-plugin@7.29.7 want: ^6.3.1
1936 silly placeDep ROOT @babel/helper-remap-async-to-generator@7.29.7 OK for: @babel/plugin-transform-async-generator-functions@7.29.7 want: ^7.29.7
1937 silly fetch manifest @babel/helper-wrap-function@^7.29.7
1938 silly packumentCache full:https://registry.npmjs.org/@babel%2fhelper-wrap-function cache-miss
1939 http fetch GET 200 https://registry.npmjs.org/@babel%2fhelper-wrap-function 716ms (cache miss)
1940 silly packumentCache full:https://registry.npmjs.org/@babel%2fhelper-wrap-function set size:undefined disposed:false
1941 silly placeDep ROOT @babel/helper-wrap-function@7.29.7 OK for: @babel/helper-remap-async-to-generator@7.29.7 want: ^7.29.7
1942 silly placeDep ROOT @babel/plugin-syntax-flow@7.29.7 OK for: @babel/plugin-transform-flow-strip-types@7.29.7 want: ^7.29.7
1943 silly placeDep ROOT @babel/helper-create-regexp-features-plugin@7.29.7 OK for: @babel/plugin-transform-named-capturing-groups-regex@7.29.7 want: ^7.29.7
1944 silly fetch manifest regexpu-core@^6.3.1
1945 silly packumentCache full:https://registry.npmjs.org/regexpu-core cache-miss
1946 http fetch GET 200 https://registry.npmjs.org/regexpu-core 555ms (cache miss)
1947 silly packumentCache full:https://registry.npmjs.org/regexpu-core set size:undefined disposed:false
1948 silly placeDep ROOT regexpu-core@6.4.0 OK for: @babel/helper-create-regexp-features-plugin@7.29.7 want: ^6.3.1
1949 silly placeDep node_modules/@babel/helper-create-regexp-features-plugin semver@6.3.1 OK for: @babel/helper-create-regexp-features-plugin@7.29.7 want: ^6.3.1
1950 silly fetch manifest regenerate@^1.4.2
1951 silly packumentCache full:https://registry.npmjs.org/regenerate cache-miss
1952 silly fetch manifest regenerate-unicode-properties@^10.2.2
1953 silly packumentCache full:https://registry.npmjs.org/regenerate-unicode-properties cache-miss
1954 silly fetch manifest regjsgen@^0.8.0
1955 silly packumentCache full:https://registry.npmjs.org/regjsgen cache-miss
1956 silly fetch manifest regjsparser@^0.13.0
1957 silly packumentCache full:https://registry.npmjs.org/regjsparser cache-miss
1958 silly fetch manifest unicode-match-property-ecmascript@^2.0.0
1959 silly packumentCache full:https://registry.npmjs.org/unicode-match-property-ecmascript cache-miss
1960 http fetch GET 200 https://registry.npmjs.org/regjsgen 218ms (cache miss)
1961 silly packumentCache full:https://registry.npmjs.org/regjsgen set size:undefined disposed:false
1962 silly fetch manifest unicode-match-property-value-ecmascript@^2.2.1
1963 silly packumentCache full:https://registry.npmjs.org/unicode-match-property-value-ecmascript cache-miss
1964 http fetch GET 200 https://registry.npmjs.org/unicode-match-property-ecmascript 232ms (cache miss)
1965 silly packumentCache full:https://registry.npmjs.org/unicode-match-property-ecmascript set size:undefined disposed:false
1966 http fetch GET 200 https://registry.npmjs.org/regenerate-unicode-properties 319ms (cache miss)
1967 silly packumentCache full:https://registry.npmjs.org/regenerate-unicode-properties set size:undefined disposed:false
1968 http fetch GET 200 https://registry.npmjs.org/regenerate 389ms (cache miss)
1969 silly packumentCache full:https://registry.npmjs.org/regenerate set size:undefined disposed:false
1970 http fetch GET 200 https://registry.npmjs.org/unicode-match-property-value-ecmascript 219ms (cache miss)
1971 silly packumentCache full:https://registry.npmjs.org/unicode-match-property-value-ecmascript set size:undefined disposed:false
1972 http fetch GET 200 https://registry.npmjs.org/regjsparser 465ms (cache miss)
1973 silly packumentCache full:https://registry.npmjs.org/regjsparser set size:undefined disposed:false
1974 silly placeDep ROOT @babel/plugin-syntax-jsx@7.29.7 OK for: @babel/plugin-transform-react-jsx@7.29.7 want: ^7.29.7
1975 silly placeDep ROOT babel-plugin-polyfill-corejs2@0.4.17 OK for: @babel/plugin-transform-runtime@7.29.7 want: ^0.4.14
1976 silly placeDep ROOT babel-plugin-polyfill-corejs3@0.13.0 OK for: @babel/plugin-transform-runtime@7.29.7 want: ^0.13.0
1977 silly placeDep ROOT babel-plugin-polyfill-regenerator@0.6.8 OK for: @babel/plugin-transform-runtime@7.29.7 want: ^0.6.5
1978 silly placeDep node_modules/@babel/plugin-transform-runtime semver@6.3.1 OK for: @babel/plugin-transform-runtime@7.29.7 want: ^6.3.1
1979 silly fetch manifest @babel/helper-define-polyfill-provider@^0.6.8
1980 silly packumentCache full:https://registry.npmjs.org/@babel%2fhelper-define-polyfill-provider cache-miss
1981 silly fetch manifest core-js-compat@^3.43.0
1982 silly packumentCache full:https://registry.npmjs.org/core-js-compat cache-miss
1983 silly fetch manifest @babel/helper-define-polyfill-provider@^0.6.5
1984 silly packumentCache full:https://registry.npmjs.org/@babel%2fhelper-define-polyfill-provider cache-miss
1985 silly fetch manifest @babel/helper-define-polyfill-provider@^0.6.8
1986 silly packumentCache full:https://registry.npmjs.org/@babel%2fhelper-define-polyfill-provider cache-miss
1987 http fetch GET 200 https://registry.npmjs.org/@babel%2fhelper-define-polyfill-provider 688ms (cache miss)
1988 silly packumentCache full:https://registry.npmjs.org/@babel%2fhelper-define-polyfill-provider set size:undefined disposed:false
1989 http fetch GET 200 https://registry.npmjs.org/@babel%2fhelper-define-polyfill-provider 740ms (cache miss)
1990 silly packumentCache full:https://registry.npmjs.org/@babel%2fhelper-define-polyfill-provider set size:undefined disposed:false
1991 http fetch GET 200 https://registry.npmjs.org/@babel%2fhelper-define-polyfill-provider 751ms (cache miss)
1992 silly packumentCache full:https://registry.npmjs.org/@babel%2fhelper-define-polyfill-provider set size:undefined disposed:false
1993 http fetch GET 200 https://registry.npmjs.org/core-js-compat 1321ms (cache miss)
1994 silly packumentCache full:https://registry.npmjs.org/core-js-compat set size:undefined disposed:false
1995 silly placeDep ROOT @babel/plugin-syntax-typescript@7.29.7 OK for: @babel/plugin-transform-typescript@7.29.9 want: ^7.29.7
1996 silly placeDep ROOT @react-native/codegen@0.86.3 OK for: @react-native/babel-plugin-codegen@0.86.3 want: 0.86.3
1997 silly fetch manifest hermes-parser@0.36.0
1998 silly packumentCache full:https://registry.npmjs.org/hermes-parser cache-hit
1999 silly placeDep node_modules/@react-native/codegen hermes-parser@0.36.0 OK for: @react-native/codegen@0.86.3 want: 0.36.0
2000 silly placeDep ROOT tinyglobby@0.2.17 OK for: @react-native/codegen@0.86.3 want: ^0.2.15
2001 silly placeDep ROOT yargs@17.7.3 OK for: @react-native/codegen@0.86.3 want: ^17.6.2
2002 silly fetch manifest hermes-estree@0.36.0
2003 silly packumentCache full:https://registry.npmjs.org/hermes-estree cache-miss
2004 silly fetch manifest fdir@^6.5.0
2005 silly packumentCache full:https://registry.npmjs.org/fdir cache-miss
2006 silly fetch manifest y18n@^5.0.5
2007 silly packumentCache full:https://registry.npmjs.org/y18n cache-miss
2008 silly fetch manifest cliui@^8.0.1
2009 silly packumentCache full:https://registry.npmjs.org/cliui cache-miss
2010 silly fetch manifest escalade@^3.1.1
2011 silly packumentCache full:https://registry.npmjs.org/escalade cache-miss
2012 http cache https://registry.npmjs.org/hermes-estree 6ms (cache hit)
2013 silly packumentCache full:https://registry.npmjs.org/hermes-estree set size:132569 disposed:false
2014 silly fetch manifest string-width@^4.2.3
2015 silly packumentCache full:https://registry.npmjs.org/string-width cache-miss
2016 http cache https://registry.npmjs.org/string-width 1ms (cache hit)
2017 silly packumentCache full:https://registry.npmjs.org/string-width set size:72458 disposed:false
2018 silly fetch manifest yargs-parser@^21.1.1
2019 silly packumentCache full:https://registry.npmjs.org/yargs-parser cache-miss
2020 http fetch GET 200 https://registry.npmjs.org/y18n 427ms (cache miss)
2021 silly packumentCache full:https://registry.npmjs.org/y18n set size:undefined disposed:false
2022 silly fetch manifest get-caller-file@^2.0.5
2023 silly packumentCache full:https://registry.npmjs.org/get-caller-file cache-miss
2024 http fetch GET 200 https://registry.npmjs.org/fdir 640ms (cache miss)
2025 silly packumentCache full:https://registry.npmjs.org/fdir set size:undefined disposed:false
2026 silly fetch manifest require-directory@^2.1.1
2027 silly packumentCache full:https://registry.npmjs.org/require-directory cache-miss
2028 http fetch GET 200 https://registry.npmjs.org/cliui 653ms (cache miss)
2029 silly packumentCache full:https://registry.npmjs.org/cliui set size:undefined disposed:false
2030 http fetch GET 200 https://registry.npmjs.org/get-caller-file 276ms (cache miss)
2031 silly packumentCache full:https://registry.npmjs.org/get-caller-file set size:undefined disposed:false
2032 http fetch GET 200 https://registry.npmjs.org/yargs-parser 779ms (cache miss)
2033 silly packumentCache full:https://registry.npmjs.org/yargs-parser set size:undefined disposed:false
2034 http fetch GET 200 https://registry.npmjs.org/require-directory 249ms (cache miss)
2035 silly packumentCache full:https://registry.npmjs.org/require-directory set size:undefined disposed:false
2036 http fetch GET 200 https://registry.npmjs.org/escalade 1333ms (cache miss)
2037 silly packumentCache full:https://registry.npmjs.org/escalade set size:undefined disposed:false
2038 silly fetch manifest @babel/core@^7.4.0 || ^8.0.0-0 <8.0.0
2039 silly packumentCache full:https://registry.npmjs.org/@babel%2fcore cache-hit
2040 silly placeDep ROOT @babel/helper-define-polyfill-provider@0.6.8 OK for: babel-plugin-polyfill-corejs2@0.4.17 want: ^0.6.8
2041 silly placeDep node_modules/babel-plugin-polyfill-corejs2 semver@6.3.1 OK for: babel-plugin-polyfill-corejs2@0.4.17 want: ^6.3.1
2042 silly fetch manifest resolve@^1.22.11
2043 silly packumentCache full:https://registry.npmjs.org/resolve cache-miss
2044 silly fetch manifest lodash.debounce@^4.0.8
2045 silly packumentCache full:https://registry.npmjs.org/lodash.debounce cache-miss
2046 http fetch GET 200 https://registry.npmjs.org/lodash.debounce 135ms (cache miss)
2047 silly packumentCache full:https://registry.npmjs.org/lodash.debounce set size:undefined disposed:false
2048 http fetch GET 200 https://registry.npmjs.org/resolve 660ms (cache miss)
2049 silly packumentCache full:https://registry.npmjs.org/resolve set size:undefined disposed:false
2050 silly placeDep ROOT lodash.debounce@4.0.8 OK for: @babel/helper-define-polyfill-provider@0.6.8 want: ^4.0.8
2051 silly placeDep ROOT resolve@1.22.12 OK for: @babel/helper-define-polyfill-provider@0.6.8 want: ^1.22.11
2052 silly fetch manifest es-errors@^1.3.0
2053 silly packumentCache full:https://registry.npmjs.org/es-errors cache-miss
2054 silly fetch manifest path-parse@^1.0.7
2055 silly packumentCache full:https://registry.npmjs.org/path-parse cache-miss
2056 silly fetch manifest is-core-module@^2.16.1
2057 silly packumentCache full:https://registry.npmjs.org/is-core-module cache-miss
2058 silly fetch manifest supports-preserve-symlinks-flag@^1.0.0
2059 silly packumentCache full:https://registry.npmjs.org/supports-preserve-symlinks-flag cache-miss
2060 http fetch GET 200 https://registry.npmjs.org/supports-preserve-symlinks-flag 413ms (cache miss)
2061 silly packumentCache full:https://registry.npmjs.org/supports-preserve-symlinks-flag set size:undefined disposed:false
2062 http fetch GET 200 https://registry.npmjs.org/es-errors 486ms (cache miss)
2063 silly packumentCache full:https://registry.npmjs.org/es-errors set size:undefined disposed:false
2064 http fetch GET 200 https://registry.npmjs.org/is-core-module 878ms (cache miss)
2065 silly packumentCache full:https://registry.npmjs.org/is-core-module set size:undefined disposed:false
2066 http fetch GET 200 https://registry.npmjs.org/path-parse 922ms (cache miss)
2067 silly packumentCache full:https://registry.npmjs.org/path-parse set size:undefined disposed:false
2068 silly placeDep ROOT core-js-compat@3.50.0 OK for: babel-plugin-polyfill-corejs3@0.13.0 want: ^3.43.0
2069 silly placeDep ROOT stream-buffers@2.2.0 OK for: bplist-creator@0.1.0 want: 2.2.x
2070 silly placeDep ROOT big-integer@1.6.52 OK for: bplist-parser@0.3.2 want: 1.6.x
2071 silly fetch manifest browserslist@>= 4.21.0
2072 silly packumentCache full:https://registry.npmjs.org/browserslist cache-miss
2073 http cache https://registry.npmjs.org/browserslist 5ms (cache hit)
2074 silly packumentCache full:https://registry.npmjs.org/browserslist set size:523370 disposed:false
2075 silly placeDep ROOT baseline-browser-mapping@2.11.25 OK for: browserslist@4.29.0 want: ^2.11.23
2076 silly placeDep ROOT caniuse-lite@1.0.30001810 OK for: browserslist@4.29.0 want: ^1.0.30001810
2077 silly placeDep ROOT electron-to-chromium@1.5.431 OK for: browserslist@4.29.0 want: ^1.5.427
2078 silly placeDep ROOT node-releases@2.0.56 OK for: browserslist@4.29.0 want: ^2.0.55
2079 silly placeDep ROOT update-browserslist-db@1.3.3 OK for: browserslist@4.29.0 want: ^1.3.3
2080 silly fetch manifest escalade@^3.2.0
2081 silly packumentCache full:https://registry.npmjs.org/escalade cache-miss
2082 http cache https://registry.npmjs.org/escalade 14ms (cache hit)
2083 silly packumentCache full:https://registry.npmjs.org/escalade set size:33724 disposed:false
2084 silly placeDep ROOT ansi-styles@4.3.0 OK for: chalk@4.1.2 want: ^4.1.0
2085 silly placeDep ROOT supports-color@7.2.0 OK for: chalk@4.1.2 want: ^7.1.0
2086 silly fetch manifest color-convert@^2.0.1
2087 silly packumentCache full:https://registry.npmjs.org/color-convert cache-miss
2088 silly fetch manifest has-flag@^4.0.0
2089 silly packumentCache full:https://registry.npmjs.org/has-flag cache-miss
2090 http fetch GET 200 https://registry.npmjs.org/has-flag 909ms (cache miss)
2091 silly packumentCache full:https://registry.npmjs.org/has-flag set size:undefined disposed:false
2092 http fetch GET 200 https://registry.npmjs.org/color-convert 1023ms (cache miss)
2093 silly packumentCache full:https://registry.npmjs.org/color-convert set size:undefined disposed:false
2094 silly placeDep ROOT color-convert@2.0.1 OK for: ansi-styles@4.3.0 want: ^2.0.1
2095 silly fetch manifest color-name@~1.1.4
2096 silly packumentCache full:https://registry.npmjs.org/color-name cache-miss
2097 http fetch GET 200 https://registry.npmjs.org/color-name 1785ms (cache miss)
2098 silly packumentCache full:https://registry.npmjs.org/color-name set size:undefined disposed:false
2099 silly placeDep ROOT @types/node@26.6.1 OK for: chrome-launcher@0.15.2 want: *
2100 silly placeDep ROOT escape-string-regexp@4.0.0 OK for: chrome-launcher@0.15.2 want: ^4.0.0
2101 silly placeDep ROOT is-wsl@2.2.0 OK for: chrome-launcher@0.15.2 want: ^2.2.0
2102 silly placeDep ROOT lighthouse-logger@1.4.2 OK for: chrome-launcher@0.15.2 want: ^1.0.0
2103 silly fetch manifest undici-types@~8.9.0
2104 silly packumentCache full:https://registry.npmjs.org/undici-types cache-miss
2105 silly fetch manifest debug@^2.6.9
2106 silly packumentCache full:https://registry.npmjs.org/debug cache-hit
2107 silly fetch manifest marky@^1.2.2
2108 silly packumentCache full:https://registry.npmjs.org/marky cache-miss
2109 http fetch GET 200 https://registry.npmjs.org/marky 1677ms (cache miss)
2110 silly packumentCache full:https://registry.npmjs.org/marky set size:undefined disposed:false
2111 http fetch GET 200 https://registry.npmjs.org/undici-types 2258ms (cache miss)
2112 silly packumentCache full:https://registry.npmjs.org/undici-types set size:undefined disposed:false
2113 silly placeDep ROOT undici-types@8.9.0 OK for: @types/node@26.6.1 want: ~8.9.0
2114 silly placeDep ROOT mkdirp@1.0.4 OK for: chromium-edge-launcher@0.3.0 want: ^1.0.4
2115 silly placeDep ROOT color-name@1.1.4 OK for: color-convert@2.0.1 want: ~1.1.4
2116 silly placeDep ROOT bytes@3.1.2 OK for: compression@1.8.2 want: 3.1.2
2117 silly placeDep ROOT compressible@2.0.18 OK for: compression@1.8.2 want: ~2.0.18
2118 silly placeDep node_modules/compression debug@2.6.9 OK for: compression@1.8.2 want: 2.6.9
2119 silly placeDep ROOT destroy@1.2.0 OK for: compression@1.8.2 want: 1.2.0
2120 silly placeDep node_modules/compression negotiator@0.6.4 OK for: compression@1.8.2 want: ~0.6.4
2121 silly placeDep ROOT on-headers@1.1.0 OK for: compression@1.8.2 want: ~1.1.0
2122 silly placeDep ROOT safe-buffer@5.2.1 OK for: compression@1.8.2 want: 5.2.1
2123 silly placeDep ROOT vary@1.1.2 OK for: compression@1.8.2 want: ~1.1.2
2124 silly fetch manifest mime-db@>= 1.43.0 < 2
2125 silly packumentCache full:https://registry.npmjs.org/mime-db cache-miss
2126 silly fetch manifest ms@2.0.0
2127 silly packumentCache full:https://registry.npmjs.org/ms cache-hit
2128 http cache https://registry.npmjs.org/mime-db 2ms (cache hit)
2129 silly packumentCache full:https://registry.npmjs.org/mime-db set size:164953 disposed:false
2130 silly placeDep ROOT mime-db@1.54.0 OK for: compressible@2.0.18 want: >= 1.43.0 < 2
2131 silly placeDep node_modules/connect debug@2.6.9 OK for: connect@3.7.0 want: 2.6.9
2132 silly placeDep ROOT finalhandler@1.1.2 OK for: connect@3.7.0 want: 1.1.2
2133 silly placeDep ROOT parseurl@1.3.3 OK for: connect@3.7.0 want: ~1.3.3
2134 silly placeDep ROOT utils-merge@1.0.1 OK for: connect@3.7.0 want: 1.0.1
2135 silly fetch manifest unpipe@~1.0.0
2136 silly packumentCache full:https://registry.npmjs.org/unpipe cache-miss
2137 silly fetch manifest statuses@~1.5.0
2138 silly packumentCache full:https://registry.npmjs.org/statuses cache-miss
2139 silly fetch manifest encodeurl@~1.0.2
2140 silly packumentCache full:https://registry.npmjs.org/encodeurl cache-miss
2141 silly fetch manifest on-finished@~2.3.0
2142 silly packumentCache full:https://registry.npmjs.org/on-finished cache-miss
2143 http cache https://registry.npmjs.org/statuses 2ms (cache hit)
2144 silly packumentCache full:https://registry.npmjs.org/statuses set size:37117 disposed:false
2145 http cache https://registry.npmjs.org/encodeurl 2ms (cache hit)
2146 silly packumentCache full:https://registry.npmjs.org/encodeurl set size:12296 disposed:false
2147 http cache https://registry.npmjs.org/on-finished 3ms (cache hit)
2148 silly packumentCache full:https://registry.npmjs.org/on-finished set size:23212 disposed:false
2149 http fetch GET 200 https://registry.npmjs.org/unpipe 2652ms (cache miss)
2150 silly packumentCache full:https://registry.npmjs.org/unpipe set size:undefined disposed:false
2151 silly placeDep ROOT path-key@3.1.1 OK for: cross-spawn@7.0.6 want: ^3.1.0
2152 silly placeDep ROOT shebang-command@2.0.0 OK for: cross-spawn@7.0.6 want: ^2.0.0
2153 silly placeDep ROOT which@2.0.2 OK for: cross-spawn@7.0.6 want: ^2.0.1
2154 silly fetch manifest shebang-regex@^3.0.0
2155 silly packumentCache full:https://registry.npmjs.org/shebang-regex cache-miss
2156 silly fetch manifest isexe@^2.0.0
2157 silly packumentCache full:https://registry.npmjs.org/isexe cache-miss
2158 http fetch GET 200 https://registry.npmjs.org/shebang-regex 274ms (cache miss)
2159 silly packumentCache full:https://registry.npmjs.org/shebang-regex set size:undefined disposed:false
2160 http fetch GET 200 https://registry.npmjs.org/isexe 274ms (cache miss)
2161 silly packumentCache full:https://registry.npmjs.org/isexe set size:undefined disposed:false
2162 silly placeDep ROOT ms@2.1.3 OK for: debug@4.4.3 want: ^2.1.3
2163 silly placeDep ROOT fontfaceobserver@2.3.0 OK for: expo-font@57.0.4 want: ^2.1.0
2164 silly placeDep ROOT commander@7.2.0 OK for: expo-modules-autolinking@57.0.13 want: ^7.2.0
2165 silly placeDep ROOT @expo/expo-modules-macros-plugin@0.6.1 OK for: expo-modules-core@57.0.18 want: 0.6.1
2166 silly placeDep ROOT expo-modules-jsi@57.1.0 OK for: expo-modules-core@57.0.18 want: ~57.1.0
2167 silly placeDep ROOT bser@2.1.1 OK for: fb-watchman@2.0.2 want: 2.1.1
2168 silly fetch manifest node-int64@^0.4.0
2169 silly packumentCache full:https://registry.npmjs.org/node-int64 cache-miss
2170 http fetch GET 200 https://registry.npmjs.org/node-int64 774ms (cache miss)
2171 silly packumentCache full:https://registry.npmjs.org/node-int64 set size:undefined disposed:false
2172 silly placeDep ROOT node-int64@0.4.0 OK for: bser@2.1.1 want: ^0.4.0
2173 silly placeDep node_modules/finalhandler debug@2.6.9 OK for: finalhandler@1.1.2 want: 2.6.9
2174 silly placeDep ROOT encodeurl@1.0.2 OK for: finalhandler@1.1.2 want: ~1.0.2
2175 silly placeDep ROOT escape-html@1.0.3 OK for: finalhandler@1.1.2 want: ~1.0.3
2176 silly placeDep ROOT on-finished@2.3.0 OK for: finalhandler@1.1.2 want: ~2.3.0
2177 silly placeDep ROOT statuses@1.5.0 OK for: finalhandler@1.1.2 want: ~1.5.0
2178 silly placeDep ROOT unpipe@1.0.0 OK for: finalhandler@1.1.2 want: ~1.0.0
2179 silly fetch manifest ee-first@1.1.1
2180 silly packumentCache full:https://registry.npmjs.org/ee-first cache-miss
2181 http fetch GET 200 https://registry.npmjs.org/ee-first 216ms (cache miss)
2182 silly packumentCache full:https://registry.npmjs.org/ee-first set size:undefined disposed:false
2183 silly placeDep ROOT minipass@7.1.3 OK for: glob@13.0.6 want: ^7.1.3
2184 silly placeDep ROOT path-scurry@2.0.2 OK for: glob@13.0.6 want: ^2.0.2
2185 silly fetch manifest lru-cache@^11.0.0
2186 silly packumentCache full:https://registry.npmjs.org/lru-cache cache-miss
2187 http cache https://registry.npmjs.org/lru-cache 5ms (cache hit)
2188 silly packumentCache full:https://registry.npmjs.org/lru-cache set size:460407 disposed:false
2189 silly placeDep ROOT hermes-estree@0.36.1 OK for: hermes-parser@0.36.1 want: 0.36.1
2190 silly placeDep ROOT loose-envify@1.4.0 OK for: invariant@2.2.4 want: ^1.0.0
2191 silly placeDep ROOT is-docker@2.2.1 OK for: is-wsl@2.2.0 want: ^2.0.0
2192 silly placeDep ROOT jest-util@29.7.0 OK for: jest-worker@29.7.0 want: ^29.7.0
2193 silly placeDep ROOT merge-stream@2.0.0 OK for: jest-worker@29.7.0 want: ^2.0.0
2194 silly placeDep node_modules/jest-worker supports-color@8.1.1 OK for: jest-worker@29.7.0 want: ^8.0.0
2195 silly fetch manifest picomatch@^2.2.3
2196 silly packumentCache full:https://registry.npmjs.org/picomatch cache-hit
2197 silly fetch manifest @jest/types@^29.6.3
2198 silly packumentCache full:https://registry.npmjs.org/@jest%2ftypes cache-miss
2199 silly fetch manifest graceful-fs@^4.2.9
2200 silly packumentCache full:https://registry.npmjs.org/graceful-fs cache-miss
2201 http cache https://registry.npmjs.org/graceful-fs 3ms (cache hit)
2202 silly packumentCache full:https://registry.npmjs.org/graceful-fs set size:124285 disposed:false
2203 http fetch GET 200 https://registry.npmjs.org/@jest%2ftypes 1315ms (cache miss)
2204 silly packumentCache full:https://registry.npmjs.org/@jest%2ftypes set size:undefined disposed:false
2205 silly placeDep ROOT @jest/types@29.6.3 OK for: jest-util@29.7.0 want: ^29.6.3
2206 silly placeDep ROOT graceful-fs@4.2.11 OK for: jest-util@29.7.0 want: ^4.2.9
2207 silly placeDep node_modules/jest-util picomatch@2.3.2 OK for: jest-util@29.7.0 want: ^2.2.3
2208 silly fetch manifest @types/yargs@^17.0.8
2209 silly packumentCache full:https://registry.npmjs.org/@types%2fyargs cache-miss
2210 silly fetch manifest @types/istanbul-reports@^3.0.0
2211 silly packumentCache full:https://registry.npmjs.org/@types%2fistanbul-reports cache-miss
2212 silly fetch manifest @types/istanbul-lib-coverage@^2.0.0
2213 silly packumentCache full:https://registry.npmjs.org/@types%2fistanbul-lib-coverage cache-miss
2214 http fetch GET 200 https://registry.npmjs.org/@types%2fistanbul-reports 213ms (cache miss)
2215 silly packumentCache full:https://registry.npmjs.org/@types%2fistanbul-reports set size:undefined disposed:false
2216 http fetch GET 200 https://registry.npmjs.org/@types%2fistanbul-lib-coverage 241ms (cache miss)
2217 silly packumentCache full:https://registry.npmjs.org/@types%2fistanbul-lib-coverage set size:undefined disposed:false
2218 http fetch GET 200 https://registry.npmjs.org/@types%2fyargs 1362ms (cache miss)
2219 silly packumentCache full:https://registry.npmjs.org/@types%2fyargs set size:undefined disposed:false
2220 silly placeDep ROOT @jest/schemas@29.6.3 OK for: @jest/types@29.6.3 want: ^29.6.3
2221 silly placeDep ROOT @types/istanbul-lib-coverage@2.0.6 OK for: @jest/types@29.6.3 want: ^2.0.0
2222 silly placeDep ROOT @types/istanbul-reports@3.0.4 OK for: @jest/types@29.6.3 want: ^3.0.0
2223 silly placeDep ROOT @types/yargs@17.0.35 OK for: @jest/types@29.6.3 want: ^17.0.8
2224 silly fetch manifest @sinclair/typebox@^0.27.8
2225 silly packumentCache full:https://registry.npmjs.org/@sinclair%2ftypebox cache-miss
2226 silly fetch manifest @types/istanbul-lib-report@*
2227 silly packumentCache full:https://registry.npmjs.org/@types%2fistanbul-lib-report cache-miss
2228 silly fetch manifest @types/yargs-parser@*
2229 silly packumentCache full:https://registry.npmjs.org/@types%2fyargs-parser cache-miss
2230 http fetch GET 200 https://registry.npmjs.org/@types%2fistanbul-lib-report 182ms (cache miss)
2231 silly packumentCache full:https://registry.npmjs.org/@types%2fistanbul-lib-report set size:undefined disposed:false
2232 http fetch GET 200 https://registry.npmjs.org/@types%2fyargs-parser 196ms (cache miss)
2233 silly packumentCache full:https://registry.npmjs.org/@types%2fyargs-parser set size:undefined disposed:false
2234 http fetch GET 200 https://registry.npmjs.org/@sinclair%2ftypebox 2715ms (cache miss)
2235 silly packumentCache full:https://registry.npmjs.org/@sinclair%2ftypebox set size:undefined disposed:false
2236 silly placeDep ROOT @sinclair/typebox@0.27.12 OK for: @jest/schemas@29.6.3 want: ^0.27.8
2237 silly placeDep ROOT @types/istanbul-lib-report@3.0.3 OK for: @types/istanbul-reports@3.0.4 want: *
2238 silly placeDep ROOT @types/yargs-parser@21.0.3 OK for: @types/yargs@17.0.35 want: *
2239 silly placeDep ROOT argparse@2.0.1 OK for: js-yaml@4.3.2 want: ^2.0.1
2240 silly placeDep node_modules/lighthouse-logger debug@2.6.9 OK for: lighthouse-logger@1.4.2 want: ^2.6.9
2241 silly placeDep ROOT marky@1.3.0 OK for: lighthouse-logger@1.4.2 want: ^1.2.2
2242 silly placeDep ROOT detect-libc@2.1.2 OK for: lightningcss@1.33.0 want: ^2.0.3
2243 silly placeDep ROOT lightningcss-android-arm64@1.33.0 OK for: lightningcss@1.33.0 want: 1.33.0
2244 silly placeDep ROOT lightningcss-darwin-arm64@1.33.0 OK for: lightningcss@1.33.0 want: 1.33.0
2245 silly placeDep ROOT lightningcss-darwin-x64@1.33.0 OK for: lightningcss@1.33.0 want: 1.33.0
2246 silly placeDep ROOT lightningcss-freebsd-x64@1.33.0 OK for: lightningcss@1.33.0 want: 1.33.0
2247 silly placeDep ROOT lightningcss-linux-arm-gnueabihf@1.33.0 OK for: lightningcss@1.33.0 want: 1.33.0
2248 silly placeDep ROOT lightningcss-linux-arm64-gnu@1.33.0 OK for: lightningcss@1.33.0 want: 1.33.0
2249 silly placeDep ROOT lightningcss-linux-arm64-musl@1.33.0 OK for: lightningcss@1.33.0 want: 1.33.0
2250 silly placeDep ROOT lightningcss-linux-x64-gnu@1.33.0 OK for: lightningcss@1.33.0 want: 1.33.0
2251 silly placeDep ROOT lightningcss-linux-x64-musl@1.33.0 OK for: lightningcss@1.33.0 want: 1.33.0
2252 silly placeDep ROOT lightningcss-win32-arm64-msvc@1.33.0 OK for: lightningcss@1.33.0 want: 1.33.0
2253 silly placeDep ROOT lightningcss-win32-x64-msvc@1.33.0 OK for: lightningcss@1.33.0 want: 1.33.0
2254 silly placeDep ROOT yallist@3.1.1 OK for: lru-cache@5.1.1 want: ^3.0.2
2255 silly placeDep node_modules/metro accepts@2.0.0 OK for: metro@0.84.5 want: ^2.0.0
2256 silly placeDep node_modules/metro ci-info@2.0.0 OK for: metro@0.84.5 want: ^2.0.0
2257 silly placeDep ROOT error-stack-parser@2.1.4 OK for: metro@0.84.5 want: ^2.0.6
2258 silly placeDep ROOT flow-enums-runtime@0.0.6 OK for: metro@0.84.5 want: ^0.0.6
2259 silly placeDep node_modules/metro hermes-parser@0.35.0 OK for: metro@0.84.5 want: 0.35.0
2260 silly placeDep ROOT lodash.throttle@4.1.1 OK for: metro@0.84.5 want: ^4.1.1
2261 silly placeDep node_modules/metro mime-types@3.0.2 OK for: metro@0.84.5 want: ^3.0.1
2262 silly placeDep ROOT serialize-error@2.1.0 OK for: metro@0.84.5 want: ^2.1.0
2263 silly placeDep ROOT source-map@0.5.7 OK for: metro@0.84.5 want: ^0.5.6
2264 silly placeDep ROOT throat@5.0.0 OK for: metro@0.84.5 want: ^5.0.0
2265 silly placeDep node_modules/metro ws@7.5.13 OK for: metro@0.84.5 want: ^7.5.10
2266 silly fetch manifest mime-types@^3.0.0
2267 silly packumentCache full:https://registry.npmjs.org/mime-types cache-hit
2268 silly fetch manifest negotiator@^1.0.0
2269 silly packumentCache full:https://registry.npmjs.org/negotiator cache-hit
2270 silly fetch manifest stackframe@^1.3.4
2271 silly packumentCache full:https://registry.npmjs.org/stackframe cache-miss
2272 silly fetch manifest hermes-estree@0.35.0
2273 silly packumentCache full:https://registry.npmjs.org/hermes-estree cache-hit
2274 http fetch GET 200 https://registry.npmjs.org/stackframe 1628ms (cache miss)
2275 silly packumentCache full:https://registry.npmjs.org/stackframe set size:undefined disposed:false
2276 silly placeDep ROOT stackframe@1.3.4 OK for: error-stack-parser@2.1.4 want: ^1.3.4
2277 silly placeDep node_modules/metro-babel-transformer hermes-parser@0.35.0 OK for: metro-babel-transformer@0.84.5 want: 0.35.0
2278 silly placeDep ROOT exponential-backoff@3.1.3 OK for: metro-cache@0.84.5 want: ^3.1.1
2279 silly placeDep ROOT https-proxy-agent@7.0.6 OK for: metro-cache@0.84.5 want: ^7.0.5
2280 silly fetch manifest agent-base@^7.1.2
2281 silly packumentCache full:https://registry.npmjs.org/agent-base cache-miss
2282 http fetch GET 200 https://registry.npmjs.org/agent-base 1718ms (cache miss)
2283 silly packumentCache full:https://registry.npmjs.org/agent-base set size:undefined disposed:false
2284 silly placeDep ROOT agent-base@7.1.4 OK for: https-proxy-agent@7.0.6 want: ^7.1.2
2285 silly placeDep ROOT jest-validate@29.7.0 OK for: metro-config@0.84.5 want: ^29.7.0
2286 silly placeDep ROOT yaml@2.9.1 OK for: metro-config@0.84.5 want: ^2.6.1
2287 silly fetch manifest leven@^3.1.0
2288 silly packumentCache full:https://registry.npmjs.org/leven cache-miss
2289 silly fetch manifest camelcase@^6.2.0
2290 silly packumentCache full:https://registry.npmjs.org/camelcase cache-miss
2291 silly fetch manifest jest-get-type@^29.6.3
2292 silly packumentCache full:https://registry.npmjs.org/jest-get-type cache-miss
2293 http fetch GET 200 https://registry.npmjs.org/leven 1629ms (cache miss)
2294 silly packumentCache full:https://registry.npmjs.org/leven set size:undefined disposed:false
2295 http fetch GET 200 https://registry.npmjs.org/camelcase 1827ms (cache miss)
2296 silly packumentCache full:https://registry.npmjs.org/camelcase set size:undefined disposed:false
2297 http fetch GET 200 https://registry.npmjs.org/jest-get-type 2258ms (cache miss)
2298 silly packumentCache full:https://registry.npmjs.org/jest-get-type set size:undefined disposed:false
2299 silly placeDep ROOT camelcase@6.3.0 OK for: jest-validate@29.7.0 want: ^6.2.0
2300 silly placeDep ROOT jest-get-type@29.6.3 OK for: jest-validate@29.7.0 want: ^29.6.3
2301 silly placeDep ROOT leven@3.1.0 OK for: jest-validate@29.7.0 want: ^3.1.0
2302 silly placeDep ROOT terser@5.51.2 OK for: metro-minify-terser@0.84.5 want: ^5.15.0
2303 silly fetch manifest acorn@^8.15.0
2304 silly packumentCache full:https://registry.npmjs.org/acorn cache-miss
2305 silly fetch manifest commander@^2.20.0
2306 silly packumentCache full:https://registry.npmjs.org/commander cache-hit
2307 silly fetch manifest source-map-support@~0.5.20
2308 silly packumentCache full:https://registry.npmjs.org/source-map-support cache-miss
2309 silly fetch manifest @jridgewell/source-map@^0.3.3
2310 silly packumentCache full:https://registry.npmjs.org/@jridgewell%2fsource-map cache-miss
2311 http fetch GET 200 https://registry.npmjs.org/@jridgewell%2fsource-map 2112ms (cache miss)
2312 silly packumentCache full:https://registry.npmjs.org/@jridgewell%2fsource-map set size:undefined disposed:false
2313 http fetch GET 200 https://registry.npmjs.org/acorn 3002ms (cache miss)
2314 silly packumentCache full:https://registry.npmjs.org/acorn set size:undefined disposed:false
2315 http fetch GET 200 https://registry.npmjs.org/source-map-support 3429ms (cache miss)
2316 silly packumentCache full:https://registry.npmjs.org/source-map-support set size:undefined disposed:false
2317 silly placeDep ROOT ob1@0.84.5 OK for: metro-source-map@0.84.5 want: 0.84.5
2318 silly placeDep ROOT vlq@1.0.1 OK for: metro-source-map@0.84.5 want: ^1.0.0
2319 silly placeDep ROOT braces@3.0.3 OK for: micromatch@4.0.8 want: ^3.0.3
2320 silly placeDep node_modules/micromatch picomatch@2.3.2 OK for: micromatch@4.0.8 want: ^2.3.1
2321 silly fetch manifest fill-range@^7.1.1
2322 silly packumentCache full:https://registry.npmjs.org/fill-range cache-miss
2323 http fetch GET 200 https://registry.npmjs.org/fill-range 1623ms (cache miss)
2324 silly packumentCache full:https://registry.npmjs.org/fill-range set size:undefined disposed:false
2325 silly placeDep ROOT fill-range@7.1.1 OK for: braces@3.0.3 want: ^7.1.1
2326 silly fetch manifest to-regex-range@^5.0.1
2327 silly packumentCache full:https://registry.npmjs.org/to-regex-range cache-miss
2328 http fetch GET 200 https://registry.npmjs.org/to-regex-range 404ms (cache miss)
2329 silly packumentCache full:https://registry.npmjs.org/to-regex-range set size:undefined disposed:false
2330 silly placeDep ROOT to-regex-range@5.0.1 OK for: fill-range@7.1.1 want: ^5.0.1
2331 silly fetch manifest is-number@^7.0.0
2332 silly packumentCache full:https://registry.npmjs.org/is-number cache-miss
2333 http fetch GET 200 https://registry.npmjs.org/is-number 1003ms (cache miss)
2334 silly packumentCache full:https://registry.npmjs.org/is-number set size:undefined disposed:false
2335 silly placeDep node_modules/mime-types mime-db@1.52.0 OK for: mime-types@2.1.35 want: 1.52.0
2336 silly placeDep ROOT brace-expansion@5.0.12 OK for: minimatch@10.2.6 want: ^5.0.8
2337 silly fetch manifest balanced-match@^4.0.2
2338 silly packumentCache full:https://registry.npmjs.org/balanced-match cache-miss
2339 http fetch GET 200 https://registry.npmjs.org/balanced-match 492ms (cache miss)
2340 silly packumentCache full:https://registry.npmjs.org/balanced-match set size:undefined disposed:false
2341 silly placeDep ROOT balanced-match@4.0.4 OK for: brace-expansion@5.0.12 want: ^4.0.2
2342 silly placeDep ROOT hosted-git-info@7.0.2 OK for: npm-package-arg@11.0.3 want: ^7.0.0
2343 silly placeDep ROOT proc-log@4.2.0 OK for: npm-package-arg@11.0.3 want: ^4.0.0
2344 silly placeDep ROOT validate-npm-package-name@5.0.1 OK for: npm-package-arg@11.0.3 want: ^5.0.0
2345 silly fetch manifest lru-cache@^10.0.1
2346 silly packumentCache full:https://registry.npmjs.org/lru-cache cache-hit
2347 silly placeDep node_modules/hosted-git-info lru-cache@10.4.3 OK for: hosted-git-info@7.0.2 want: ^10.0.1
2348 silly placeDep ROOT ee-first@1.1.1 OK for: on-finished@2.3.0 want: 1.1.1
2349 silly placeDep node_modules/ora chalk@2.4.2 OK for: ora@3.4.0 want: ^2.4.2
2350 silly placeDep ROOT cli-cursor@2.1.0 OK for: ora@3.4.0 want: ^2.1.0
2351 silly placeDep ROOT cli-spinners@2.9.2 OK for: ora@3.4.0 want: ^2.0.0
2352 silly placeDep ROOT log-symbols@2.2.0 OK for: ora@3.4.0 want: ^2.2.0
2353 silly placeDep ROOT strip-ansi@5.2.0 OK for: ora@3.4.0 want: ^5.2.0
2354 silly placeDep ROOT wcwidth@1.0.1 OK for: ora@3.4.0 want: ^1.0.1
2355 silly fetch manifest ansi-styles@^3.2.1
2356 silly packumentCache full:https://registry.npmjs.org/ansi-styles cache-hit
2357 silly fetch manifest supports-color@^5.3.0
2358 silly packumentCache full:https://registry.npmjs.org/supports-color cache-hit
2359 silly fetch manifest escape-string-regexp@^1.0.5
2360 silly packumentCache full:https://registry.npmjs.org/escape-string-regexp cache-miss
2361 silly fetch manifest restore-cursor@^2.0.0
2362 silly packumentCache full:https://registry.npmjs.org/restore-cursor cache-miss
2363 silly fetch manifest chalk@^2.0.1
2364 silly packumentCache full:https://registry.npmjs.org/chalk cache-hit
2365 silly fetch manifest ansi-regex@^4.1.0
2366 silly packumentCache full:https://registry.npmjs.org/ansi-regex cache-miss
2367 silly fetch manifest defaults@^1.0.3
2368 silly packumentCache full:https://registry.npmjs.org/defaults cache-miss
2369 http cache https://registry.npmjs.org/escape-string-regexp 6ms (cache hit)
2370 silly packumentCache full:https://registry.npmjs.org/escape-string-regexp set size:22244 disposed:false
2371 http cache https://registry.npmjs.org/ansi-regex 5ms (cache hit)
2372 silly packumentCache full:https://registry.npmjs.org/ansi-regex set size:48203 disposed:false
2373 http fetch GET 200 https://registry.npmjs.org/defaults 388ms (cache miss)
2374 silly packumentCache full:https://registry.npmjs.org/defaults set size:undefined disposed:false
2375 http fetch GET 200 https://registry.npmjs.org/restore-cursor 391ms (cache miss)
2376 silly packumentCache full:https://registry.npmjs.org/restore-cursor set size:undefined disposed:false
2377 silly placeDep ROOT restore-cursor@2.0.0 OK for: cli-cursor@2.1.0 want: ^2.0.0
2378 silly fetch manifest onetime@^2.0.0
2379 silly packumentCache full:https://registry.npmjs.org/onetime cache-miss
2380 silly fetch manifest signal-exit@^3.0.2
2381 silly packumentCache full:https://registry.npmjs.org/signal-exit cache-miss
2382 http fetch GET 200 https://registry.npmjs.org/onetime 404ms (cache miss)
2383 silly packumentCache full:https://registry.npmjs.org/onetime set size:undefined disposed:false
2384 http fetch GET 200 https://registry.npmjs.org/signal-exit 1080ms (cache miss)
2385 silly packumentCache full:https://registry.npmjs.org/signal-exit set size:undefined disposed:false
2386 silly placeDep node_modules/log-symbols chalk@2.4.2 OK for: log-symbols@2.2.0 want: ^2.0.1
2387 silly placeDep ROOT pngjs@3.4.0 OK for: parse-png@2.1.0 want: ^3.3.0
2388 silly placeDep node_modules/path-scurry lru-cache@11.5.2 OK for: path-scurry@2.0.2 want: ^11.0.0
2389 silly placeDep ROOT nanoid@3.3.19 OK for: postcss@8.5.28 want: ^3.3.18
2390 silly placeDep ROOT source-map-js@1.2.1 OK for: postcss@8.5.28 want: ^1.2.1
2391 silly placeDep node_modules/pretty-format ansi-styles@5.2.0 OK for: pretty-format@29.7.0 want: ^5.0.0
2392 silly placeDep ROOT react-is@18.3.1 OK for: pretty-format@29.7.0 want: ^18.0.0
2393 silly placeDep ROOT kleur@3.0.3 OK for: prompts@2.4.2 want: ^3.0.3
2394 silly placeDep ROOT sisteransi@1.0.5 OK for: prompts@2.4.2 want: ^1.0.5
2395 silly fetch manifest react@^19.2.3
2396 silly packumentCache full:https://registry.npmjs.org/react cache-miss
2397 http cache https://registry.npmjs.org/react 15ms (cache hit)
2398 silly packumentCache full:https://registry.npmjs.org/react set size:6997055 disposed:false
2399 silly fetch manifest react-native@0.87.1
2400 silly packumentCache full:https://registry.npmjs.org/react-native cache-miss
2401 http cache https://registry.npmjs.org/react-native 25ms (cache hit)
2402 silly packumentCache full:https://registry.npmjs.org/react-native set size:15843528 disposed:false
2403 silly fetch manifest @react-native-community/cli@*
2404 silly packumentCache full:https://registry.npmjs.org/@react-native-community%2fcli cache-miss
2405 http fetch GET 200 https://registry.npmjs.org/@react-native-community%2fcli 2755ms (cache miss)
2406 silly packumentCache full:https://registry.npmjs.org/@react-native-community%2fcli set size:undefined disposed:false
2407 silly fetch manifest @react-native/metro-config@0.87.1
2408 silly packumentCache full:https://registry.npmjs.org/@react-native%2fmetro-config cache-miss
2409 http cache https://registry.npmjs.org/@react-native%2fmetro-config 9ms (cache hit)
2410 silly packumentCache full:https://registry.npmjs.org/@react-native%2fmetro-config set size:2461817 disposed:false
2411 silly placeDep ROOT @react-native/asset-utils@0.87.1 OK for: react-native@0.87.1 want: 0.87.1
2412 silly placeDep node_modules/react-native @react-native/codegen@0.87.1 OK for: react-native@0.87.1 want: 0.87.1
2413 silly placeDep ROOT @react-native/community-cli-plugin@0.87.1 OK for: react-native@0.87.1 want: 0.87.1
2414 silly placeDep ROOT @react-native/gradle-plugin@0.87.1 OK for: react-native@0.87.1 want: 0.87.1
2415 silly placeDep node_modules/react-native @react-native/normalize-colors@0.87.1 OK for: react-native@0.87.1 want: 0.87.1
2416 silly placeDep ROOT @react-native/virtualized-lists@0.87.1 OK for: react-native@0.87.1 want: 0.87.1
2417 silly placeDep ROOT ansi-regex@5.0.1 OK for: react-native@0.87.1 want: ^5.0.0
2418 silly placeDep node_modules/react-native commander@12.1.0 OK for: react-native@0.87.1 want: ^12.0.0
2419 silly placeDep ROOT hermes-compiler@250829098.0.17 OK for: react-native@0.87.1 want: 250829098.0.17
2420 silly placeDep ROOT memoize-one@5.2.1 OK for: react-native@0.87.1 want: ^5.0.0
2421 silly placeDep node_modules/react-native metro-runtime@0.87.1 OK for: react-native@0.87.1 want: ^0.87.0
2422 silly placeDep node_modules/react-native metro-source-map@0.87.1 OK for: react-native@0.87.1 want: ^0.87.0
2423 silly placeDep ROOT promise@8.3.0 OK for: react-native@0.87.1 want: ^8.3.0
2424 silly placeDep ROOT react-devtools-core@6.1.5 OK for: react-native@0.87.1 want: ^6.1.5
2425 silly placeDep ROOT regenerator-runtime@0.13.11 OK for: react-native@0.87.1 want: ^0.13.2
2426 silly placeDep ROOT scheduler@0.27.0 OK for: react-native@0.87.1 want: 0.27.0
2427 silly placeDep ROOT whatwg-fetch@3.6.20 OK for: react-native@0.87.1 want: ^3.0.0
2428 silly placeDep node_modules/react-native ws@7.5.13 OK for: react-native@0.87.1 want: ^7.5.10
2429 silly fetch manifest metro@^0.87.0
2430 silly packumentCache full:https://registry.npmjs.org/metro cache-miss
2431 silly fetch manifest @react-native/dev-middleware@0.87.1
2432 silly packumentCache full:https://registry.npmjs.org/@react-native%2fdev-middleware cache-miss
2433 silly fetch manifest ob1@0.87.1
2434 silly packumentCache full:https://registry.npmjs.org/ob1 cache-miss
2435 silly fetch manifest metro-symbolicate@0.87.1
2436 silly packumentCache full:https://registry.npmjs.org/metro-symbolicate cache-miss
2437 silly fetch manifest asap@~2.0.6
2438 silly packumentCache full:https://registry.npmjs.org/asap cache-miss
2439 http cache https://registry.npmjs.org/metro 9ms (cache hit)
2440 silly packumentCache full:https://registry.npmjs.org/metro set size:750748 disposed:false
2441 silly fetch manifest ws@^7
2442 silly packumentCache full:https://registry.npmjs.org/ws cache-hit
2443 silly fetch manifest shell-quote@^1.6.1
2444 silly packumentCache full:https://registry.npmjs.org/shell-quote cache-miss
2445 http cache https://registry.npmjs.org/ob1 16ms (cache hit)
2446 silly packumentCache full:https://registry.npmjs.org/ob1 set size:236798 disposed:false
2447 http cache https://registry.npmjs.org/@react-native%2fdev-middleware 19ms (cache hit)
2448 silly packumentCache full:https://registry.npmjs.org/@react-native%2fdev-middleware set size:2709139 disposed:false
2449 http cache https://registry.npmjs.org/metro-symbolicate 25ms (cache hit)
2450 silly packumentCache full:https://registry.npmjs.org/metro-symbolicate set size:275961 disposed:false
2451 http fetch GET 200 https://registry.npmjs.org/asap 1326ms (cache miss)
2452 silly packumentCache full:https://registry.npmjs.org/asap set size:undefined disposed:false
2453 http fetch GET 200 https://registry.npmjs.org/shell-quote 1455ms (cache miss)
2454 silly packumentCache full:https://registry.npmjs.org/shell-quote set size:undefined disposed:false
2455 silly placeDep node_modules/@react-native/community-cli-plugin @react-native/dev-middleware@0.87.1 OK for: @react-native/community-cli-plugin@0.87.1 want: 0.87.1
2456 silly placeDep node_modules/@react-native/community-cli-plugin metro@0.87.1 OK for: @react-native/community-cli-plugin@0.87.1 want: ^0.87.0
2457 silly fetch manifest @react-native/debugger-shell@0.87.1
2458 silly packumentCache full:https://registry.npmjs.org/@react-native%2fdebugger-shell cache-miss
2459 silly fetch manifest @react-native/debugger-frontend@0.87.1
2460 silly packumentCache full:https://registry.npmjs.org/@react-native%2fdebugger-frontend cache-miss
2461 silly fetch manifest metro-core@0.87.1
2462 silly packumentCache full:https://registry.npmjs.org/metro-core cache-miss
2463 silly fetch manifest flow-parser@0.331.0
2464 silly packumentCache full:https://registry.npmjs.org/flow-parser cache-miss
2465 silly fetch manifest metro-cache@0.87.1
2466 silly packumentCache full:https://registry.npmjs.org/metro-cache cache-miss
2467 http cache https://registry.npmjs.org/@react-native%2fdebugger-shell 8ms (cache hit)
2468 silly packumentCache full:https://registry.npmjs.org/@react-native%2fdebugger-shell set size:1104840 disposed:false
2469 silly fetch manifest metro-config@0.87.1
2470 silly packumentCache full:https://registry.npmjs.org/metro-config cache-miss
2471 http cache https://registry.npmjs.org/metro-cache 12ms (cache hit)
2472 silly packumentCache full:https://registry.npmjs.org/metro-cache set size:385901 disposed:false
2473 silly fetch manifest metro-runtime@0.87.1
2474 silly packumentCache full:https://registry.npmjs.org/metro-runtime cache-hit
2475 silly fetch manifest metro-file-map@0.87.1
2476 silly packumentCache full:https://registry.npmjs.org/metro-file-map cache-miss
2477 http cache https://registry.npmjs.org/metro-core 15ms (cache hit)
2478 silly packumentCache full:https://registry.npmjs.org/metro-core set size:404954 disposed:false
2479 silly fetch manifest metro-resolver@0.87.1
2480 silly packumentCache full:https://registry.npmjs.org/metro-resolver cache-miss
2481 http cache https://registry.npmjs.org/@react-native%2fdebugger-frontend 20ms (cache hit)
2482 silly packumentCache full:https://registry.npmjs.org/@react-native%2fdebugger-frontend set size:2154788 disposed:false
2483 silly fetch manifest metro-cache-key@0.87.1
2484 silly packumentCache full:https://registry.npmjs.org/metro-cache-key cache-miss
2485 http cache https://registry.npmjs.org/metro-config 21ms (cache hit)
2486 silly packumentCache full:https://registry.npmjs.org/metro-config set size:347489 disposed:false
2487 silly fetch manifest metro-source-map@0.87.1
2488 silly packumentCache full:https://registry.npmjs.org/metro-source-map cache-hit
2489 silly fetch manifest metro-transform-worker@0.87.1
2490 silly packumentCache full:https://registry.npmjs.org/metro-transform-worker cache-miss
2491 http cache https://registry.npmjs.org/metro-cache-key 10ms (cache hit)
2492 silly packumentCache full:https://registry.npmjs.org/metro-cache-key set size:215295 disposed:false
2493 silly fetch manifest metro-babel-transformer@0.87.1
2494 silly packumentCache full:https://registry.npmjs.org/metro-babel-transformer cache-miss
2495 http cache https://registry.npmjs.org/metro-file-map 23ms (cache hit)
2496 silly packumentCache full:https://registry.npmjs.org/metro-file-map set size:205147 disposed:false
2497 silly fetch manifest metro-transform-plugins@0.87.1
2498 silly packumentCache full:https://registry.npmjs.org/metro-transform-plugins cache-miss
2499 http cache https://registry.npmjs.org/metro-resolver 22ms (cache hit)
2500 silly packumentCache full:https://registry.npmjs.org/metro-resolver set size:374162 disposed:false
2501 http cache https://registry.npmjs.org/metro-transform-plugins 7ms (cache hit)
2502 silly packumentCache full:https://registry.npmjs.org/metro-transform-plugins set size:264617 disposed:false
2503 http cache https://registry.npmjs.org/metro-babel-transformer 10ms (cache hit)
2504 silly packumentCache full:https://registry.npmjs.org/metro-babel-transformer set size:273605 disposed:false
2505 http cache https://registry.npmjs.org/metro-transform-worker 13ms (cache hit)
2506 silly packumentCache full:https://registry.npmjs.org/metro-transform-worker set size:273140 disposed:false
2507 http fetch GET 200 https://registry.npmjs.org/flow-parser 5012ms (cache miss)
2508 silly packumentCache full:https://registry.npmjs.org/flow-parser set size:undefined disposed:false
2509 silly placeDep ROOT asap@2.0.6 OK for: promise@8.3.0 want: ~2.0.6
2510 silly placeDep ROOT shell-quote@1.10.0 OK for: react-devtools-core@6.1.5 want: ^1.6.1
2511 silly placeDep node_modules/react-devtools-core ws@7.5.13 OK for: react-devtools-core@6.1.5 want: ^7
2512 silly placeDep ROOT regenerate@1.4.2 OK for: regexpu-core@6.4.0 want: ^1.4.2
2513 silly placeDep ROOT regenerate-unicode-properties@10.2.2 OK for: regexpu-core@6.4.0 want: ^10.2.2
2514 silly placeDep ROOT regjsgen@0.8.0 OK for: regexpu-core@6.4.0 want: ^0.8.0
2515 silly placeDep ROOT regjsparser@0.13.3 OK for: regexpu-core@6.4.0 want: ^0.13.0
2516 silly placeDep ROOT unicode-match-property-ecmascript@2.0.0 OK for: regexpu-core@6.4.0 want: ^2.0.0
2517 silly placeDep ROOT unicode-match-property-value-ecmascript@2.2.1 OK for: regexpu-core@6.4.0 want: ^2.2.1
2518 silly fetch manifest unicode-canonical-property-names-ecmascript@^2.0.0
2519 silly packumentCache full:https://registry.npmjs.org/unicode-canonical-property-names-ecmascript cache-miss
2520 silly fetch manifest unicode-property-aliases-ecmascript@^2.0.0
2521 silly packumentCache full:https://registry.npmjs.org/unicode-property-aliases-ecmascript cache-miss
2522 http fetch GET 200 https://registry.npmjs.org/unicode-canonical-property-names-ecmascript 180ms (cache miss)
2523 silly packumentCache full:https://registry.npmjs.org/unicode-canonical-property-names-ecmascript set size:undefined disposed:false
2524 http fetch GET 200 https://registry.npmjs.org/unicode-property-aliases-ecmascript 439ms (cache miss)
2525 silly packumentCache full:https://registry.npmjs.org/unicode-property-aliases-ecmascript set size:undefined disposed:false
2526 silly placeDep ROOT es-errors@1.3.0 OK for: resolve@1.22.12 want: ^1.3.0
2527 silly placeDep ROOT is-core-module@2.17.0 OK for: resolve@1.22.12 want: ^2.16.1
2528 silly placeDep ROOT path-parse@1.0.7 OK for: resolve@1.22.12 want: ^1.0.7
2529 silly placeDep ROOT supports-preserve-symlinks-flag@1.0.0 OK for: resolve@1.22.12 want: ^1.0.0
2530 silly fetch manifest hasown@^2.0.4
2531 silly packumentCache full:https://registry.npmjs.org/hasown cache-miss
2532 http fetch GET 200 https://registry.npmjs.org/hasown 182ms (cache miss)
2533 silly packumentCache full:https://registry.npmjs.org/hasown set size:undefined disposed:false
2534 silly placeDep ROOT hasown@2.0.4 OK for: is-core-module@2.17.0 want: ^2.0.4
2535 silly fetch manifest function-bind@^1.1.2
2536 silly packumentCache full:https://registry.npmjs.org/function-bind cache-miss
2537 http fetch GET 200 https://registry.npmjs.org/function-bind 355ms (cache miss)
2538 silly packumentCache full:https://registry.npmjs.org/function-bind set size:undefined disposed:false
2539 silly placeDep ROOT function-bind@1.1.2 OK for: hasown@2.0.4 want: ^1.1.2
2540 silly placeDep ROOT onetime@2.0.1 OK for: restore-cursor@2.0.0 want: ^2.0.0
2541 silly placeDep ROOT signal-exit@3.0.7 OK for: restore-cursor@2.0.0 want: ^3.0.2
2542 silly fetch manifest mimic-fn@^1.0.0
2543 silly packumentCache full:https://registry.npmjs.org/mimic-fn cache-miss
2544 http fetch GET https://registry.npmjs.org/mimic-fn attempt 1 failed with EHOSTUNREACH
2545 http fetch GET 200 https://registry.npmjs.org/mimic-fn 20294ms attempt #2 (cache miss)
2546 silly packumentCache full:https://registry.npmjs.org/mimic-fn set size:undefined disposed:false
2547 silly placeDep ROOT mimic-fn@1.2.0 OK for: onetime@2.0.1 want: ^1.0.0
2548 silly placeDep node_modules/send debug@2.6.9 OK for: send@0.19.2 want: 2.6.9
2549 silly placeDep ROOT depd@2.0.0 OK for: send@0.19.2 want: 2.0.0
2550 silly placeDep node_modules/send encodeurl@2.0.0 OK for: send@0.19.2 want: ~2.0.0
2551 silly placeDep ROOT etag@1.8.1 OK for: send@0.19.2 want: ~1.8.1
2552 silly placeDep ROOT fresh@0.5.2 OK for: send@0.19.2 want: ~0.5.2
2553 silly placeDep ROOT http-errors@2.0.1 OK for: send@0.19.2 want: ~2.0.1
2554 silly placeDep ROOT mime@1.6.0 OK for: send@0.19.2 want: 1.6.0
2555 silly placeDep node_modules/send on-finished@2.4.1 OK for: send@0.19.2 want: ~2.4.1
2556 silly placeDep ROOT range-parser@1.2.1 OK for: send@0.19.2 want: ~1.2.1
2557 silly placeDep node_modules/send statuses@2.0.2 OK for: send@0.19.2 want: ~2.0.2
2558 silly fetch manifest inherits@~2.0.4
2559 silly packumentCache full:https://registry.npmjs.org/inherits cache-miss
2560 silly fetch manifest setprototypeof@~1.2.0
2561 silly packumentCache full:https://registry.npmjs.org/setprototypeof cache-miss
2562 silly fetch manifest toidentifier@~1.0.1
2563 silly packumentCache full:https://registry.npmjs.org/toidentifier cache-miss
2564 http fetch GET 200 https://registry.npmjs.org/inherits 182ms (cache miss)
2565 silly packumentCache full:https://registry.npmjs.org/inherits set size:undefined disposed:false
2566 http fetch GET 200 https://registry.npmjs.org/setprototypeof 427ms (cache miss)
2567 silly packumentCache full:https://registry.npmjs.org/setprototypeof set size:undefined disposed:false
2568 http fetch GET 200 https://registry.npmjs.org/toidentifier 439ms (cache miss)
2569 silly packumentCache full:https://registry.npmjs.org/toidentifier set size:undefined disposed:false
2570 silly placeDep ROOT inherits@2.0.4 OK for: http-errors@2.0.1 want: ~2.0.4
2571 silly placeDep ROOT setprototypeof@1.2.0 OK for: http-errors@2.0.1 want: ~1.2.0
2572 silly placeDep node_modules/http-errors statuses@2.0.2 OK for: http-errors@2.0.1 want: ~2.0.2
2573 silly placeDep ROOT toidentifier@1.0.1 OK for: http-errors@2.0.1 want: ~1.0.1
2574 silly placeDep node_modules/serve-static encodeurl@2.0.0 OK for: serve-static@1.16.3 want: ~2.0.0
2575 silly placeDep ROOT shebang-regex@3.0.0 OK for: shebang-command@2.0.0 want: ^3.0.0
2576 silly placeDep ROOT type-fest@0.7.1 OK for: stacktrace-parser@0.1.11 want: ^0.7.1
2577 silly placeDep node_modules/strip-ansi ansi-regex@4.1.1 OK for: strip-ansi@5.2.0 want: ^4.1.0
2578 silly placeDep ROOT has-flag@4.0.0 OK for: supports-color@7.2.0 want: ^4.0.0
2579 silly placeDep ROOT ansi-escapes@4.3.2 OK for: terminal-link@2.1.1 want: ^4.2.1
2580 silly placeDep ROOT supports-hyperlinks@2.3.0 OK for: terminal-link@2.1.1 want: ^2.0.0
2581 silly fetch manifest type-fest@^0.21.3
2582 silly packumentCache full:https://registry.npmjs.org/type-fest cache-miss
2583 http cache https://registry.npmjs.org/type-fest 4ms (cache hit)
2584 silly packumentCache full:https://registry.npmjs.org/type-fest set size:571296 disposed:false
2585 silly placeDep node_modules/ansi-escapes type-fest@0.21.3 OK for: ansi-escapes@4.3.2 want: ^0.21.3
2586 silly placeDep ROOT @jridgewell/source-map@0.3.11 OK for: terser@5.51.2 want: ^0.3.3
2587 silly placeDep ROOT acorn@8.18.0 OK for: terser@5.51.2 want: ^8.15.0
2588 silly placeDep node_modules/terser commander@2.20.3 OK for: terser@5.51.2 want: ^2.20.0
2589 silly placeDep ROOT source-map-support@0.5.21 OK for: terser@5.51.2 want: ~0.5.20
2590 silly fetch manifest buffer-from@^1.0.0
2591 silly packumentCache full:https://registry.npmjs.org/buffer-from cache-miss
2592 silly fetch manifest source-map@^0.6.0
2593 silly packumentCache full:https://registry.npmjs.org/source-map cache-miss
2594 http cache https://registry.npmjs.org/source-map 4ms (cache hit)
2595 silly packumentCache full:https://registry.npmjs.org/source-map set size:231637 disposed:false
2596 http fetch GET 200 https://registry.npmjs.org/buffer-from 96ms (cache miss)
2597 silly packumentCache full:https://registry.npmjs.org/buffer-from set size:undefined disposed:false
2598 silly placeDep ROOT buffer-from@1.1.2 OK for: source-map-support@0.5.21 want: ^1.0.0
2599 silly placeDep node_modules/source-map-support source-map@0.6.1 OK for: source-map-support@0.5.21 want: ^0.6.0
2600 silly placeDep ROOT fdir@6.5.0 OK for: tinyglobby@0.2.17 want: ^6.5.0
2601 silly placeDep ROOT is-number@7.0.0 OK for: to-regex-range@5.0.1 want: ^7.0.0
2602 silly placeDep ROOT unicode-canonical-property-names-ecmascript@2.0.1 OK for: unicode-match-property-ecmascript@2.0.0 want: ^2.0.0
2603 silly placeDep ROOT unicode-property-aliases-ecmascript@2.2.0 OK for: unicode-match-property-ecmascript@2.0.0 want: ^2.0.0
2604 silly placeDep ROOT escalade@3.2.0 OK for: update-browserslist-db@1.3.3 want: ^3.2.0
2605 silly placeDep ROOT makeerror@1.0.12 OK for: walker@1.0.8 want: 1.0.12
2606 silly fetch manifest tmpl@1.0.5
2607 silly packumentCache full:https://registry.npmjs.org/tmpl cache-miss
2608 http fetch GET 200 https://registry.npmjs.org/tmpl 125ms (cache miss)
2609 silly packumentCache full:https://registry.npmjs.org/tmpl set size:undefined disposed:false
2610 silly placeDep ROOT tmpl@1.0.5 OK for: makeerror@1.0.12 want: 1.0.5
2611 silly placeDep ROOT defaults@1.0.4 OK for: wcwidth@1.0.1 want: ^1.0.3
2612 silly fetch manifest clone@^1.0.2
2613 silly packumentCache full:https://registry.npmjs.org/clone cache-miss
2614 http fetch GET 200 https://registry.npmjs.org/clone 100ms (cache miss)
2615 silly packumentCache full:https://registry.npmjs.org/clone set size:undefined disposed:false
2616 silly placeDep ROOT clone@1.0.4 OK for: defaults@1.0.4 want: ^1.0.2
2617 silly placeDep ROOT isexe@2.0.0 OK for: which@2.0.2 want: ^2.0.0
2618 silly placeDep ROOT string-width@4.2.3 OK for: wrap-ansi@7.0.0 want: ^4.1.0
2619 silly placeDep node_modules/wrap-ansi strip-ansi@6.0.1 OK for: wrap-ansi@7.0.0 want: ^6.0.0
2620 silly fetch manifest strip-ansi@^6.0.1
2621 silly packumentCache full:https://registry.npmjs.org/strip-ansi cache-hit
2622 silly fetch manifest emoji-regex@^8.0.0
2623 silly packumentCache full:https://registry.npmjs.org/emoji-regex cache-miss
2624 silly fetch manifest is-fullwidth-code-point@^3.0.0
2625 silly packumentCache full:https://registry.npmjs.org/is-fullwidth-code-point cache-miss
2626 http fetch GET 200 https://registry.npmjs.org/is-fullwidth-code-point 86ms (cache miss)
2627 silly packumentCache full:https://registry.npmjs.org/is-fullwidth-code-point set size:undefined disposed:false
2628 http fetch GET 200 https://registry.npmjs.org/emoji-regex 91ms (cache miss)
2629 silly packumentCache full:https://registry.npmjs.org/emoji-regex set size:undefined disposed:false
2630 silly placeDep ROOT emoji-regex@8.0.0 OK for: string-width@4.2.3 want: ^8.0.0
2631 silly placeDep ROOT is-fullwidth-code-point@3.0.0 OK for: string-width@4.2.3 want: ^3.0.0
2632 silly placeDep node_modules/string-width strip-ansi@6.0.1 OK for: string-width@4.2.3 want: ^6.0.1
2633 silly placeDep ROOT simple-plist@1.3.1 OK for: xcode@3.0.1 want: ^1.1.0
2634 silly placeDep ROOT uuid@7.0.3 OK for: xcode@3.0.1 want: ^7.0.3
2635 silly fetch manifest bplist-parser@0.3.1
2636 silly packumentCache full:https://registry.npmjs.org/bplist-parser cache-miss
2637 silly fetch manifest plist@^3.0.5
2638 silly packumentCache full:https://registry.npmjs.org/plist cache-miss
2639 http cache https://registry.npmjs.org/bplist-parser 8ms (cache hit)
2640 silly packumentCache full:https://registry.npmjs.org/bplist-parser set size:25466 disposed:false
2641 http fetch GET 200 https://registry.npmjs.org/plist 97ms (cache miss)
2642 silly packumentCache full:https://registry.npmjs.org/plist set size:undefined disposed:false
2643 silly placeDep node_modules/simple-plist bplist-parser@0.3.1 OK for: simple-plist@1.3.1 want: 0.3.1
2644 silly placeDep ROOT plist@3.1.1 OK for: simple-plist@1.3.1 want: ^3.0.5
2645 silly fetch manifest @xmldom/xmldom@^0.9.10
2646 silly packumentCache full:https://registry.npmjs.org/@xmldom%2fxmldom cache-miss
2647 http cache https://registry.npmjs.org/@xmldom%2fxmldom 3ms (cache hit)
2648 silly packumentCache full:https://registry.npmjs.org/@xmldom%2fxmldom set size:178126 disposed:false
2649 silly placeDep node_modules/plist @xmldom/xmldom@0.9.12 OK for: plist@3.1.1 want: ^0.9.10
2650 silly placeDep ROOT sax@1.6.1 OK for: xml2js@0.6.0 want: >=0.6.0
2651 silly placeDep node_modules/xml2js xmlbuilder@11.0.1 OK for: xml2js@0.6.0 want: ~11.0.0
2652 silly placeDep ROOT cliui@8.0.1 OK for: yargs@17.7.3 want: ^8.0.1
2653 silly placeDep ROOT get-caller-file@2.0.5 OK for: yargs@17.7.3 want: ^2.0.5
2654 silly placeDep ROOT require-directory@2.1.1 OK for: yargs@17.7.3 want: ^2.1.1
2655 silly placeDep ROOT y18n@5.0.8 OK for: yargs@17.7.3 want: ^5.0.5
2656 silly placeDep ROOT yargs-parser@21.1.1 OK for: yargs@17.7.3 want: ^21.1.1
2657 silly placeDep node_modules/cliui strip-ansi@6.0.1 OK for: cliui@8.0.1 want: ^6.0.1
2658 silly placeDep node_modules/@react-native/codegen hermes-estree@0.36.0 OK for: hermes-parser@0.36.0 want: 0.36.0
2659 silly placeDep node_modules/@react-native/community-cli-plugin @react-native/debugger-frontend@0.87.1 OK for: @react-native/dev-middleware@0.87.1 want: 0.87.1
2660 silly placeDep node_modules/@react-native/community-cli-plugin @react-native/debugger-shell@0.87.1 OK for: @react-native/dev-middleware@0.87.1 want: 0.87.1
2661 silly placeDep node_modules/@react-native/community-cli-plugin ws@7.5.13 OK for: @react-native/dev-middleware@0.87.1 want: ^7.5.10
2662 silly placeDep node_modules/@react-native/community-cli-plugin accepts@2.0.0 OK for: metro@0.87.1 want: ^2.0.0
2663 silly placeDep ROOT flow-parser@0.331.0 OK for: metro@0.87.1 want: 0.331.0
2664 silly placeDep node_modules/@react-native/community-cli-plugin metro-babel-transformer@0.87.1 OK for: metro@0.87.1 want: 0.87.1
2665 silly placeDep node_modules/@react-native/community-cli-plugin metro-cache@0.87.1 OK for: metro@0.87.1 want: 0.87.1
2666 silly placeDep node_modules/@react-native/community-cli-plugin metro-cache-key@0.87.1 OK for: metro@0.87.1 want: 0.87.1
2667 silly placeDep node_modules/@react-native/community-cli-plugin metro-config@0.87.1 OK for: metro@0.87.1 want: 0.87.1
2668 silly placeDep node_modules/@react-native/community-cli-plugin metro-core@0.87.1 OK for: metro@0.87.1 want: 0.87.1
2669 silly placeDep node_modules/@react-native/community-cli-plugin metro-file-map@0.87.1 OK for: metro@0.87.1 want: 0.87.1
2670 silly placeDep node_modules/@react-native/community-cli-plugin metro-resolver@0.87.1 OK for: metro@0.87.1 want: 0.87.1
2671 silly placeDep node_modules/@react-native/community-cli-plugin metro-runtime@0.87.1 OK for: metro@0.87.1 want: 0.87.1
2672 silly placeDep node_modules/@react-native/community-cli-plugin metro-source-map@0.87.1 OK for: metro@0.87.1 want: 0.87.1
2673 silly placeDep node_modules/@react-native/community-cli-plugin metro-symbolicate@0.87.1 OK for: metro@0.87.1 want: 0.87.1
2674 silly placeDep node_modules/@react-native/community-cli-plugin metro-transform-plugins@0.87.1 OK for: metro@0.87.1 want: 0.87.1
2675 silly placeDep node_modules/@react-native/community-cli-plugin metro-transform-worker@0.87.1 OK for: metro@0.87.1 want: 0.87.1
2676 silly placeDep node_modules/@react-native/community-cli-plugin mime-types@3.0.2 OK for: metro@0.87.1 want: ^3.0.1
2677 silly fetch manifest flow-estree@0.331.0
2678 silly packumentCache full:https://registry.npmjs.org/flow-estree cache-miss
2679 silly fetch manifest metro-minify-terser@0.87.1
2680 silly packumentCache full:https://registry.npmjs.org/metro-minify-terser cache-miss
2681 http cache https://registry.npmjs.org/metro-minify-terser 3ms (cache hit)
2682 silly packumentCache full:https://registry.npmjs.org/metro-minify-terser set size:282290 disposed:false
2683 http fetch GET 200 https://registry.npmjs.org/flow-estree 85ms (cache miss)
2684 silly packumentCache full:https://registry.npmjs.org/flow-estree set size:undefined disposed:false
2685 silly placeDep ROOT flow-estree@0.331.0 OK for: flow-parser@0.331.0 want: 0.331.0
2686 silly placeDep node_modules/@react-native/community-cli-plugin negotiator@1.1.0 OK for: accepts@2.0.0 want: ^1.0.0
2687 silly fetch manifest content-type@^2.1.0
2688 silly packumentCache full:https://registry.npmjs.org/content-type cache-miss
2689 http fetch GET 200 https://registry.npmjs.org/content-type 75ms (cache miss)
2690 silly packumentCache full:https://registry.npmjs.org/content-type set size:undefined disposed:false
2691 silly placeDep node_modules/@react-native/community-cli-plugin ob1@0.87.1 OK for: metro-source-map@0.87.1 want: 0.87.1
2692 silly placeDep node_modules/@react-native/community-cli-plugin metro-minify-terser@0.87.1 OK for: metro-transform-worker@0.87.1 want: 0.87.1
2693 silly placeDep ROOT content-type@2.1.0 OK for: negotiator@1.1.0 want: ^2.1.0
2694 silly placeDep node_modules/compression ms@2.0.0 OK for: debug@2.6.9 want: 2.0.0
2695 silly placeDep node_modules/connect ms@2.0.0 OK for: debug@2.6.9 want: 2.0.0
2696 silly placeDep node_modules/finalhandler ms@2.0.0 OK for: debug@2.6.9 want: 2.0.0
2697 silly placeDep node_modules/lighthouse-logger ms@2.0.0 OK for: debug@2.6.9 want: 2.0.0
2698 silly placeDep node_modules/log-symbols ansi-styles@3.2.1 OK for: chalk@2.4.2 want: ^3.2.1
2699 silly placeDep node_modules/log-symbols escape-string-regexp@1.0.5 OK for: chalk@2.4.2 want: ^1.0.5
2700 silly placeDep node_modules/log-symbols supports-color@5.5.0 OK for: chalk@2.4.2 want: ^5.3.0
2701 silly fetch manifest color-convert@^1.9.0
2702 silly packumentCache full:https://registry.npmjs.org/color-convert cache-miss
2703 silly fetch manifest has-flag@^3.0.0
2704 silly packumentCache full:https://registry.npmjs.org/has-flag cache-miss
2705 http cache https://registry.npmjs.org/has-flag 3ms (cache hit)
2706 silly packumentCache full:https://registry.npmjs.org/has-flag set size:15180 disposed:false
2707 http cache https://registry.npmjs.org/color-convert 4ms (cache hit)
2708 silly packumentCache full:https://registry.npmjs.org/color-convert set size:72663 disposed:false
2709 silly placeDep node_modules/log-symbols color-convert@1.9.3 OK for: ansi-styles@3.2.1 want: ^1.9.0
2710 silly fetch manifest color-name@1.1.3
2711 silly packumentCache full:https://registry.npmjs.org/color-name cache-miss
2712 http cache https://registry.npmjs.org/color-name 1ms (cache hit)
2713 silly packumentCache full:https://registry.npmjs.org/color-name set size:20968 disposed:false
2714 silly placeDep node_modules/log-symbols color-name@1.1.3 OK for: color-convert@1.9.3 want: 1.1.3
2715 silly placeDep node_modules/log-symbols has-flag@3.0.0 OK for: supports-color@5.5.0 want: ^3.0.0
2716 silly placeDep node_modules/metro-babel-transformer hermes-estree@0.35.0 OK for: hermes-parser@0.35.0 want: 0.35.0
2717 silly placeDep node_modules/metro negotiator@1.1.0 OK for: accepts@2.0.0 want: ^1.0.0
2718 silly placeDep node_modules/metro hermes-estree@0.35.0 OK for: hermes-parser@0.35.0 want: 0.35.0
2719 silly placeDep node_modules/ora ansi-styles@3.2.1 OK for: chalk@2.4.2 want: ^3.2.1
2720 silly placeDep node_modules/ora escape-string-regexp@1.0.5 OK for: chalk@2.4.2 want: ^1.0.5
2721 silly placeDep node_modules/ora supports-color@5.5.0 OK for: chalk@2.4.2 want: ^5.3.0
2722 silly placeDep node_modules/ora color-convert@1.9.3 OK for: ansi-styles@3.2.1 want: ^1.9.0
2723 silly placeDep node_modules/ora color-name@1.1.3 OK for: color-convert@1.9.3 want: 1.1.3
2724 silly placeDep node_modules/ora has-flag@3.0.0 OK for: supports-color@5.5.0 want: ^3.0.0
2725 silly placeDep node_modules/react-native metro-symbolicate@0.87.1 OK for: metro-source-map@0.87.1 want: 0.87.1
2726 silly placeDep node_modules/react-native ob1@0.87.1 OK for: metro-source-map@0.87.1 want: 0.87.1
2727 silly placeDep node_modules/send/node_modules/debug ms@2.0.0 OK for: debug@2.6.9 want: 2.0.0
2728 silly reify moves {}
2729 silly audit bulk request {
2729 silly audit   expo: [ '57.0.24' ],
2729 silly audit   react: [ '19.3.0' ],
2729 silly audit   'react-native': [ '0.87.1' ],
2729 silly audit   '@babel/runtime': [ '7.29.7' ],
2729 silly audit   '@expo/cli': [ '57.0.26' ],
2729 silly audit   '@expo/config': [ '57.0.9' ],
2729 silly audit   '@expo/config-plugins': [ '57.0.9' ],
2729 silly audit   '@expo/devtools': [ '57.0.1' ],
2729 silly audit   '@expo/dom-webview': [ '57.0.1' ],
2729 silly audit   '@expo/fingerprint': [ '0.20.13' ],
2729 silly audit   '@expo/local-build-cache-provider': [ '57.0.8' ],
2729 silly audit   '@expo/log-box': [ '57.0.4' ],
2729 silly audit   '@expo/metro': [ '56.0.2' ],
2729 silly audit   '@expo/metro-config': [ '57.0.12' ],
2729 silly audit   '@ungap/structured-clone': [ '1.4.0' ],
2729 silly audit   'babel-preset-expo': [ '57.0.12' ],
2729 silly audit   'react-refresh': [ '0.14.2' ],
2729 silly audit   'expo-asset': [ '57.0.18' ],
2729 silly audit   'expo-constants': [ '57.0.19' ],
2729 silly audit   'expo-file-system': [ '57.0.7' ],
2729 silly audit   'expo-font': [ '57.0.4' ],
2729 silly audit   'expo-keep-awake': [ '57.0.2' ],
2729 silly audit   'expo-modules-autolinking': [ '57.0.13' ],
2729 silly audit   'expo-modules-core': [ '57.0.18' ],
2729 silly audit   'pretty-format': [ '29.7.0' ],
2729 silly audit   'whatwg-url-minimum': [ '0.1.2' ],
2729 silly audit   '@expo/code-signing-certificates': [ '0.0.6' ],
2729 silly audit   '@expo/devcert': [ '1.2.1' ],
2729 silly audit   '@expo/env': [ '2.4.3' ],
2729 silly audit   '@expo/image-utils': [ '0.11.5' ],
2729 silly audit   '@expo/inline-modules': [ '0.1.7' ],
2729 silly audit   '@expo/json-file': [ '11.0.1' ],
2729 silly audit   '@expo/metro-file-map': [ '57.0.3' ],
2729 silly audit   '@expo/osascript': [ '2.7.1' ],
2729 silly audit   '@expo/package-manager': [ '1.13.1' ],
2729 silly audit   '@expo/plist': [ '0.8.1' ],
2729 silly audit   '@expo/prebuild-config': [ '57.0.16' ],
2729 silly audit   '@expo/require-utils': [ '57.0.5' ],
2729 silly audit   '@expo/router-server': [ '57.0.10' ],
2729 silly audit   'expo-server': [ '57.0.3' ],
2729 silly audit   '@expo/schema-utils': [ '57.0.2' ],
2729 silly audit   '@expo/spawn-async': [ '1.8.0' ],
2729 silly audit   '@expo/ws-tunnel': [ '2.0.0' ],
2729 silly audit   ws: [ '8.21.3', '7.5.13' ],
2729 silly audit   '@expo/xcpretty': [ '4.4.5' ],
2729 silly audit   '@react-native/dev-middleware': [ '0.86.3', '0.87.1' ],
2729 silly audit   accepts: [ '1.3.8', '2.0.0' ],
2729 silly audit   'agent-cli-detector': [ '0.1.7' ],
2729 silly audit   arg: [ '5.0.2' ],
2729 silly audit   'bplist-creator': [ '0.1.0' ],
2729 silly audit   'bplist-parser': [ '0.3.2', '0.3.1' ],
2729 silly audit   chalk: [ '4.1.2', '2.4.2' ],
2729 silly audit   'ci-info': [ '3.9.0', '2.0.0' ],
2729 silly audit   compression: [ '1.8.2' ],
2729 silly audit   connect: [ '3.7.0' ],
2729 silly audit   debug: [ '4.4.3', '3.2.7', '2.6.9' ],
2729 silly audit   'dnssd-advertise': [ '1.1.6' ],
2729 silly audit   'fetch-nodeshim': [ '0.4.10' ],
2729 silly audit   getenv: [ '2.0.0' ],
2729 silly audit   glob: [ '13.0.6' ],
2729 silly audit   'lan-network': [ '0.2.1' ],
2729 silly audit   multitars: [ '1.0.2' ],
2729 silly audit   'node-forge': [ '1.4.0' ],
2729 silly audit   'npm-package-arg': [ '11.0.3' ],
2729 silly audit   ora: [ '3.4.0' ],
2729 silly audit   picomatch: [ '4.0.7', '2.3.2' ],
2729 silly audit   progress: [ '2.0.3' ],
2729 silly audit   prompts: [ '2.4.2' ],
2729 silly audit   'resolve-from': [ '5.0.0' ],
2729 silly audit   'sandbox-cli-detector': [ '0.2.0' ],
2729 silly audit   semver: [ '7.8.5', '6.3.1' ],
2729 silly audit   send: [ '0.19.2' ],
2729 silly audit   slugify: [ '1.6.9' ],
2729 silly audit   'stacktrace-parser': [ '0.1.11' ],
2729 silly audit   'structured-headers': [ '0.4.1' ],
2729 silly audit   'terminal-link': [ '2.1.1' ],
2729 silly audit   toqr: [ '0.1.1' ],
2729 silly audit   'wrap-ansi': [ '7.0.0' ],
2729 silly audit   zod: [ '3.25.76' ],
2729 silly audit   '@expo/config-types': [ '57.0.2' ],
2729 silly audit   deepmerge: [ '4.3.1' ],
2729 silly audit   'resolve-workspace-root': [ '2.0.1' ],
2729 silly audit   '@expo/sdk-runtime-versions': [ '1.0.0' ],
2729 silly audit   xcode: [ '3.0.1' ],
2729 silly audit   xml2js: [ '0.6.0' ],
2729 silly audit   '@expo/sudo-prompt': [ '9.3.2' ],
2729 silly audit   ignore: [ '5.3.2' ],
2729 silly audit   minimatch: [ '10.2.6' ],
2729 silly audit   'jimp-compact': [ '0.16.1' ],
2729 silly audit   'parse-png': [ '2.1.0' ],
2729 silly audit   '@babel/code-frame': [ '7.29.7' ],
2729 silly audit   json5: [ '2.2.3' ],
2729 silly audit   '@babel/helper-validator-identifier': [ '7.29.7' ],
2729 silly audit   'js-tokens': [ '4.0.0' ],
2729 silly audit   picocolors: [ '1.1.1' ],
2729 silly audit   anser: [ '1.4.10' ],
2729 silly audit   metro: [ '0.84.5', '0.87.1' ],
2729 silly audit   'metro-babel-transformer': [ '0.84.5', '0.87.1' ],
2729 silly audit   'metro-cache': [ '0.84.5', '0.87.1' ],
2729 silly audit   'metro-cache-key': [ '0.84.5', '0.87.1' ],
2729 silly audit   'metro-config': [ '0.84.5', '0.87.1' ],
2729 silly audit   'metro-core': [ '0.84.5', '0.87.1' ],
2729 silly audit   'metro-file-map': [ '0.84.5', '0.87.1' ],
2729 silly audit   'metro-minify-terser': [ '0.84.5', '0.87.1' ],
2729 silly audit   'metro-resolver': [ '0.84.5', '0.87.1' ],
2729 silly audit   'metro-runtime': [ '0.84.5', '0.87.1' ],
2729 silly audit   'metro-source-map': [ '0.84.5', '0.87.1' ],
2729 silly audit   'metro-symbolicate': [ '0.84.5', '0.87.1' ],
2729 silly audit   'metro-transform-plugins': [ '0.84.5', '0.87.1' ],
2729 silly audit   'metro-transform-worker': [ '0.84.5', '0.87.1' ],
2729 silly audit   '@babel/core': [ '7.29.7' ],
2729 silly audit   '@babel/generator': [ '7.29.8' ],
2729 silly audit   '@jridgewell/gen-mapping': [ '0.3.13' ],
2729 silly audit   '@jridgewell/remapping': [ '2.3.5' ],
2729 silly audit   '@jridgewell/sourcemap-codec': [ '1.6.0' ],
2729 silly audit   browserslist: [ '4.29.0' ],
2729 silly audit   'hermes-parser': [ '0.36.1', '0.36.0', '0.35.0' ],
2729 silly audit   'jsc-safe-url': [ '0.2.4' ],
2729 silly audit   lightningcss: [ '1.33.0' ],
2729 silly audit   postcss: [ '8.5.28' ],
2729 silly audit   '@babel/helper-compilation-targets': [ '7.29.7' ],
2729 silly audit   '@babel/helper-module-transforms': [ '7.29.7' ],
2729 silly audit   '@babel/helpers': [ '7.29.7' ],
2729 silly audit   '@babel/parser': [ '7.29.9' ],
2729 silly audit   '@babel/template': [ '7.29.7' ],
2729 silly audit   '@babel/traverse': [ '7.29.8' ],
2729 silly audit   '@babel/types': [ '7.29.8' ],
2729 silly audit   'convert-source-map': [ '2.0.0' ],
2729 silly audit   gensync: [ '1.0.0-beta.2' ],
2729 silly audit   '@jridgewell/trace-mapping': [ '0.3.31' ],
2729 silly audit   jsesc: [ '3.1.0' ],
2729 silly audit   '@babel/compat-data': [ '7.29.7' ],
2729 silly audit   '@babel/helper-validator-option': [ '7.29.7' ],
2729 silly audit   'lru-cache': [ '5.1.1', '10.4.3', '11.5.2' ],
2729 silly audit   '@babel/helper-module-imports': [ '7.29.7' ],
2729 silly audit   '@babel/helper-globals': [ '7.29.7' ],
2729 silly audit   '@babel/helper-string-parser': [ '7.29.7' ],
2729 silly audit   'fb-watchman': [ '2.0.2' ],
2729 silly audit   invariant: [ '2.2.4' ],
2729 silly audit   'jest-worker': [ '29.7.0' ],
2729 silly audit   micromatch: [ '4.0.8' ],
2729 silly audit   walker: [ '1.0.8' ],
2729 silly audit   '@xmldom/xmldom': [ '0.8.15', '0.9.12' ],
2729 silly audit   'base64-js': [ '1.5.1' ],
2729 silly audit   xmlbuilder: [ '15.1.1', '11.0.1' ],
2729 silly audit   '@react-native/normalize-colors': [ '0.86.3', '0.87.1' ],
2729 silly audit   '@babel/plugin-transform-modules-commonjs': [ '7.29.7' ],
2729 silly audit   '@babel/helper-plugin-utils': [ '7.29.7' ],
2729 silly audit   'cross-spawn': [ '7.0.6' ],
2729 silly audit   'js-yaml': [ '4.3.2' ],
2729 silly audit   '@jridgewell/resolve-uri': [ '3.1.2' ],
2729 silly audit   '@isaacs/ttlcache': [ '1.4.1' ],
2729 silly audit   '@react-native/debugger-frontend': [ '0.86.3', '0.87.1' ],
2729 silly audit   '@react-native/debugger-shell': [ '0.86.3', '0.87.1' ],
2729 silly audit   'chrome-launcher': [ '0.15.2' ],
2729 silly audit   'chromium-edge-launcher': [ '0.3.0' ],
2729 silly audit   nullthrows: [ '1.1.1' ],
2729 silly audit   open: [ '7.4.2' ],
2729 silly audit   'serve-static': [ '1.16.3' ],
2729 silly audit   'fb-dotslash': [ '0.5.8' ],
2729 silly audit   'mime-types': [ '2.1.35', '3.0.2' ],
2729 silly audit   negotiator: [ '0.6.3', '0.6.4', '1.1.0' ],
2729 silly audit   '@babel/plugin-proposal-decorators': [ '7.29.7' ],
2729 silly audit   '@babel/plugin-proposal-export-default-from': [ '7.29.7' ],
2729 silly audit   '@babel/plugin-syntax-dynamic-import': [ '7.8.3' ],
2729 silly audit   '@babel/plugin-syntax-export-default-from': [ '7.29.7' ],
2729 silly audit   '@babel/plugin-syntax-nullish-coalescing-operator': [ '7.8.3' ],
2729 silly audit   '@babel/plugin-syntax-optional-chaining': [ '7.8.3' ],
2729 silly audit   '@babel/plugin-transform-async-generator-functions': [ '7.29.7' ],
2729 silly audit   '@babel/plugin-transform-async-to-generator': [ '7.29.7' ],
2729 silly audit   '@babel/plugin-transform-block-scoping': [ '7.29.7' ],
2729 silly audit   '@babel/plugin-transform-class-properties': [ '7.29.7' ],
2729 silly audit   '@babel/plugin-transform-class-static-block': [ '7.29.7' ],
2729 silly audit   '@babel/plugin-transform-classes': [ '7.29.7' ],
2729 silly audit   '@babel/plugin-transform-destructuring': [ '7.29.7' ],
2729 silly audit   '@babel/plugin-transform-export-namespace-from': [ '7.29.7' ],
2729 silly audit   '@babel/plugin-transform-flow-strip-types': [ '7.29.7' ],
2729 silly audit   '@babel/plugin-transform-for-of': [ '7.29.7' ],
2729 silly audit   '@babel/plugin-transform-logical-assignment-operators': [ '7.29.7' ],
2729 silly audit   '@babel/plugin-transform-named-capturing-groups-regex': [ '7.29.7' ],
2729 silly audit   '@babel/plugin-transform-nullish-coalescing-operator': [ '7.29.7' ],
2729 silly audit   '@babel/plugin-transform-object-rest-spread': [ '7.29.7' ],
2729 silly audit   '@babel/plugin-transform-optional-catch-binding': [ '7.29.7' ],
2729 silly audit   '@babel/plugin-transform-optional-chaining': [ '7.29.7' ],
2729 silly audit   '@babel/plugin-transform-parameters': [ '7.29.7' ],
2729 silly audit   '@babel/plugin-transform-private-methods': [ '7.29.7' ],
2729 silly audit   '@babel/plugin-transform-private-property-in-object': [ '7.29.7' ],
2729 silly audit   '@babel/plugin-transform-react-display-name': [ '7.29.7' ],
2729 silly audit   '@babel/plugin-transform-react-jsx': [ '7.29.7' ],
2729 silly audit   '@babel/plugin-transform-react-jsx-development': [ '7.29.7' ],
2729 silly audit   '@babel/plugin-transform-react-pure-annotations': [ '7.29.7' ],
2729 silly audit   '@babel/plugin-transform-runtime': [ '7.29.7' ],
2729 silly audit   '@babel/plugin-transform-typescript': [ '7.29.9' ],
2729 silly audit   '@babel/plugin-transform-unicode-regex': [ '7.29.7' ],
2729 silly audit   '@babel/preset-typescript': [ '7.29.7' ],
2729 silly audit   '@react-native/babel-plugin-codegen': [ '0.86.3' ],
2729 silly audit   'babel-plugin-react-compiler': [ '1.0.0' ],
2729 silly audit   'babel-plugin-react-native-web': [ '0.21.2' ],
2729 silly audit   'babel-plugin-syntax-hermes-parser': [ '0.36.1' ],
2729 silly audit   'babel-plugin-transform-flow-enums': [ '0.0.2' ],
2729 silly audit   '@babel/helper-create-class-features-plugin': [ '7.29.7' ],
2729 silly audit   '@babel/plugin-syntax-decorators': [ '7.29.7' ],
2729 silly audit   '@babel/helper-annotate-as-pure': [ '7.29.7' ],
2729 silly audit   '@babel/helper-member-expression-to-functions': [ '7.29.7' ],
2729 silly audit   '@babel/helper-optimise-call-expression': [ '7.29.7' ],
2729 silly audit   '@babel/helper-replace-supers': [ '7.29.7' ],
2729 silly audit   '@babel/helper-skip-transparent-expression-wrappers': [ '7.29.7' ],
2729 silly audit   '@babel/helper-remap-async-to-generator': [ '7.29.7' ],
2729 silly audit   '@babel/helper-wrap-function': [ '7.29.7' ],
2729 silly audit   '@babel/plugin-syntax-flow': [ '7.29.7' ],
2729 silly audit   '@babel/helper-create-regexp-features-plugin': [ '7.29.7' ],
2729 silly audit   'regexpu-core': [ '6.4.0' ],
2729 silly audit   '@babel/plugin-syntax-jsx': [ '7.29.7' ],
2729 silly audit   'babel-plugin-polyfill-corejs2': [ '0.4.17' ],
2729 silly audit   'babel-plugin-polyfill-corejs3': [ '0.13.0' ],
2729 silly audit   'babel-plugin-polyfill-regenerator': [ '0.6.8' ],
2729 silly audit   '@babel/plugin-syntax-typescript': [ '7.29.7' ],
2729 silly audit   '@react-native/codegen': [ '0.86.3', '0.87.1' ],
2729 silly audit   tinyglobby: [ '0.2.17' ],
2729 silly audit   yargs: [ '17.7.3' ],
2729 silly audit   '@babel/helper-define-polyfill-provider': [ '0.6.8' ],
2729 silly audit   'lodash.debounce': [ '4.0.8' ],
2729 silly audit   resolve: [ '1.22.12' ],
2729 silly audit   'core-js-compat': [ '3.50.0' ],
2729 silly audit   'stream-buffers': [ '2.2.0' ],
2729 silly audit   'big-integer': [ '1.6.52' ],
2729 silly audit   'baseline-browser-mapping': [ '2.11.25' ],
2729 silly audit   'caniuse-lite': [ '1.0.30001810' ],
2729 silly audit   'electron-to-chromium': [ '1.5.431' ],
2729 silly audit   'node-releases': [ '2.0.56' ],
2729 silly audit   'update-browserslist-db': [ '1.3.3' ],
2729 silly audit   'ansi-styles': [ '4.3.0', '5.2.0', '3.2.1' ],
2729 silly audit   'supports-color': [ '7.2.0', '8.1.1', '5.5.0' ],
2729 silly audit   'color-convert': [ '2.0.1', '1.9.3' ],
2729 silly audit   '@types/node': [ '26.6.1' ],
2729 silly audit   'escape-string-regexp': [ '4.0.0', '1.0.5' ],
2729 silly audit   'is-wsl': [ '2.2.0' ],
2729 silly audit   'lighthouse-logger': [ '1.4.2' ],
2729 silly audit   'undici-types': [ '8.9.0' ],
2729 silly audit   mkdirp: [ '1.0.4' ],
2729 silly audit   'color-name': [ '1.1.4', '1.1.3' ],
2729 silly audit   bytes: [ '3.1.2' ],
2729 silly audit   compressible: [ '2.0.18' ],
2729 silly audit   destroy: [ '1.2.0' ],
2729 silly audit   'on-headers': [ '1.1.0' ],
2729 silly audit   'safe-buffer': [ '5.2.1' ],
2729 silly audit   vary: [ '1.1.2' ],
2729 silly audit   'mime-db': [ '1.54.0', '1.52.0' ],
2729 silly audit   finalhandler: [ '1.1.2' ],
2729 silly audit   parseurl: [ '1.3.3' ],
2729 silly audit   'utils-merge': [ '1.0.1' ],
2729 silly audit   'path-key': [ '3.1.1' ],
2729 silly audit   'shebang-command': [ '2.0.0' ],
2729 silly audit   which: [ '2.0.2' ],
2729 silly audit   ms: [ '2.1.3', '2.0.0' ],
2729 silly audit   fontfaceobserver: [ '2.3.0' ],
2729 silly audit   commander: [ '7.2.0', '12.1.0', '2.20.3' ],
2729 silly audit   '@expo/expo-modules-macros-plugin': [ '0.6.1' ],
2729 silly audit   'expo-modules-jsi': [ '57.1.0' ],
2729 silly audit   bser: [ '2.1.1' ],
2729 silly audit   'node-int64': [ '0.4.0' ],
2729 silly audit   encodeurl: [ '1.0.2', '2.0.0' ],
2729 silly audit   'escape-html': [ '1.0.3' ],
2729 silly audit   'on-finished': [ '2.3.0', '2.4.1' ],
2729 silly audit   statuses: [ '1.5.0', '2.0.2' ],
2729 silly audit   unpipe: [ '1.0.0' ],
2729 silly audit   minipass: [ '7.1.3' ],
2729 silly audit   'path-scurry': [ '2.0.2' ],
2729 silly audit   'hermes-estree': [ '0.36.1', '0.36.0', '0.35.0' ],
2729 silly audit   'loose-envify': [ '1.4.0' ],
2729 silly audit   'is-docker': [ '2.2.1' ],
2729 silly audit   'jest-util': [ '29.7.0' ],
2729 silly audit   'merge-stream': [ '2.0.0' ],
2729 silly audit   '@jest/types': [ '29.6.3' ],
2729 silly audit   'graceful-fs': [ '4.2.11' ],
2729 silly audit   '@jest/schemas': [ '29.6.3' ],
2729 silly audit   '@types/istanbul-lib-coverage': [ '2.0.6' ],
2729 silly audit   '@types/istanbul-reports': [ '3.0.4' ],
2729 silly audit   '@types/yargs': [ '17.0.35' ],
2729 silly audit   '@sinclair/typebox': [ '0.27.12' ],
2729 silly audit   '@types/istanbul-lib-report': [ '3.0.3' ],
2729 silly audit   '@types/yargs-parser': [ '21.0.3' ],
2729 silly audit   argparse: [ '2.0.1' ],
2729 silly audit   marky: [ '1.3.0' ],
2729 silly audit   'detect-libc': [ '2.1.2' ],
2729 silly audit   'lightningcss-android-arm64': [ '1.33.0' ],
2729 silly audit   'lightningcss-darwin-arm64': [ '1.33.0' ],
2729 silly audit   'lightningcss-darwin-x64': [ '1.33.0' ],
2729 silly audit   'lightningcss-freebsd-x64': [ '1.33.0' ],
2729 silly audit   'lightningcss-linux-arm-gnueabihf': [ '1.33.0' ],
2729 silly audit   'lightningcss-linux-arm64-gnu': [ '1.33.0' ],
2729 silly audit   'lightningcss-linux-arm64-musl': [ '1.33.0' ],
2729 silly audit   'lightningcss-linux-x64-gnu': [ '1.33.0' ],
2729 silly audit   'lightningcss-linux-x64-musl': [ '1.33.0' ],
2729 silly audit   'lightningcss-win32-arm64-msvc': [ '1.33.0' ],
2729 silly audit   'lightningcss-win32-x64-msvc': [ '1.33.0' ],
2729 silly audit   yallist: [ '3.1.1' ],
2729 silly audit   'error-stack-parser': [ '2.1.4' ],
2729 silly audit   'flow-enums-runtime': [ '0.0.6' ],
2729 silly audit   'lodash.throttle': [ '4.1.1' ],
2729 silly audit   'serialize-error': [ '2.1.0' ],
2729 silly audit   'source-map': [ '0.5.7', '0.6.1' ],
2729 silly audit   throat: [ '5.0.0' ],
2729 silly audit   stackframe: [ '1.3.4' ],
2729 silly audit   'exponential-backoff': [ '3.1.3' ],
2729 silly audit   'https-proxy-agent': [ '7.0.6' ],
2729 silly audit   'agent-base': [ '7.1.4' ],
2729 silly audit   'jest-validate': [ '29.7.0' ],
2729 silly audit   yaml: [ '2.9.1' ],
2729 silly audit   camelcase: [ '6.3.0' ],
2729 silly audit   'jest-get-type': [ '29.6.3' ],
2729 silly audit   leven: [ '3.1.0' ],
2729 silly audit   terser: [ '5.51.2' ],
2729 silly audit   ob1: [ '0.84.5', '0.87.1' ],
2729 silly audit   vlq: [ '1.0.1' ],
2729 silly audit   braces: [ '3.0.3' ],
2729 silly audit   'fill-range': [ '7.1.1' ],
2729 silly audit   'to-regex-range': [ '5.0.1' ],
2729 silly audit   'brace-expansion': [ '5.0.12' ],
2729 silly audit   'balanced-match': [ '4.0.4' ],
2729 silly audit   'hosted-git-info': [ '7.0.2' ],
2729 silly audit   'proc-log': [ '4.2.0' ],
2729 silly audit   'validate-npm-package-name': [ '5.0.1' ],
2729 silly audit   'ee-first': [ '1.1.1' ],
2729 silly audit   'cli-cursor': [ '2.1.0' ],
2729 silly audit   'cli-spinners': [ '2.9.2' ],
2729 silly audit   'log-symbols': [ '2.2.0' ],
2729 silly audit   'strip-ansi': [ '5.2.0', '6.0.1' ],
2729 silly audit   wcwidth: [ '1.0.1' ],
2729 silly audit   'restore-cursor': [ '2.0.0' ],
2729 silly audit   pngjs: [ '3.4.0' ],
2729 silly audit   nanoid: [ '3.3.19' ],
2729 silly audit   'source-map-js': [ '1.2.1' ],
2729 silly audit   'react-is': [ '18.3.1' ],
2729 silly audit   kleur: [ '3.0.3' ],
2729 silly audit   sisteransi: [ '1.0.5' ],
2729 silly audit   '@react-native/asset-utils': [ '0.87.1' ],
2729 silly audit   '@react-native/community-cli-plugin': [ '0.87.1' ],
2729 silly audit   '@react-native/gradle-plugin': [ '0.87.1' ],
2729 silly audit   '@react-native/virtualized-lists': [ '0.87.1' ],
2729 silly audit   'ansi-regex': [ '5.0.1', '4.1.1' ],
2729 silly audit   'hermes-compiler': [ '250829098.0.17' ],
2729 silly audit   'memoize-one': [ '5.2.1' ],
2729 silly audit   promise: [ '8.3.0' ],
2729 silly audit   'react-devtools-core': [ '6.1.5' ],
2729 silly audit   'regenerator-runtime': [ '0.13.11' ],
2729 silly audit   scheduler: [ '0.27.0' ],
2729 silly audit   'whatwg-fetch': [ '3.6.20' ],
2729 silly audit   asap: [ '2.0.6' ],
2729 silly audit   'shell-quote': [ '1.10.0' ],
2729 silly audit   regenerate: [ '1.4.2' ],
2729 silly audit   'regenerate-unicode-properties': [ '10.2.2' ],
2729 silly audit   regjsgen: [ '0.8.0' ],
2729 silly audit   regjsparser: [ '0.13.3' ],
2729 silly audit   'unicode-match-property-ecmascript': [ '2.0.0' ],
2729 silly audit   'unicode-match-property-value-ecmascript': [ '2.2.1' ],
2729 silly audit   'es-errors': [ '1.3.0' ],
2729 silly audit   'is-core-module': [ '2.17.0' ],
2729 silly audit   'path-parse': [ '1.0.7' ],
2729 silly audit   'supports-preserve-symlinks-flag': [ '1.0.0' ],
2729 silly audit   hasown: [ '2.0.4' ],
2729 silly audit   'function-bind': [ '1.1.2' ],
2729 silly audit   onetime: [ '2.0.1' ],
2729 silly audit   'signal-exit': [ '3.0.7' ],
2729 silly audit   'mimic-fn': [ '1.2.0' ],
2729 silly audit   depd: [ '2.0.0' ],
2729 silly audit   etag: [ '1.8.1' ],
2729 silly audit   fresh: [ '0.5.2' ],
2729 silly audit   'http-errors': [ '2.0.1' ],
2729 silly audit   mime: [ '1.6.0' ],
2729 silly audit   'range-parser': [ '1.2.1' ],
2729 silly audit   inherits: [ '2.0.4' ],
2729 silly audit   setprototypeof: [ '1.2.0' ],
2729 silly audit   toidentifier: [ '1.0.1' ],
2729 silly audit   'shebang-regex': [ '3.0.0' ],
2729 silly audit   'type-fest': [ '0.7.1', '0.21.3' ],
2729 silly audit   'has-flag': [ '4.0.0', '3.0.0' ],
2729 silly audit   'ansi-escapes': [ '4.3.2' ],
2729 silly audit   'supports-hyperlinks': [ '2.3.0' ],
2729 silly audit   '@jridgewell/source-map': [ '0.3.11' ],
2729 silly audit   acorn: [ '8.18.0' ],
2729 silly audit   'source-map-support': [ '0.5.21' ],
2729 silly audit   'buffer-from': [ '1.1.2' ],
2729 silly audit   fdir: [ '6.5.0' ],
2729 silly audit   'is-number': [ '7.0.0' ],
2729 silly audit   'unicode-canonical-property-names-ecmascript': [ '2.0.1' ],
2729 silly audit   'unicode-property-aliases-ecmascript': [ '2.2.0' ],
2729 silly audit   escalade: [ '3.2.0' ],
2729 silly audit   makeerror: [ '1.0.12' ],
2729 silly audit   tmpl: [ '1.0.5' ],
2729 silly audit   defaults: [ '1.0.4' ],
2729 silly audit   clone: [ '1.0.4' ],
2729 silly audit   isexe: [ '2.0.0' ],
2729 silly audit   'string-width': [ '4.2.3' ],
2729 silly audit   'emoji-regex': [ '8.0.0' ],
2729 silly audit   'is-fullwidth-code-point': [ '3.0.0' ],
2729 silly audit   'simple-plist': [ '1.3.1' ],
2729 silly audit   uuid: [ '7.0.3' ],
2729 silly audit   plist: [ '3.1.1' ],
2729 silly audit   sax: [ '1.6.1' ],
2729 silly audit   cliui: [ '8.0.1' ],
2729 silly audit   'get-caller-file': [ '2.0.5' ],
2729 silly audit   'require-directory': [ '2.1.1' ],
2729 silly audit   y18n: [ '5.0.8' ],
2729 silly audit   'yargs-parser': [ '21.1.1' ],
2729 silly audit   'flow-parser': [ '0.331.0' ],
2729 silly audit   'flow-estree': [ '0.331.0' ],
2729 silly audit   'content-type': [ '2.1.0' ]
2729 silly audit }
2730 http cache content-type@https://registry.npmjs.org/content-type/-/content-type-2.1.0.tgz 0ms (cache hit)
2731 http cache y18n@https://registry.npmjs.org/y18n/-/y18n-5.0.8.tgz 0ms (cache hit)
2732 http cache flow-parser@https://registry.npmjs.org/flow-parser/-/flow-parser-0.331.0.tgz 0ms (cache hit)
2733 http cache require-directory@https://registry.npmjs.org/require-directory/-/require-directory-2.1.1.tgz 0ms (cache hit)
2734 http cache yargs-parser@https://registry.npmjs.org/yargs-parser/-/yargs-parser-21.1.1.tgz 0ms (cache hit)
2735 http cache get-caller-file@https://registry.npmjs.org/get-caller-file/-/get-caller-file-2.0.5.tgz 0ms (cache hit)
2736 http cache cliui@https://registry.npmjs.org/cliui/-/cliui-8.0.1.tgz 0ms (cache hit)
2737 http cache plist@https://registry.npmjs.org/plist/-/plist-3.1.1.tgz 0ms (cache hit)
2738 http cache uuid@https://registry.npmjs.org/uuid/-/uuid-7.0.3.tgz 0ms (cache hit)
2739 http cache sax@https://registry.npmjs.org/sax/-/sax-1.6.1.tgz 0ms (cache hit)
2740 http cache simple-plist@https://registry.npmjs.org/simple-plist/-/simple-plist-1.3.1.tgz 0ms (cache hit)
2741 http cache is-fullwidth-code-point@https://registry.npmjs.org/is-fullwidth-code-point/-/is-fullwidth-code-point-3.0.0.tgz 0ms (cache hit)
2742 http cache clone@https://registry.npmjs.org/clone/-/clone-1.0.4.tgz 0ms (cache hit)
2743 http cache flow-estree@https://registry.npmjs.org/flow-estree/-/flow-estree-0.331.0.tgz 0ms (cache hit)
2744 http cache emoji-regex@https://registry.npmjs.org/emoji-regex/-/emoji-regex-8.0.0.tgz 0ms (cache hit)
2745 http cache escalade@https://registry.npmjs.org/escalade/-/escalade-3.2.0.tgz 0ms (cache hit)
2746 http cache defaults@https://registry.npmjs.org/defaults/-/defaults-1.0.4.tgz 0ms (cache hit)
2747 http cache tmpl@https://registry.npmjs.org/tmpl/-/tmpl-1.0.5.tgz 0ms (cache hit)
2748 http cache makeerror@https://registry.npmjs.org/makeerror/-/makeerror-1.0.12.tgz 0ms (cache hit)
2749 http cache unicode-property-aliases-ecmascript@https://registry.npmjs.org/unicode-property-aliases-ecmascript/-/unicode-property-aliases-ecmascript-2.2.0.tgz 0ms (cache hit)
2750 http cache unicode-canonical-property-names-ecmascript@https://registry.npmjs.org/unicode-canonical-property-names-ecmascript/-/unicode-canonical-property-names-ecmascript-2.0.1.tgz 0ms (cache hit)
2751 http cache fdir@https://registry.npmjs.org/fdir/-/fdir-6.5.0.tgz 0ms (cache hit)
2752 http cache source-map-support@https://registry.npmjs.org/source-map-support/-/source-map-support-0.5.21.tgz 0ms (cache hit)
2753 http cache @jridgewell/source-map@https://registry.npmjs.org/@jridgewell/source-map/-/source-map-0.3.11.tgz 0ms (cache hit)
2754 http cache buffer-from@https://registry.npmjs.org/buffer-from/-/buffer-from-1.1.2.tgz 0ms (cache hit)
2755 http cache is-number@https://registry.npmjs.org/is-number/-/is-number-7.0.0.tgz 0ms (cache hit)
2756 http cache acorn@https://registry.npmjs.org/acorn/-/acorn-8.18.0.tgz 0ms (cache hit)
2757 http cache ansi-escapes@https://registry.npmjs.org/ansi-escapes/-/ansi-escapes-4.3.2.tgz 0ms (cache hit)
2758 http cache shebang-regex@https://registry.npmjs.org/shebang-regex/-/shebang-regex-3.0.0.tgz 0ms (cache hit)
2759 http cache supports-hyperlinks@https://registry.npmjs.org/supports-hyperlinks/-/supports-hyperlinks-2.3.0.tgz 0ms (cache hit)
2760 http cache toidentifier@https://registry.npmjs.org/toidentifier/-/toidentifier-1.0.1.tgz 0ms (cache hit)
2761 http cache isexe@https://registry.npmjs.org/isexe/-/isexe-2.0.0.tgz 0ms (cache hit)
2762 http cache type-fest@https://registry.npmjs.org/type-fest/-/type-fest-0.7.1.tgz 0ms (cache hit)
2763 http cache inherits@https://registry.npmjs.org/inherits/-/inherits-2.0.4.tgz 0ms (cache hit)
2764 http cache fresh@https://registry.npmjs.org/fresh/-/fresh-0.5.2.tgz 0ms (cache hit)
2765 http cache has-flag@https://registry.npmjs.org/has-flag/-/has-flag-4.0.0.tgz 0ms (cache hit)
2766 http cache mime@https://registry.npmjs.org/mime/-/mime-1.6.0.tgz 0ms (cache hit)
2767 http cache http-errors@https://registry.npmjs.org/http-errors/-/http-errors-2.0.1.tgz 0ms (cache hit)
2768 http cache range-parser@https://registry.npmjs.org/range-parser/-/range-parser-1.2.1.tgz 0ms (cache hit)
2769 http cache signal-exit@https://registry.npmjs.org/signal-exit/-/signal-exit-3.0.7.tgz 0ms (cache hit)
2770 http cache depd@https://registry.npmjs.org/depd/-/depd-2.0.0.tgz 0ms (cache hit)
2771 http cache mimic-fn@https://registry.npmjs.org/mimic-fn/-/mimic-fn-1.2.0.tgz 0ms (cache hit)
2772 http cache function-bind@https://registry.npmjs.org/function-bind/-/function-bind-1.1.2.tgz 0ms (cache hit)
2773 http cache etag@https://registry.npmjs.org/etag/-/etag-1.8.1.tgz 0ms (cache hit)
2774 http cache onetime@https://registry.npmjs.org/onetime/-/onetime-2.0.1.tgz 0ms (cache hit)
2775 http cache path-parse@https://registry.npmjs.org/path-parse/-/path-parse-1.0.7.tgz 0ms (cache hit)
2776 http cache hasown@https://registry.npmjs.org/hasown/-/hasown-2.0.4.tgz 0ms (cache hit)
2777 http cache supports-preserve-symlinks-flag@https://registry.npmjs.org/supports-preserve-symlinks-flag/-/supports-preserve-symlinks-flag-1.0.0.tgz 0ms (cache hit)
2778 http cache is-core-module@https://registry.npmjs.org/is-core-module/-/is-core-module-2.17.0.tgz 0ms (cache hit)
2779 http cache unicode-match-property-ecmascript@https://registry.npmjs.org/unicode-match-property-ecmascript/-/unicode-match-property-ecmascript-2.0.0.tgz 0ms (cache hit)
2780 http cache string-width@https://registry.npmjs.org/string-width/-/string-width-4.2.3.tgz 0ms (cache hit)
2781 http cache regjsgen@https://registry.npmjs.org/regjsgen/-/regjsgen-0.8.0.tgz 0ms (cache hit)
2782 http cache regjsparser@https://registry.npmjs.org/regjsparser/-/regjsparser-0.13.3.tgz 0ms (cache hit)
2783 http cache regenerate@https://registry.npmjs.org/regenerate/-/regenerate-1.4.2.tgz 0ms (cache hit)
2784 http cache regenerate-unicode-properties@https://registry.npmjs.org/regenerate-unicode-properties/-/regenerate-unicode-properties-10.2.2.tgz 0ms (cache hit)
2785 http cache unicode-match-property-value-ecmascript@https://registry.npmjs.org/unicode-match-property-value-ecmascript/-/unicode-match-property-value-ecmascript-2.2.1.tgz 0ms (cache hit)
2786 http cache shell-quote@https://registry.npmjs.org/shell-quote/-/shell-quote-1.10.0.tgz 0ms (cache hit)
2787 http cache es-errors@https://registry.npmjs.org/es-errors/-/es-errors-1.3.0.tgz 0ms (cache hit)
2788 http cache whatwg-fetch@https://registry.npmjs.org/whatwg-fetch/-/whatwg-fetch-3.6.20.tgz 0ms (cache hit)
2789 http cache regenerator-runtime@https://registry.npmjs.org/regenerator-runtime/-/regenerator-runtime-0.13.11.tgz 0ms (cache hit)
2790 http cache memoize-one@https://registry.npmjs.org/memoize-one/-/memoize-one-5.2.1.tgz 0ms (cache hit)
2791 http cache promise@https://registry.npmjs.org/promise/-/promise-8.3.0.tgz 0ms (cache hit)
2792 http cache hermes-compiler@https://registry.npmjs.org/hermes-compiler/-/hermes-compiler-250829098.0.17.tgz 0ms (cache hit)
2793 http cache react-devtools-core@https://registry.npmjs.org/react-devtools-core/-/react-devtools-core-6.1.5.tgz 0ms (cache hit)
2794 http cache @react-native/virtualized-lists@https://registry.npmjs.org/@react-native/virtualized-lists/-/virtualized-lists-0.87.1.tgz 0ms (cache hit)
2795 http cache setprototypeof@https://registry.npmjs.org/setprototypeof/-/setprototypeof-1.2.0.tgz 0ms (cache hit)
2796 http cache sisteransi@https://registry.npmjs.org/sisteransi/-/sisteransi-1.0.5.tgz 0ms (cache hit)
2797 http cache kleur@https://registry.npmjs.org/kleur/-/kleur-3.0.3.tgz 0ms (cache hit)
2798 http cache @react-native/community-cli-plugin@https://registry.npmjs.org/@react-native/community-cli-plugin/-/community-cli-plugin-0.87.1.tgz 0ms (cache hit)
2799 http cache @react-native/gradle-plugin@https://registry.npmjs.org/@react-native/gradle-plugin/-/gradle-plugin-0.87.1.tgz 0ms (cache hit)
2800 http cache @react-native/asset-utils@https://registry.npmjs.org/@react-native/asset-utils/-/asset-utils-0.87.1.tgz 0ms (cache hit)
2801 http cache source-map-js@https://registry.npmjs.org/source-map-js/-/source-map-js-1.2.1.tgz 0ms (cache hit)
2802 http cache nanoid@https://registry.npmjs.org/nanoid/-/nanoid-3.3.19.tgz 0ms (cache hit)
2803 http cache scheduler@https://registry.npmjs.org/scheduler/-/scheduler-0.27.0.tgz 0ms (cache hit)
2804 http cache restore-cursor@https://registry.npmjs.org/restore-cursor/-/restore-cursor-2.0.0.tgz 0ms (cache hit)
2805 http cache ansi-regex@https://registry.npmjs.org/ansi-regex/-/ansi-regex-5.0.1.tgz 0ms (cache hit)
2806 http cache log-symbols@https://registry.npmjs.org/log-symbols/-/log-symbols-2.2.0.tgz 0ms (cache hit)
2807 http cache cli-spinners@https://registry.npmjs.org/cli-spinners/-/cli-spinners-2.9.2.tgz 0ms (cache hit)
2808 http cache cli-cursor@https://registry.npmjs.org/cli-cursor/-/cli-cursor-2.1.0.tgz 0ms (cache hit)
2809 http cache pngjs@https://registry.npmjs.org/pngjs/-/pngjs-3.4.0.tgz 0ms (cache hit)
2810 http cache react-is@https://registry.npmjs.org/react-is/-/react-is-18.3.1.tgz 0ms (cache hit)
2811 http cache wcwidth@https://registry.npmjs.org/wcwidth/-/wcwidth-1.0.1.tgz 0ms (cache hit)
2812 http cache validate-npm-package-name@https://registry.npmjs.org/validate-npm-package-name/-/validate-npm-package-name-5.0.1.tgz 0ms (cache hit)
2813 http cache proc-log@https://registry.npmjs.org/proc-log/-/proc-log-4.2.0.tgz 0ms (cache hit)
2814 http cache ee-first@https://registry.npmjs.org/ee-first/-/ee-first-1.1.1.tgz 0ms (cache hit)
2815 http cache strip-ansi@https://registry.npmjs.org/strip-ansi/-/strip-ansi-5.2.0.tgz 0ms (cache hit)
2816 http cache balanced-match@https://registry.npmjs.org/balanced-match/-/balanced-match-4.0.4.tgz 0ms (cache hit)
2817 http cache hosted-git-info@https://registry.npmjs.org/hosted-git-info/-/hosted-git-info-7.0.2.tgz 0ms (cache hit)
2818 http cache brace-expansion@https://registry.npmjs.org/brace-expansion/-/brace-expansion-5.0.12.tgz 0ms (cache hit)
2819 http cache fill-range@https://registry.npmjs.org/fill-range/-/fill-range-7.1.1.tgz 0ms (cache hit)
2820 http cache asap@https://registry.npmjs.org/asap/-/asap-2.0.6.tgz 0ms (cache hit)
2821 http cache to-regex-range@https://registry.npmjs.org/to-regex-range/-/to-regex-range-5.0.1.tgz 0ms (cache hit)
2822 http cache leven@https://registry.npmjs.org/leven/-/leven-3.1.0.tgz 0ms (cache hit)
2823 http cache terser@https://registry.npmjs.org/terser/-/terser-5.51.2.tgz 0ms (cache hit)
2824 http cache braces@https://registry.npmjs.org/braces/-/braces-3.0.3.tgz 0ms (cache hit)
2825 http cache ob1@https://registry.npmjs.org/ob1/-/ob1-0.84.5.tgz 0ms (cache hit)
2826 http cache camelcase@https://registry.npmjs.org/camelcase/-/camelcase-6.3.0.tgz 0ms (cache hit)
2827 http cache vlq@https://registry.npmjs.org/vlq/-/vlq-1.0.1.tgz 0ms (cache hit)
2828 http cache jest-validate@https://registry.npmjs.org/jest-validate/-/jest-validate-29.7.0.tgz 0ms (cache hit)
2829 http cache exponential-backoff@https://registry.npmjs.org/exponential-backoff/-/exponential-backoff-3.1.3.tgz 0ms (cache hit)
2830 http cache jest-get-type@https://registry.npmjs.org/jest-get-type/-/jest-get-type-29.6.3.tgz 0ms (cache hit)
2831 http cache yaml@https://registry.npmjs.org/yaml/-/yaml-2.9.1.tgz 0ms (cache hit)
2832 http cache agent-base@https://registry.npmjs.org/agent-base/-/agent-base-7.1.4.tgz 0ms (cache hit)
2833 http cache throat@https://registry.npmjs.org/throat/-/throat-5.0.0.tgz 0ms (cache hit)
2834 http cache stackframe@https://registry.npmjs.org/stackframe/-/stackframe-1.3.4.tgz 0ms (cache hit)
2835 http cache https-proxy-agent@https://registry.npmjs.org/https-proxy-agent/-/https-proxy-agent-7.0.6.tgz 0ms (cache hit)
2836 http cache serialize-error@https://registry.npmjs.org/serialize-error/-/serialize-error-2.1.0.tgz 0ms (cache hit)
2837 http cache source-map@https://registry.npmjs.org/source-map/-/source-map-0.5.7.tgz 0ms (cache hit)
2838 http cache error-stack-parser@https://registry.npmjs.org/error-stack-parser/-/error-stack-parser-2.1.4.tgz 0ms (cache hit)
2839 http cache yallist@https://registry.npmjs.org/yallist/-/yallist-3.1.1.tgz 0ms (cache hit)
2840 http cache marky@https://registry.npmjs.org/marky/-/marky-1.3.0.tgz 0ms (cache hit)
2841 http cache @types/yargs-parser@https://registry.npmjs.org/@types/yargs-parser/-/yargs-parser-21.0.3.tgz 0ms (cache hit)
2842 http cache flow-enums-runtime@https://registry.npmjs.org/flow-enums-runtime/-/flow-enums-runtime-0.0.6.tgz 0ms (cache hit)
2843 http cache @types/yargs@https://registry.npmjs.org/@types/yargs/-/yargs-17.0.35.tgz 0ms (cache hit)
2844 http cache @types/istanbul-lib-report@https://registry.npmjs.org/@types/istanbul-lib-report/-/istanbul-lib-report-3.0.3.tgz 0ms (cache hit)
2845 http cache argparse@https://registry.npmjs.org/argparse/-/argparse-2.0.1.tgz 0ms (cache hit)
2846 http cache detect-libc@https://registry.npmjs.org/detect-libc/-/detect-libc-2.1.2.tgz 0ms (cache hit)
2847 http cache @jest/schemas@https://registry.npmjs.org/@jest/schemas/-/schemas-29.6.3.tgz 0ms (cache hit)
2848 http cache @types/istanbul-reports@https://registry.npmjs.org/@types/istanbul-reports/-/istanbul-reports-3.0.4.tgz 0ms (cache hit)
2849 http cache lodash.throttle@https://registry.npmjs.org/lodash.throttle/-/lodash.throttle-4.1.1.tgz 0ms (cache hit)
2850 http cache lightningcss-darwin-arm64@https://registry.npmjs.org/lightningcss-darwin-arm64/-/lightningcss-darwin-arm64-1.33.0.tgz 0ms (cache hit)
2851 http cache @types/istanbul-lib-coverage@https://registry.npmjs.org/@types/istanbul-lib-coverage/-/istanbul-lib-coverage-2.0.6.tgz 0ms (cache hit)
2852 http cache merge-stream@https://registry.npmjs.org/merge-stream/-/merge-stream-2.0.0.tgz 0ms (cache hit)
2853 http cache @jest/types@https://registry.npmjs.org/@jest/types/-/types-29.6.3.tgz 0ms (cache hit)
2854 http cache @sinclair/typebox@https://registry.npmjs.org/@sinclair/typebox/-/typebox-0.27.12.tgz 0ms (cache hit)
2855 http cache hermes-estree@https://registry.npmjs.org/hermes-estree/-/hermes-estree-0.36.1.tgz 0ms (cache hit)
2856 http cache is-docker@https://registry.npmjs.org/is-docker/-/is-docker-2.2.1.tgz 0ms (cache hit)
2857 http cache graceful-fs@https://registry.npmjs.org/graceful-fs/-/graceful-fs-4.2.11.tgz 0ms (cache hit)
2858 http cache loose-envify@https://registry.npmjs.org/loose-envify/-/loose-envify-1.4.0.tgz 0ms (cache hit)
2859 http cache jest-util@https://registry.npmjs.org/jest-util/-/jest-util-29.7.0.tgz 0ms (cache hit)
2860 http cache unpipe@https://registry.npmjs.org/unpipe/-/unpipe-1.0.0.tgz 0ms (cache hit)
2861 http cache path-scurry@https://registry.npmjs.org/path-scurry/-/path-scurry-2.0.2.tgz 0ms (cache hit)
2862 http cache on-finished@https://registry.npmjs.org/on-finished/-/on-finished-2.3.0.tgz 0ms (cache hit)
2863 http cache statuses@https://registry.npmjs.org/statuses/-/statuses-1.5.0.tgz 0ms (cache hit)
2864 http cache encodeurl@https://registry.npmjs.org/encodeurl/-/encodeurl-1.0.2.tgz 0ms (cache hit)
2865 http cache escape-html@https://registry.npmjs.org/escape-html/-/escape-html-1.0.3.tgz 0ms (cache hit)
2866 http cache expo-modules-jsi@https://registry.npmjs.org/expo-modules-jsi/-/expo-modules-jsi-57.1.0.tgz 0ms (cache hit)
2867 http cache minipass@https://registry.npmjs.org/minipass/-/minipass-7.1.3.tgz 0ms (cache hit)
2868 http cache bser@https://registry.npmjs.org/bser/-/bser-2.1.1.tgz 0ms (cache hit)
2869 http cache node-int64@https://registry.npmjs.org/node-int64/-/node-int64-0.4.0.tgz 0ms (cache hit)
2870 http cache commander@https://registry.npmjs.org/commander/-/commander-7.2.0.tgz 0ms (cache hit)
2871 http cache fontfaceobserver@https://registry.npmjs.org/fontfaceobserver/-/fontfaceobserver-2.3.0.tgz 0ms (cache hit)
2872 http cache @expo/expo-modules-macros-plugin@https://registry.npmjs.org/@expo/expo-modules-macros-plugin/-/expo-modules-macros-plugin-0.6.1.tgz 0ms (cache hit)
2873 http cache ms@https://registry.npmjs.org/ms/-/ms-2.1.3.tgz 0ms (cache hit)
2874 http cache which@https://registry.npmjs.org/which/-/which-2.0.2.tgz 0ms (cache hit)
2875 http cache shebang-command@https://registry.npmjs.org/shebang-command/-/shebang-command-2.0.0.tgz 0ms (cache hit)
2876 http cache path-key@https://registry.npmjs.org/path-key/-/path-key-3.1.1.tgz 0ms (cache hit)
2877 http cache utils-merge@https://registry.npmjs.org/utils-merge/-/utils-merge-1.0.1.tgz 0ms (cache hit)
2878 http cache mime-db@https://registry.npmjs.org/mime-db/-/mime-db-1.54.0.tgz 0ms (cache hit)
2879 http cache parseurl@https://registry.npmjs.org/parseurl/-/parseurl-1.3.3.tgz 0ms (cache hit)
2880 http cache on-headers@https://registry.npmjs.org/on-headers/-/on-headers-1.1.0.tgz 0ms (cache hit)
2881 http cache finalhandler@https://registry.npmjs.org/finalhandler/-/finalhandler-1.1.2.tgz 0ms (cache hit)
2882 http cache compressible@https://registry.npmjs.org/compressible/-/compressible-2.0.18.tgz 0ms (cache hit)
2883 http cache safe-buffer@https://registry.npmjs.org/safe-buffer/-/safe-buffer-5.2.1.tgz 0ms (cache hit)
2884 http cache destroy@https://registry.npmjs.org/destroy/-/destroy-1.2.0.tgz 0ms (cache hit)
2885 http cache mkdirp@https://registry.npmjs.org/mkdirp/-/mkdirp-1.0.4.tgz 0ms (cache hit)
2886 http cache vary@https://registry.npmjs.org/vary/-/vary-1.1.2.tgz 0ms (cache hit)
2887 http cache undici-types@https://registry.npmjs.org/undici-types/-/undici-types-8.9.0.tgz 0ms (cache hit)
2888 http cache bytes@https://registry.npmjs.org/bytes/-/bytes-3.1.2.tgz 0ms (cache hit)
2889 http cache color-name@https://registry.npmjs.org/color-name/-/color-name-1.1.4.tgz 0ms (cache hit)
2890 http cache escape-string-regexp@https://registry.npmjs.org/escape-string-regexp/-/escape-string-regexp-4.0.0.tgz 0ms (cache hit)
2891 http cache lighthouse-logger@https://registry.npmjs.org/lighthouse-logger/-/lighthouse-logger-1.4.2.tgz 0ms (cache hit)
2892 http cache is-wsl@https://registry.npmjs.org/is-wsl/-/is-wsl-2.2.0.tgz 0ms (cache hit)
2893 http cache @types/node@https://registry.npmjs.org/@types/node/-/node-26.6.1.tgz 0ms (cache hit)
2894 http cache color-convert@https://registry.npmjs.org/color-convert/-/color-convert-2.0.1.tgz 0ms (cache hit)
2895 http cache ansi-styles@https://registry.npmjs.org/ansi-styles/-/ansi-styles-4.3.0.tgz 0ms (cache hit)
2896 http cache supports-color@https://registry.npmjs.org/supports-color/-/supports-color-7.2.0.tgz 0ms (cache hit)
2897 http cache caniuse-lite@https://registry.npmjs.org/caniuse-lite/-/caniuse-lite-1.0.30001810.tgz 0ms (cache hit)
2898 http cache electron-to-chromium@https://registry.npmjs.org/electron-to-chromium/-/electron-to-chromium-1.5.431.tgz 0ms (cache hit)
2899 http cache big-integer@https://registry.npmjs.org/big-integer/-/big-integer-1.6.52.tgz 0ms (cache hit)
2900 http cache core-js-compat@https://registry.npmjs.org/core-js-compat/-/core-js-compat-3.50.0.tgz 0ms (cache hit)
2901 http cache update-browserslist-db@https://registry.npmjs.org/update-browserslist-db/-/update-browserslist-db-1.3.3.tgz 0ms (cache hit)
2902 http cache baseline-browser-mapping@https://registry.npmjs.org/baseline-browser-mapping/-/baseline-browser-mapping-2.11.25.tgz 0ms (cache hit)
2903 http cache resolve@https://registry.npmjs.org/resolve/-/resolve-1.22.12.tgz 0ms (cache hit)
2904 http cache @babel/helper-define-polyfill-provider@https://registry.npmjs.org/@babel/helper-define-polyfill-provider/-/helper-define-polyfill-provider-0.6.8.tgz 0ms (cache hit)
2905 http cache stream-buffers@https://registry.npmjs.org/stream-buffers/-/stream-buffers-2.2.0.tgz 0ms (cache hit)
2906 http cache @react-native/codegen@https://registry.npmjs.org/@react-native/codegen/-/codegen-0.86.3.tgz 0ms (cache hit)
2907 http cache lodash.debounce@https://registry.npmjs.org/lodash.debounce/-/lodash.debounce-4.0.8.tgz 0ms (cache hit)
2908 http cache node-releases@https://registry.npmjs.org/node-releases/-/node-releases-2.0.56.tgz 0ms (cache hit)
2909 http cache babel-plugin-polyfill-regenerator@https://registry.npmjs.org/babel-plugin-polyfill-regenerator/-/babel-plugin-polyfill-regenerator-0.6.8.tgz 0ms (cache hit)
2910 http cache yargs@https://registry.npmjs.org/yargs/-/yargs-17.7.3.tgz 0ms (cache hit)
2911 http cache tinyglobby@https://registry.npmjs.org/tinyglobby/-/tinyglobby-0.2.17.tgz 0ms (cache hit)
2912 http cache babel-plugin-polyfill-corejs3@https://registry.npmjs.org/babel-plugin-polyfill-corejs3/-/babel-plugin-polyfill-corejs3-0.13.0.tgz 0ms (cache hit)
2913 http cache @babel/plugin-syntax-typescript@https://registry.npmjs.org/@babel/plugin-syntax-typescript/-/plugin-syntax-typescript-7.29.7.tgz 0ms (cache hit)
2914 http cache babel-plugin-polyfill-corejs2@https://registry.npmjs.org/babel-plugin-polyfill-corejs2/-/babel-plugin-polyfill-corejs2-0.4.17.tgz 0ms (cache hit)
2915 http cache regexpu-core@https://registry.npmjs.org/regexpu-core/-/regexpu-core-6.4.0.tgz 0ms (cache hit)
2916 http cache @babel/plugin-syntax-jsx@https://registry.npmjs.org/@babel/plugin-syntax-jsx/-/plugin-syntax-jsx-7.29.7.tgz 0ms (cache hit)
2917 http cache @babel/plugin-syntax-flow@https://registry.npmjs.org/@babel/plugin-syntax-flow/-/plugin-syntax-flow-7.29.7.tgz 0ms (cache hit)
2918 http cache @babel/helper-wrap-function@https://registry.npmjs.org/@babel/helper-wrap-function/-/helper-wrap-function-7.29.7.tgz 0ms (cache hit)
2919 http cache @babel/helper-remap-async-to-generator@https://registry.npmjs.org/@babel/helper-remap-async-to-generator/-/helper-remap-async-to-generator-7.29.7.tgz 0ms (cache hit)
2920 http cache @babel/helper-create-regexp-features-plugin@https://registry.npmjs.org/@babel/helper-create-regexp-features-plugin/-/helper-create-regexp-features-plugin-7.29.7.tgz 0ms (cache hit)
2921 http cache @babel/helper-annotate-as-pure@https://registry.npmjs.org/@babel/helper-annotate-as-pure/-/helper-annotate-as-pure-7.29.7.tgz 0ms (cache hit)
2922 http cache @babel/helper-create-class-features-plugin@https://registry.npmjs.org/@babel/helper-create-class-features-plugin/-/helper-create-class-features-plugin-7.29.7.tgz 0ms (cache hit)
2923 http cache @babel/helper-member-expression-to-functions@https://registry.npmjs.org/@babel/helper-member-expression-to-functions/-/helper-member-expression-to-functions-7.29.7.tgz 0ms (cache hit)
2924 http cache @babel/helper-optimise-call-expression@https://registry.npmjs.org/@babel/helper-optimise-call-expression/-/helper-optimise-call-expression-7.29.7.tgz 0ms (cache hit)
2925 http cache @babel/plugin-syntax-decorators@https://registry.npmjs.org/@babel/plugin-syntax-decorators/-/plugin-syntax-decorators-7.29.7.tgz 0ms (cache hit)
2926 http cache @babel/helper-skip-transparent-expression-wrappers@https://registry.npmjs.org/@babel/helper-skip-transparent-expression-wrappers/-/helper-skip-transparent-expression-wrappers-7.29.7.tgz 0ms (cache hit)
2927 http cache babel-plugin-transform-flow-enums@https://registry.npmjs.org/babel-plugin-transform-flow-enums/-/babel-plugin-transform-flow-enums-0.0.2.tgz 0ms (cache hit)
2928 http cache @babel/helper-replace-supers@https://registry.npmjs.org/@babel/helper-replace-supers/-/helper-replace-supers-7.29.7.tgz 0ms (cache hit)
2929 http cache babel-plugin-syntax-hermes-parser@https://registry.npmjs.org/babel-plugin-syntax-hermes-parser/-/babel-plugin-syntax-hermes-parser-0.36.1.tgz 0ms (cache hit)
2930 http cache babel-plugin-react-compiler@https://registry.npmjs.org/babel-plugin-react-compiler/-/babel-plugin-react-compiler-1.0.0.tgz 0ms (cache hit)
2931 http cache @babel/preset-typescript@https://registry.npmjs.org/@babel/preset-typescript/-/preset-typescript-7.29.7.tgz 0ms (cache hit)
2932 http cache babel-plugin-react-native-web@https://registry.npmjs.org/babel-plugin-react-native-web/-/babel-plugin-react-native-web-0.21.2.tgz 0ms (cache hit)
2933 http cache @react-native/babel-plugin-codegen@https://registry.npmjs.org/@react-native/babel-plugin-codegen/-/babel-plugin-codegen-0.86.3.tgz 0ms (cache hit)
2934 http cache @babel/plugin-transform-unicode-regex@https://registry.npmjs.org/@babel/plugin-transform-unicode-regex/-/plugin-transform-unicode-regex-7.29.7.tgz 0ms (cache hit)
2935 http cache @babel/plugin-transform-runtime@https://registry.npmjs.org/@babel/plugin-transform-runtime/-/plugin-transform-runtime-7.29.7.tgz 0ms (cache hit)
2936 http cache @babel/plugin-transform-typescript@https://registry.npmjs.org/@babel/plugin-transform-typescript/-/plugin-transform-typescript-7.29.9.tgz 0ms (cache hit)
2937 http cache @babel/plugin-transform-react-pure-annotations@https://registry.npmjs.org/@babel/plugin-transform-react-pure-annotations/-/plugin-transform-react-pure-annotations-7.29.7.tgz 0ms (cache hit)
2938 http cache @babel/plugin-transform-react-jsx-development@https://registry.npmjs.org/@babel/plugin-transform-react-jsx-development/-/plugin-transform-react-jsx-development-7.29.7.tgz 0ms (cache hit)
2939 http cache @babel/plugin-transform-react-display-name@https://registry.npmjs.org/@babel/plugin-transform-react-display-name/-/plugin-transform-react-display-name-7.29.7.tgz 0ms (cache hit)
2940 http cache @babel/plugin-transform-private-property-in-object@https://registry.npmjs.org/@babel/plugin-transform-private-property-in-object/-/plugin-transform-private-property-in-object-7.29.7.tgz 0ms (cache hit)
2941 http cache @babel/plugin-transform-optional-chaining@https://registry.npmjs.org/@babel/plugin-transform-optional-chaining/-/plugin-transform-optional-chaining-7.29.7.tgz 0ms (cache hit)
2942 http cache @babel/plugin-transform-optional-catch-binding@https://registry.npmjs.org/@babel/plugin-transform-optional-catch-binding/-/plugin-transform-optional-catch-binding-7.29.7.tgz 0ms (cache hit)
2943 http cache @babel/plugin-transform-private-methods@https://registry.npmjs.org/@babel/plugin-transform-private-methods/-/plugin-transform-private-methods-7.29.7.tgz 0ms (cache hit)
2944 http cache @babel/plugin-transform-parameters@https://registry.npmjs.org/@babel/plugin-transform-parameters/-/plugin-transform-parameters-7.29.7.tgz 0ms (cache hit)
2945 http cache @babel/plugin-transform-react-jsx@https://registry.npmjs.org/@babel/plugin-transform-react-jsx/-/plugin-transform-react-jsx-7.29.7.tgz 0ms (cache hit)
2946 http cache @babel/plugin-transform-named-capturing-groups-regex@https://registry.npmjs.org/@babel/plugin-transform-named-capturing-groups-regex/-/plugin-transform-named-capturing-groups-regex-7.29.7.tgz 0ms (cache hit)
2947 http cache @babel/plugin-transform-for-of@https://registry.npmjs.org/@babel/plugin-transform-for-of/-/plugin-transform-for-of-7.29.7.tgz 0ms (cache hit)
2948 http cache @babel/plugin-transform-object-rest-spread@https://registry.npmjs.org/@babel/plugin-transform-object-rest-spread/-/plugin-transform-object-rest-spread-7.29.7.tgz 0ms (cache hit)
2949 http cache @babel/plugin-transform-flow-strip-types@https://registry.npmjs.org/@babel/plugin-transform-flow-strip-types/-/plugin-transform-flow-strip-types-7.29.7.tgz 0ms (cache hit)
2950 http cache @babel/plugin-transform-logical-assignment-operators@https://registry.npmjs.org/@babel/plugin-transform-logical-assignment-operators/-/plugin-transform-logical-assignment-operators-7.29.7.tgz 0ms (cache hit)
2951 http cache @babel/plugin-transform-destructuring@https://registry.npmjs.org/@babel/plugin-transform-destructuring/-/plugin-transform-destructuring-7.29.7.tgz 0ms (cache hit)
2952 http cache @babel/plugin-transform-class-static-block@https://registry.npmjs.org/@babel/plugin-transform-class-static-block/-/plugin-transform-class-static-block-7.29.7.tgz 0ms (cache hit)
2953 http cache @babel/plugin-transform-export-namespace-from@https://registry.npmjs.org/@babel/plugin-transform-export-namespace-from/-/plugin-transform-export-namespace-from-7.29.7.tgz 0ms (cache hit)
2954 http cache @babel/plugin-transform-classes@https://registry.npmjs.org/@babel/plugin-transform-classes/-/plugin-transform-classes-7.29.7.tgz 0ms (cache hit)
2955 http cache @babel/plugin-transform-async-to-generator@https://registry.npmjs.org/@babel/plugin-transform-async-to-generator/-/plugin-transform-async-to-generator-7.29.7.tgz 0ms (cache hit)
2956 http cache @babel/plugin-transform-class-properties@https://registry.npmjs.org/@babel/plugin-transform-class-properties/-/plugin-transform-class-properties-7.29.7.tgz 0ms (cache hit)
2957 http cache @babel/plugin-transform-async-generator-functions@https://registry.npmjs.org/@babel/plugin-transform-async-generator-functions/-/plugin-transform-async-generator-functions-7.29.7.tgz 0ms (cache hit)
2958 http cache @babel/plugin-transform-block-scoping@https://registry.npmjs.org/@babel/plugin-transform-block-scoping/-/plugin-transform-block-scoping-7.29.7.tgz 0ms (cache hit)
2959 http cache @babel/plugin-syntax-nullish-coalescing-operator@https://registry.npmjs.org/@babel/plugin-syntax-nullish-coalescing-operator/-/plugin-syntax-nullish-coalescing-operator-7.8.3.tgz 0ms (cache hit)
2960 http cache @babel/plugin-syntax-optional-chaining@https://registry.npmjs.org/@babel/plugin-syntax-optional-chaining/-/plugin-syntax-optional-chaining-7.8.3.tgz 0ms (cache hit)
2961 http cache @babel/plugin-syntax-dynamic-import@https://registry.npmjs.org/@babel/plugin-syntax-dynamic-import/-/plugin-syntax-dynamic-import-7.8.3.tgz 0ms (cache hit)
2962 http cache @babel/plugin-transform-nullish-coalescing-operator@https://registry.npmjs.org/@babel/plugin-transform-nullish-coalescing-operator/-/plugin-transform-nullish-coalescing-operator-7.29.7.tgz 0ms (cache hit)
2963 http cache @babel/plugin-proposal-export-default-from@https://registry.npmjs.org/@babel/plugin-proposal-export-default-from/-/plugin-proposal-export-default-from-7.29.7.tgz 0ms (cache hit)
2964 http cache @babel/plugin-proposal-decorators@https://registry.npmjs.org/@babel/plugin-proposal-decorators/-/plugin-proposal-decorators-7.29.7.tgz 0ms (cache hit)
2965 http cache mime-types@https://registry.npmjs.org/mime-types/-/mime-types-2.1.35.tgz 0ms (cache hit)
2966 http cache fb-dotslash@https://registry.npmjs.org/fb-dotslash/-/fb-dotslash-0.5.8.tgz 0ms (cache hit)
2967 http cache serve-static@https://registry.npmjs.org/serve-static/-/serve-static-1.16.3.tgz 0ms (cache hit)
2968 http cache negotiator@https://registry.npmjs.org/negotiator/-/negotiator-0.6.3.tgz 0ms (cache hit)
2969 http cache chromium-edge-launcher@https://registry.npmjs.org/chromium-edge-launcher/-/chromium-edge-launcher-0.3.0.tgz 0ms (cache hit)
2970 http cache open@https://registry.npmjs.org/open/-/open-7.4.2.tgz 0ms (cache hit)
2971 http cache chrome-launcher@https://registry.npmjs.org/chrome-launcher/-/chrome-launcher-0.15.2.tgz 0ms (cache hit)
2972 http cache @react-native/debugger-shell@https://registry.npmjs.org/@react-native/debugger-shell/-/debugger-shell-0.86.3.tgz 0ms (cache hit)
2973 http cache nullthrows@https://registry.npmjs.org/nullthrows/-/nullthrows-1.1.1.tgz 0ms (cache hit)
2974 http cache @isaacs/ttlcache@https://registry.npmjs.org/@isaacs/ttlcache/-/ttlcache-1.4.1.tgz 0ms (cache hit)
2975 http cache @react-native/debugger-frontend@https://registry.npmjs.org/@react-native/debugger-frontend/-/debugger-frontend-0.86.3.tgz 0ms (cache hit)
2976 http cache js-yaml@https://registry.npmjs.org/js-yaml/-/js-yaml-4.3.2.tgz 0ms (cache hit)
2977 http cache @jridgewell/resolve-uri@https://registry.npmjs.org/@jridgewell/resolve-uri/-/resolve-uri-3.1.2.tgz 0ms (cache hit)
2978 http cache cross-spawn@https://registry.npmjs.org/cross-spawn/-/cross-spawn-7.0.6.tgz 0ms (cache hit)
2979 http cache @babel/plugin-syntax-export-default-from@https://registry.npmjs.org/@babel/plugin-syntax-export-default-from/-/plugin-syntax-export-default-from-7.29.7.tgz 0ms (cache hit)
2980 http cache @babel/helper-plugin-utils@https://registry.npmjs.org/@babel/helper-plugin-utils/-/helper-plugin-utils-7.29.7.tgz 0ms (cache hit)
2981 http cache @react-native/normalize-colors@https://registry.npmjs.org/@react-native/normalize-colors/-/normalize-colors-0.86.3.tgz 0ms (cache hit)
2982 http cache @babel/plugin-transform-modules-commonjs@https://registry.npmjs.org/@babel/plugin-transform-modules-commonjs/-/plugin-transform-modules-commonjs-7.29.7.tgz 0ms (cache hit)
2983 http cache xmlbuilder@https://registry.npmjs.org/xmlbuilder/-/xmlbuilder-15.1.1.tgz 0ms (cache hit)
2984 http cache walker@https://registry.npmjs.org/walker/-/walker-1.0.8.tgz 0ms (cache hit)
2985 http cache invariant@https://registry.npmjs.org/invariant/-/invariant-2.2.4.tgz 0ms (cache hit)
2986 http cache fb-watchman@https://registry.npmjs.org/fb-watchman/-/fb-watchman-2.0.2.tgz 0ms (cache hit)
2987 http cache jest-worker@https://registry.npmjs.org/jest-worker/-/jest-worker-29.7.0.tgz 0ms (cache hit)
2988 http cache @babel/helper-module-imports@https://registry.npmjs.org/@babel/helper-module-imports/-/helper-module-imports-7.29.7.tgz 0ms (cache hit)
2989 http cache @babel/helper-string-parser@https://registry.npmjs.org/@babel/helper-string-parser/-/helper-string-parser-7.29.7.tgz 0ms (cache hit)
2990 http cache base64-js@https://registry.npmjs.org/base64-js/-/base64-js-1.5.1.tgz 0ms (cache hit)
2991 http cache @babel/helper-validator-option@https://registry.npmjs.org/@babel/helper-validator-option/-/helper-validator-option-7.29.7.tgz 0ms (cache hit)
2992 http cache lru-cache@https://registry.npmjs.org/lru-cache/-/lru-cache-5.1.1.tgz 0ms (cache hit)
2993 http cache @xmldom/xmldom@https://registry.npmjs.org/@xmldom/xmldom/-/xmldom-0.8.15.tgz 0ms (cache hit)
2994 http cache micromatch@https://registry.npmjs.org/micromatch/-/micromatch-4.0.8.tgz 0ms (cache hit)
2995 http cache @babel/compat-data@https://registry.npmjs.org/@babel/compat-data/-/compat-data-7.29.7.tgz 0ms (cache hit)
2996 http cache @babel/helper-globals@https://registry.npmjs.org/@babel/helper-globals/-/helper-globals-7.29.7.tgz 0ms (cache hit)
2997 http cache jsesc@https://registry.npmjs.org/jsesc/-/jsesc-3.1.0.tgz 0ms (cache hit)
2998 http cache gensync@https://registry.npmjs.org/gensync/-/gensync-1.0.0-beta.2.tgz 0ms (cache hit)
2999 http cache @jridgewell/trace-mapping@https://registry.npmjs.org/@jridgewell/trace-mapping/-/trace-mapping-0.3.31.tgz 0ms (cache hit)
3000 http cache @babel/types@https://registry.npmjs.org/@babel/types/-/types-7.29.8.tgz 0ms (cache hit)
3001 http cache convert-source-map@https://registry.npmjs.org/convert-source-map/-/convert-source-map-2.0.0.tgz 0ms (cache hit)
3002 http cache @babel/helpers@https://registry.npmjs.org/@babel/helpers/-/helpers-7.29.7.tgz 0ms (cache hit)
3003 http cache @babel/helper-module-transforms@https://registry.npmjs.org/@babel/helper-module-transforms/-/helper-module-transforms-7.29.7.tgz 0ms (cache hit)
3004 http cache @babel/traverse@https://registry.npmjs.org/@babel/traverse/-/traverse-7.29.8.tgz 0ms (cache hit)
3005 http cache @babel/parser@https://registry.npmjs.org/@babel/parser/-/parser-7.29.9.tgz 0ms (cache hit)
3006 http cache @babel/template@https://registry.npmjs.org/@babel/template/-/template-7.29.7.tgz 0ms (cache hit)
3007 http cache lightningcss@https://registry.npmjs.org/lightningcss/-/lightningcss-1.33.0.tgz 0ms (cache hit)
3008 http cache jsc-safe-url@https://registry.npmjs.org/jsc-safe-url/-/jsc-safe-url-0.2.4.tgz 0ms (cache hit)
3009 http cache browserslist@https://registry.npmjs.org/browserslist/-/browserslist-4.29.0.tgz 0ms (cache hit)
3010 http cache @babel/helper-compilation-targets@https://registry.npmjs.org/@babel/helper-compilation-targets/-/helper-compilation-targets-7.29.7.tgz 0ms (cache hit)
3011 http cache @jridgewell/remapping@https://registry.npmjs.org/@jridgewell/remapping/-/remapping-2.3.5.tgz 0ms (cache hit)
3012 http cache @jridgewell/gen-mapping@https://registry.npmjs.org/@jridgewell/gen-mapping/-/gen-mapping-0.3.13.tgz 0ms (cache hit)
3013 http cache @jridgewell/sourcemap-codec@https://registry.npmjs.org/@jridgewell/sourcemap-codec/-/sourcemap-codec-1.6.0.tgz 0ms (cache hit)
3014 http cache @babel/generator@https://registry.npmjs.org/@babel/generator/-/generator-7.29.8.tgz 0ms (cache hit)
3015 http cache postcss@https://registry.npmjs.org/postcss/-/postcss-8.5.28.tgz 0ms (cache hit)
3016 http cache @babel/core@https://registry.npmjs.org/@babel/core/-/core-7.29.7.tgz 0ms (cache hit)
3017 http cache metro-transform-worker@https://registry.npmjs.org/metro-transform-worker/-/metro-transform-worker-0.84.5.tgz 0ms (cache hit)
3018 http cache metro-transform-plugins@https://registry.npmjs.org/metro-transform-plugins/-/metro-transform-plugins-0.84.5.tgz 0ms (cache hit)
3019 http cache metro-symbolicate@https://registry.npmjs.org/metro-symbolicate/-/metro-symbolicate-0.84.5.tgz 0ms (cache hit)
3020 http cache metro-runtime@https://registry.npmjs.org/metro-runtime/-/metro-runtime-0.84.5.tgz 0ms (cache hit)
3021 http cache metro-source-map@https://registry.npmjs.org/metro-source-map/-/metro-source-map-0.84.5.tgz 0ms (cache hit)
3022 http cache metro-resolver@https://registry.npmjs.org/metro-resolver/-/metro-resolver-0.84.5.tgz 0ms (cache hit)
3023 http cache metro-config@https://registry.npmjs.org/metro-config/-/metro-config-0.84.5.tgz 0ms (cache hit)
3024 http cache hermes-parser@https://registry.npmjs.org/hermes-parser/-/hermes-parser-0.36.1.tgz 0ms (cache hit)
3025 http cache metro-file-map@https://registry.npmjs.org/metro-file-map/-/metro-file-map-0.84.5.tgz 0ms (cache hit)
3026 http cache metro-cache-key@https://registry.npmjs.org/metro-cache-key/-/metro-cache-key-0.84.5.tgz 0ms (cache hit)
3027 http cache metro-core@https://registry.npmjs.org/metro-core/-/metro-core-0.84.5.tgz 0ms (cache hit)
3028 http cache metro-minify-terser@https://registry.npmjs.org/metro-minify-terser/-/metro-minify-terser-0.84.5.tgz 0ms (cache hit)
3029 http cache metro@https://registry.npmjs.org/metro/-/metro-0.84.5.tgz 0ms (cache hit)
3030 http cache anser@https://registry.npmjs.org/anser/-/anser-1.4.10.tgz 0ms (cache hit)
3031 http cache js-tokens@https://registry.npmjs.org/js-tokens/-/js-tokens-4.0.0.tgz 0ms (cache hit)
3032 http cache @babel/helper-validator-identifier@https://registry.npmjs.org/@babel/helper-validator-identifier/-/helper-validator-identifier-7.29.7.tgz 0ms (cache hit)
3033 http cache json5@https://registry.npmjs.org/json5/-/json5-2.2.3.tgz 0ms (cache hit)
3034 http cache picocolors@https://registry.npmjs.org/picocolors/-/picocolors-1.1.1.tgz 0ms (cache hit)
3035 http cache minimatch@https://registry.npmjs.org/minimatch/-/minimatch-10.2.6.tgz 0ms (cache hit)
3036 http cache parse-png@https://registry.npmjs.org/parse-png/-/parse-png-2.1.0.tgz 0ms (cache hit)
3037 http cache ignore@https://registry.npmjs.org/ignore/-/ignore-5.3.2.tgz 0ms (cache hit)
3038 http cache jimp-compact@https://registry.npmjs.org/jimp-compact/-/jimp-compact-0.16.1.tgz 0ms (cache hit)
3039 http cache metro-babel-transformer@https://registry.npmjs.org/metro-babel-transformer/-/metro-babel-transformer-0.84.5.tgz 0ms (cache hit)
3040 http cache @expo/sudo-prompt@https://registry.npmjs.org/@expo/sudo-prompt/-/sudo-prompt-9.3.2.tgz 0ms (cache hit)
3041 http cache @babel/code-frame@https://registry.npmjs.org/@babel/code-frame/-/code-frame-7.29.7.tgz 0ms (cache hit)
3042 http cache xml2js@https://registry.npmjs.org/xml2js/-/xml2js-0.6.0.tgz 0ms (cache hit)
3043 http cache zod@https://registry.npmjs.org/zod/-/zod-3.25.76.tgz 0ms (cache hit)
3044 http cache resolve-workspace-root@https://registry.npmjs.org/resolve-workspace-root/-/resolve-workspace-root-2.0.1.tgz 0ms (cache hit)
3045 http cache deepmerge@https://registry.npmjs.org/deepmerge/-/deepmerge-4.3.1.tgz 0ms (cache hit)
3046 http cache @expo/config-types@https://registry.npmjs.org/@expo/config-types/-/config-types-57.0.2.tgz 0ms (cache hit)
3047 http cache structured-headers@https://registry.npmjs.org/structured-headers/-/structured-headers-0.4.1.tgz 0ms (cache hit)
3048 http cache @expo/sdk-runtime-versions@https://registry.npmjs.org/@expo/sdk-runtime-versions/-/sdk-runtime-versions-1.0.0.tgz 0ms (cache hit)
3049 http cache slugify@https://registry.npmjs.org/slugify/-/slugify-1.6.9.tgz 0ms (cache hit)
3050 http cache xcode@https://registry.npmjs.org/xcode/-/xcode-3.0.1.tgz 0ms (cache hit)
3051 http cache metro-cache@https://registry.npmjs.org/metro-cache/-/metro-cache-0.84.5.tgz 0ms (cache hit)
3052 http cache stacktrace-parser@https://registry.npmjs.org/stacktrace-parser/-/stacktrace-parser-0.1.11.tgz 0ms (cache hit)
3053 http cache resolve-from@https://registry.npmjs.org/resolve-from/-/resolve-from-5.0.0.tgz 0ms (cache hit)
3054 http cache terminal-link@https://registry.npmjs.org/terminal-link/-/terminal-link-2.1.1.tgz 0ms (cache hit)
3055 http cache wrap-ansi@https://registry.npmjs.org/wrap-ansi/-/wrap-ansi-7.0.0.tgz 0ms (cache hit)
3056 http cache send@https://registry.npmjs.org/send/-/send-0.19.2.tgz 0ms (cache hit)
3057 http cache prompts@https://registry.npmjs.org/prompts/-/prompts-2.4.2.tgz 0ms (cache hit)
3058 http cache toqr@https://registry.npmjs.org/toqr/-/toqr-0.1.1.tgz 0ms (cache hit)
3059 http cache progress@https://registry.npmjs.org/progress/-/progress-2.0.3.tgz 0ms (cache hit)
3060 http cache semver@https://registry.npmjs.org/semver/-/semver-7.8.5.tgz 0ms (cache hit)
3061 http cache node-forge@https://registry.npmjs.org/node-forge/-/node-forge-1.4.0.tgz 0ms (cache hit)
3062 http cache ora@https://registry.npmjs.org/ora/-/ora-3.4.0.tgz 0ms (cache hit)
3063 http cache npm-package-arg@https://registry.npmjs.org/npm-package-arg/-/npm-package-arg-11.0.3.tgz 0ms (cache hit)
3064 http cache sandbox-cli-detector@https://registry.npmjs.org/sandbox-cli-detector/-/sandbox-cli-detector-0.2.0.tgz 0ms (cache hit)
3065 http cache lan-network@https://registry.npmjs.org/lan-network/-/lan-network-0.2.1.tgz 0ms (cache hit)
3066 http cache multitars@https://registry.npmjs.org/multitars/-/multitars-1.0.2.tgz 0ms (cache hit)
3067 http cache picomatch@https://registry.npmjs.org/picomatch/-/picomatch-4.0.7.tgz 0ms (cache hit)
3068 http cache glob@https://registry.npmjs.org/glob/-/glob-13.0.6.tgz 0ms (cache hit)
3069 http cache getenv@https://registry.npmjs.org/getenv/-/getenv-2.0.0.tgz 0ms (cache hit)
3070 http cache dnssd-advertise@https://registry.npmjs.org/dnssd-advertise/-/dnssd-advertise-1.1.6.tgz 0ms (cache hit)
3071 http cache ci-info@https://registry.npmjs.org/ci-info/-/ci-info-3.9.0.tgz 0ms (cache hit)
3072 http cache fetch-nodeshim@https://registry.npmjs.org/fetch-nodeshim/-/fetch-nodeshim-0.4.10.tgz 0ms (cache hit)
3073 http cache compression@https://registry.npmjs.org/compression/-/compression-1.8.2.tgz 0ms (cache hit)
3074 http cache bplist-parser@https://registry.npmjs.org/bplist-parser/-/bplist-parser-0.3.2.tgz 0ms (cache hit)
3075 http cache chalk@https://registry.npmjs.org/chalk/-/chalk-4.1.2.tgz 0ms (cache hit)
3076 http cache connect@https://registry.npmjs.org/connect/-/connect-3.7.0.tgz 0ms (cache hit)
3077 http cache agent-cli-detector@https://registry.npmjs.org/agent-cli-detector/-/agent-cli-detector-0.1.7.tgz 0ms (cache hit)
3078 http cache arg@https://registry.npmjs.org/arg/-/arg-5.0.2.tgz 0ms (cache hit)
3079 http cache @expo/xcpretty@https://registry.npmjs.org/@expo/xcpretty/-/xcpretty-4.4.5.tgz 0ms (cache hit)
3080 http cache bplist-creator@https://registry.npmjs.org/bplist-creator/-/bplist-creator-0.1.0.tgz 0ms (cache hit)
3081 http cache accepts@https://registry.npmjs.org/accepts/-/accepts-1.3.8.tgz 0ms (cache hit)
3082 http cache @react-native/dev-middleware@https://registry.npmjs.org/@react-native/dev-middleware/-/dev-middleware-0.86.3.tgz 0ms (cache hit)
3083 http cache ws@https://registry.npmjs.org/ws/-/ws-8.21.3.tgz 0ms (cache hit)
3084 http cache expo-server@https://registry.npmjs.org/expo-server/-/expo-server-57.0.3.tgz 0ms (cache hit)
3085 http cache @expo/spawn-async@https://registry.npmjs.org/@expo/spawn-async/-/spawn-async-1.8.0.tgz 0ms (cache hit)
3086 http cache @expo/require-utils@https://registry.npmjs.org/@expo/require-utils/-/require-utils-57.0.5.tgz 0ms (cache hit)
3087 http cache @expo/ws-tunnel@https://registry.npmjs.org/@expo/ws-tunnel/-/ws-tunnel-2.0.0.tgz 0ms (cache hit)
3088 http cache @expo/router-server@https://registry.npmjs.org/@expo/router-server/-/router-server-57.0.10.tgz 0ms (cache hit)
3089 http cache @expo/plist@https://registry.npmjs.org/@expo/plist/-/plist-0.8.1.tgz 0ms (cache hit)
3090 http cache @expo/schema-utils@https://registry.npmjs.org/@expo/schema-utils/-/schema-utils-57.0.2.tgz 0ms (cache hit)
3091 http cache @expo/osascript@https://registry.npmjs.org/@expo/osascript/-/osascript-2.7.1.tgz 0ms (cache hit)
3092 http cache @expo/prebuild-config@https://registry.npmjs.org/@expo/prebuild-config/-/prebuild-config-57.0.16.tgz 0ms (cache hit)
3093 http cache @expo/json-file@https://registry.npmjs.org/@expo/json-file/-/json-file-11.0.1.tgz 0ms (cache hit)
3094 http cache @expo/metro-file-map@https://registry.npmjs.org/@expo/metro-file-map/-/metro-file-map-57.0.3.tgz 0ms (cache hit)
3095 http cache @expo/package-manager@https://registry.npmjs.org/@expo/package-manager/-/package-manager-1.13.1.tgz 0ms (cache hit)
3096 http cache @expo/inline-modules@https://registry.npmjs.org/@expo/inline-modules/-/inline-modules-0.1.7.tgz 0ms (cache hit)
3097 http cache @expo/image-utils@https://registry.npmjs.org/@expo/image-utils/-/image-utils-0.11.5.tgz 0ms (cache hit)
3098 http cache @expo/env@https://registry.npmjs.org/@expo/env/-/env-2.4.3.tgz 0ms (cache hit)
3099 http cache expo-modules-autolinking@https://registry.npmjs.org/expo-modules-autolinking/-/expo-modules-autolinking-57.0.13.tgz 0ms (cache hit)
3100 http cache whatwg-url-minimum@https://registry.npmjs.org/whatwg-url-minimum/-/whatwg-url-minimum-0.1.2.tgz 0ms (cache hit)
3101 http cache pretty-format@https://registry.npmjs.org/pretty-format/-/pretty-format-29.7.0.tgz 0ms (cache hit)
3102 http cache @expo/code-signing-certificates@https://registry.npmjs.org/@expo/code-signing-certificates/-/code-signing-certificates-0.0.6.tgz 0ms (cache hit)
3103 http cache expo-font@https://registry.npmjs.org/expo-font/-/expo-font-57.0.4.tgz 0ms (cache hit)
3104 http cache @expo/devcert@https://registry.npmjs.org/@expo/devcert/-/devcert-1.2.1.tgz 0ms (cache hit)
3105 http cache expo-keep-awake@https://registry.npmjs.org/expo-keep-awake/-/expo-keep-awake-57.0.2.tgz 0ms (cache hit)
3106 http cache expo-modules-core@https://registry.npmjs.org/expo-modules-core/-/expo-modules-core-57.0.18.tgz 0ms (cache hit)
3107 http cache react-refresh@https://registry.npmjs.org/react-refresh/-/react-refresh-0.14.2.tgz 0ms (cache hit)
3108 http cache expo-constants@https://registry.npmjs.org/expo-constants/-/expo-constants-57.0.19.tgz 0ms (cache hit)
3109 http cache expo-file-system@https://registry.npmjs.org/expo-file-system/-/expo-file-system-57.0.7.tgz 0ms (cache hit)
3110 http cache @expo/log-box@https://registry.npmjs.org/@expo/log-box/-/log-box-57.0.4.tgz 0ms (cache hit)
3111 http cache @expo/metro@https://registry.npmjs.org/@expo/metro/-/metro-56.0.2.tgz 0ms (cache hit)
3112 http cache @expo/local-build-cache-provider@https://registry.npmjs.org/@expo/local-build-cache-provider/-/local-build-cache-provider-57.0.8.tgz 0ms (cache hit)
3113 http cache expo-asset@https://registry.npmjs.org/expo-asset/-/expo-asset-57.0.18.tgz 0ms (cache hit)
3114 http cache @expo/metro-config@https://registry.npmjs.org/@expo/metro-config/-/metro-config-57.0.12.tgz 0ms (cache hit)
3115 http cache @expo/fingerprint@https://registry.npmjs.org/@expo/fingerprint/-/fingerprint-0.20.13.tgz 0ms (cache hit)
3116 http cache @expo/devtools@https://registry.npmjs.org/@expo/devtools/-/devtools-57.0.1.tgz 0ms (cache hit)
3117 http cache @expo/config-plugins@https://registry.npmjs.org/@expo/config-plugins/-/config-plugins-57.0.9.tgz 0ms (cache hit)
3118 http cache babel-preset-expo@https://registry.npmjs.org/babel-preset-expo/-/babel-preset-expo-57.0.12.tgz 0ms (cache hit)
3119 http cache @expo/dom-webview@https://registry.npmjs.org/@expo/dom-webview/-/dom-webview-57.0.1.tgz 0ms (cache hit)
3120 http cache @expo/config@https://registry.npmjs.org/@expo/config/-/config-57.0.9.tgz 0ms (cache hit)
3121 http cache @expo/cli@https://registry.npmjs.org/@expo/cli/-/cli-57.0.26.tgz 0ms (cache hit)
3122 http cache react@https://registry.npmjs.org/react/-/react-19.3.0.tgz 0ms (cache hit)
3123 http cache @xmldom/xmldom@https://registry.npmjs.org/@xmldom/xmldom/-/xmldom-0.9.12.tgz 0ms (cache hit)
3124 http cache @babel/runtime@https://registry.npmjs.org/@babel/runtime/-/runtime-7.29.7.tgz 0ms (cache hit)
3125 http cache expo@https://registry.npmjs.org/expo/-/expo-57.0.24.tgz 0ms (cache hit)
3126 http cache react-native@https://registry.npmjs.org/react-native/-/react-native-0.87.1.tgz 0ms (cache hit)
3127 http cache source-map@https://registry.npmjs.org/source-map/-/source-map-0.6.1.tgz 0ms (cache hit)
3128 http cache @ungap/structured-clone@https://registry.npmjs.org/@ungap/structured-clone/-/structured-clone-1.4.0.tgz 0ms (cache hit)
3129 http cache strip-ansi@https://registry.npmjs.org/strip-ansi/-/strip-ansi-6.0.1.tgz 0ms (cache hit)
3130 http cache type-fest@https://registry.npmjs.org/type-fest/-/type-fest-0.21.3.tgz 0ms (cache hit)
3131 http cache ob1@https://registry.npmjs.org/ob1/-/ob1-0.87.1.tgz 0ms (cache hit)
3132 http cache ws@https://registry.npmjs.org/ws/-/ws-7.5.13.tgz 0ms (cache hit)
3133 http cache negotiator@https://registry.npmjs.org/negotiator/-/negotiator-1.1.0.tgz 0ms (cache hit)
3134 http cache mime-types@https://registry.npmjs.org/mime-types/-/mime-types-3.0.2.tgz 0ms (cache hit)
3135 http cache metro-minify-terser@https://registry.npmjs.org/metro-minify-terser/-/metro-minify-terser-0.87.1.tgz 0ms (cache hit)
3136 http cache bplist-parser@https://registry.npmjs.org/bplist-parser/-/bplist-parser-0.3.1.tgz 0ms (cache hit)
3137 http cache metro-transform-plugins@https://registry.npmjs.org/metro-transform-plugins/-/metro-transform-plugins-0.87.1.tgz 0ms (cache hit)
3138 http cache metro-source-map@https://registry.npmjs.org/metro-source-map/-/metro-source-map-0.87.1.tgz 0ms (cache hit)
3139 http cache metro-runtime@https://registry.npmjs.org/metro-runtime/-/metro-runtime-0.87.1.tgz 0ms (cache hit)
3140 http cache metro-transform-worker@https://registry.npmjs.org/metro-transform-worker/-/metro-transform-worker-0.87.1.tgz 0ms (cache hit)
3141 http cache metro-core@https://registry.npmjs.org/metro-core/-/metro-core-0.87.1.tgz 0ms (cache hit)
3142 http cache metro-file-map@https://registry.npmjs.org/metro-file-map/-/metro-file-map-0.87.1.tgz 0ms (cache hit)
3143 http cache metro-resolver@https://registry.npmjs.org/metro-resolver/-/metro-resolver-0.87.1.tgz 0ms (cache hit)
3144 http cache metro-symbolicate@https://registry.npmjs.org/metro-symbolicate/-/metro-symbolicate-0.87.1.tgz 0ms (cache hit)
3145 http cache metro-config@https://registry.npmjs.org/metro-config/-/metro-config-0.87.1.tgz 0ms (cache hit)
3146 http cache metro-cache-key@https://registry.npmjs.org/metro-cache-key/-/metro-cache-key-0.87.1.tgz 0ms (cache hit)
3147 http cache strip-ansi@https://registry.npmjs.org/strip-ansi/-/strip-ansi-6.0.1.tgz 0ms (cache hit)
3148 http cache metro-cache@https://registry.npmjs.org/metro-cache/-/metro-cache-0.87.1.tgz 0ms (cache hit)
3149 http cache accepts@https://registry.npmjs.org/accepts/-/accepts-2.0.0.tgz 0ms (cache hit)
3150 http cache ws@https://registry.npmjs.org/ws/-/ws-7.5.13.tgz 0ms (cache hit)
3151 http cache @react-native/debugger-frontend@https://registry.npmjs.org/@react-native/debugger-frontend/-/debugger-frontend-0.87.1.tgz 0ms (cache hit)
3152 http cache @react-native/debugger-shell@https://registry.npmjs.org/@react-native/debugger-shell/-/debugger-shell-0.87.1.tgz 0ms (cache hit)
3153 http cache debug@https://registry.npmjs.org/debug/-/debug-4.4.3.tgz 0ms (cache hit)
3154 http cache metro@https://registry.npmjs.org/metro/-/metro-0.87.1.tgz 0ms (cache hit)
3155 http cache @react-native/dev-middleware@https://registry.npmjs.org/@react-native/dev-middleware/-/dev-middleware-0.87.1.tgz 0ms (cache hit)
3156 http cache metro-babel-transformer@https://registry.npmjs.org/metro-babel-transformer/-/metro-babel-transformer-0.87.1.tgz 0ms (cache hit)
3157 http cache ansi-regex@https://registry.npmjs.org/ansi-regex/-/ansi-regex-4.1.1.tgz 0ms (cache hit)
3158 http cache has-flag@https://registry.npmjs.org/has-flag/-/has-flag-3.0.0.tgz 0ms (cache hit)
3159 http cache statuses@https://registry.npmjs.org/statuses/-/statuses-2.0.2.tgz 0ms (cache hit)
3160 http cache picomatch@https://registry.npmjs.org/picomatch/-/picomatch-2.3.2.tgz 0ms (cache hit)
3161 http cache color-name@https://registry.npmjs.org/color-name/-/color-name-1.1.3.tgz 0ms (cache hit)
3162 http cache lru-cache@https://registry.npmjs.org/lru-cache/-/lru-cache-10.4.3.tgz 0ms (cache hit)
3163 http cache supports-color@https://registry.npmjs.org/supports-color/-/supports-color-5.5.0.tgz 0ms (cache hit)
3164 http cache ansi-styles@https://registry.npmjs.org/ansi-styles/-/ansi-styles-3.2.1.tgz 0ms (cache hit)
3165 http cache ms@https://registry.npmjs.org/ms/-/ms-2.0.0.tgz 0ms (cache hit)
3166 http cache chalk@https://registry.npmjs.org/chalk/-/chalk-2.4.2.tgz 0ms (cache hit)
3167 http cache lru-cache@https://registry.npmjs.org/lru-cache/-/lru-cache-11.5.2.tgz 0ms (cache hit)
3168 http cache color-convert@https://registry.npmjs.org/color-convert/-/color-convert-1.9.3.tgz 0ms (cache hit)
3169 http cache debug@https://registry.npmjs.org/debug/-/debug-2.6.9.tgz 0ms (cache hit)
3170 http cache ms@https://registry.npmjs.org/ms/-/ms-2.0.0.tgz 0ms (cache hit)
3171 http cache escape-string-regexp@https://registry.npmjs.org/escape-string-regexp/-/escape-string-regexp-1.0.5.tgz 0ms (cache hit)
3172 http cache debug@https://registry.npmjs.org/debug/-/debug-2.6.9.tgz 0ms (cache hit)
3173 http cache semver@https://registry.npmjs.org/semver/-/semver-6.3.1.tgz 0ms (cache hit)
3174 http cache hermes-estree@https://registry.npmjs.org/hermes-estree/-/hermes-estree-0.36.0.tgz 0ms (cache hit)
3175 http cache semver@https://registry.npmjs.org/semver/-/semver-6.3.1.tgz 0ms (cache hit)
3176 http cache encodeurl@https://registry.npmjs.org/encodeurl/-/encodeurl-2.0.0.tgz 0ms (cache hit)
3177 http cache semver@https://registry.npmjs.org/semver/-/semver-6.3.1.tgz 0ms (cache hit)
3178 http cache mime-db@https://registry.npmjs.org/mime-db/-/mime-db-1.52.0.tgz 0ms (cache hit)
3179 http cache supports-color@https://registry.npmjs.org/supports-color/-/supports-color-8.1.1.tgz 0ms (cache hit)
3180 http cache semver@https://registry.npmjs.org/semver/-/semver-6.3.1.tgz 0ms (cache hit)
3181 http cache hermes-parser@https://registry.npmjs.org/hermes-parser/-/hermes-parser-0.36.0.tgz 0ms (cache hit)
3182 http cache semver@https://registry.npmjs.org/semver/-/semver-6.3.1.tgz 0ms (cache hit)
3183 http cache hermes-parser@https://registry.npmjs.org/hermes-parser/-/hermes-parser-0.35.0.tgz 0ms (cache hit)
3184 http cache ws@https://registry.npmjs.org/ws/-/ws-7.5.13.tgz 0ms (cache hit)
3185 http cache negotiator@https://registry.npmjs.org/negotiator/-/negotiator-1.1.0.tgz 0ms (cache hit)
3186 http cache picomatch@https://registry.npmjs.org/picomatch/-/picomatch-2.3.2.tgz 0ms (cache hit)
3187 http cache hermes-estree@https://registry.npmjs.org/hermes-estree/-/hermes-estree-0.35.0.tgz 0ms (cache hit)
3188 http cache hermes-parser@https://registry.npmjs.org/hermes-parser/-/hermes-parser-0.35.0.tgz 0ms (cache hit)
3189 http cache ci-info@https://registry.npmjs.org/ci-info/-/ci-info-2.0.0.tgz 0ms (cache hit)
3190 http cache accepts@https://registry.npmjs.org/accepts/-/accepts-2.0.0.tgz 0ms (cache hit)
3191 http cache mime-types@https://registry.npmjs.org/mime-types/-/mime-types-3.0.2.tgz 0ms (cache hit)
3192 http cache xmlbuilder@https://registry.npmjs.org/xmlbuilder/-/xmlbuilder-11.0.1.tgz 0ms (cache hit)
3193 http cache strip-ansi@https://registry.npmjs.org/strip-ansi/-/strip-ansi-6.0.1.tgz 0ms (cache hit)
3194 http cache statuses@https://registry.npmjs.org/statuses/-/statuses-2.0.2.tgz 0ms (cache hit)
3195 http cache encodeurl@https://registry.npmjs.org/encodeurl/-/encodeurl-2.0.0.tgz 0ms (cache hit)
3196 http cache hermes-estree@https://registry.npmjs.org/hermes-estree/-/hermes-estree-0.35.0.tgz 0ms (cache hit)
3197 http cache commander@https://registry.npmjs.org/commander/-/commander-2.20.3.tgz 0ms (cache hit)
3198 http cache color-convert@https://registry.npmjs.org/color-convert/-/color-convert-1.9.3.tgz 0ms (cache hit)
3199 http cache color-name@https://registry.npmjs.org/color-name/-/color-name-1.1.3.tgz 0ms (cache hit)
3200 http cache ms@https://registry.npmjs.org/ms/-/ms-2.0.0.tgz 0ms (cache hit)
3201 http cache on-finished@https://registry.npmjs.org/on-finished/-/on-finished-2.4.1.tgz 0ms (cache hit)
3202 http cache debug@https://registry.npmjs.org/debug/-/debug-2.6.9.tgz 0ms (cache hit)
3203 http cache escape-string-regexp@https://registry.npmjs.org/escape-string-regexp/-/escape-string-regexp-1.0.5.tgz 0ms (cache hit)
3204 http cache supports-color@https://registry.npmjs.org/supports-color/-/supports-color-5.5.0.tgz 0ms (cache hit)
3205 http cache chalk@https://registry.npmjs.org/chalk/-/chalk-2.4.2.tgz 0ms (cache hit)
3206 http cache has-flag@https://registry.npmjs.org/has-flag/-/has-flag-3.0.0.tgz 0ms (cache hit)
3207 http cache ms@https://registry.npmjs.org/ms/-/ms-2.0.0.tgz 0ms (cache hit)
3208 http cache debug@https://registry.npmjs.org/debug/-/debug-2.6.9.tgz 0ms (cache hit)
3209 http cache ansi-styles@https://registry.npmjs.org/ansi-styles/-/ansi-styles-3.2.1.tgz 0ms (cache hit)
3210 http cache ms@https://registry.npmjs.org/ms/-/ms-2.0.0.tgz 0ms (cache hit)
3211 http cache ws@https://registry.npmjs.org/ws/-/ws-7.5.13.tgz 0ms (cache hit)
3212 http cache ansi-styles@https://registry.npmjs.org/ansi-styles/-/ansi-styles-5.2.0.tgz 0ms (cache hit)
3213 http cache debug@https://registry.npmjs.org/debug/-/debug-2.6.9.tgz 0ms (cache hit)
3214 http cache negotiator@https://registry.npmjs.org/negotiator/-/negotiator-0.6.4.tgz 0ms (cache hit)
3215 http cache debug@https://registry.npmjs.org/debug/-/debug-3.2.7.tgz 0ms (cache hit)
3216 http cache ws@https://registry.npmjs.org/ws/-/ws-7.5.13.tgz 0ms (cache hit)
3217 http cache metro-symbolicate@https://registry.npmjs.org/metro-symbolicate/-/metro-symbolicate-0.87.1.tgz 0ms (cache hit)
3218 http cache metro-runtime@https://registry.npmjs.org/metro-runtime/-/metro-runtime-0.87.1.tgz 0ms (cache hit)
3219 http cache metro-source-map@https://registry.npmjs.org/metro-source-map/-/metro-source-map-0.87.1.tgz 0ms (cache hit)
3220 http cache semver@https://registry.npmjs.org/semver/-/semver-6.3.1.tgz 0ms (cache hit)
3221 http cache ob1@https://registry.npmjs.org/ob1/-/ob1-0.87.1.tgz 0ms (cache hit)
3222 silly tarball no local data for content-type@https://registry.npmjs.org/content-type/-/content-type-2.1.0.tgz. Extracting by manifest.
3223 http cache commander@https://registry.npmjs.org/commander/-/commander-12.1.0.tgz 0ms (cache hit)
3224 silly tarball no local data for y18n@https://registry.npmjs.org/y18n/-/y18n-5.0.8.tgz. Extracting by manifest.
3225 silly tarball no local data for flow-parser@https://registry.npmjs.org/flow-parser/-/flow-parser-0.331.0.tgz. Extracting by manifest.
3226 silly tarball no local data for require-directory@https://registry.npmjs.org/require-directory/-/require-directory-2.1.1.tgz. Extracting by manifest.
3227 silly tarball no local data for yargs-parser@https://registry.npmjs.org/yargs-parser/-/yargs-parser-21.1.1.tgz. Extracting by manifest.
3228 silly tarball no local data for get-caller-file@https://registry.npmjs.org/get-caller-file/-/get-caller-file-2.0.5.tgz. Extracting by manifest.
3229 silly tarball no local data for cliui@https://registry.npmjs.org/cliui/-/cliui-8.0.1.tgz. Extracting by manifest.
3230 silly tarball no local data for plist@https://registry.npmjs.org/plist/-/plist-3.1.1.tgz. Extracting by manifest.
3231 silly tarball no local data for uuid@https://registry.npmjs.org/uuid/-/uuid-7.0.3.tgz. Extracting by manifest.
3232 silly tarball no local data for sax@https://registry.npmjs.org/sax/-/sax-1.6.1.tgz. Extracting by manifest.
3233 silly tarball no local data for simple-plist@https://registry.npmjs.org/simple-plist/-/simple-plist-1.3.1.tgz. Extracting by manifest.
3234 silly tarball no local data for is-fullwidth-code-point@https://registry.npmjs.org/is-fullwidth-code-point/-/is-fullwidth-code-point-3.0.0.tgz. Extracting by manifest.
3235 silly tarball no local data for clone@https://registry.npmjs.org/clone/-/clone-1.0.4.tgz. Extracting by manifest.
3236 http cache @react-native/normalize-colors@https://registry.npmjs.org/@react-native/normalize-colors/-/normalize-colors-0.87.1.tgz 0ms (cache hit)
3237 http cache @react-native/codegen@https://registry.npmjs.org/@react-native/codegen/-/codegen-0.87.1.tgz 0ms (cache hit)
3238 silly tarball no local data for flow-estree@https://registry.npmjs.org/flow-estree/-/flow-estree-0.331.0.tgz. Extracting by manifest.
3239 silly tarball no local data for emoji-regex@https://registry.npmjs.org/emoji-regex/-/emoji-regex-8.0.0.tgz. Extracting by manifest.
3240 silly tarball no local data for escalade@https://registry.npmjs.org/escalade/-/escalade-3.2.0.tgz. Extracting by manifest.
3241 silly tarball no local data for defaults@https://registry.npmjs.org/defaults/-/defaults-1.0.4.tgz. Extracting by manifest.
3242 silly tarball no local data for tmpl@https://registry.npmjs.org/tmpl/-/tmpl-1.0.5.tgz. Extracting by manifest.
3243 silly tarball no local data for makeerror@https://registry.npmjs.org/makeerror/-/makeerror-1.0.12.tgz. Extracting by manifest.
3244 silly tarball no local data for unicode-property-aliases-ecmascript@https://registry.npmjs.org/unicode-property-aliases-ecmascript/-/unicode-property-aliases-ecmascript-2.2.0.tgz. Extracting by manifest.
3245 silly tarball no local data for unicode-canonical-property-names-ecmascript@https://registry.npmjs.org/unicode-canonical-property-names-ecmascript/-/unicode-canonical-property-names-ecmascript-2.0.1.tgz. Extracting by manifest.
3246 silly tarball no local data for fdir@https://registry.npmjs.org/fdir/-/fdir-6.5.0.tgz. Extracting by manifest.
3247 silly tarball no local data for source-map-support@https://registry.npmjs.org/source-map-support/-/source-map-support-0.5.21.tgz. Extracting by manifest.
3248 silly tarball no local data for @jridgewell/source-map@https://registry.npmjs.org/@jridgewell/source-map/-/source-map-0.3.11.tgz. Extracting by manifest.
3249 silly tarball no local data for buffer-from@https://registry.npmjs.org/buffer-from/-/buffer-from-1.1.2.tgz. Extracting by manifest.
3250 silly tarball no local data for is-number@https://registry.npmjs.org/is-number/-/is-number-7.0.0.tgz. Extracting by manifest.
3251 silly tarball no local data for acorn@https://registry.npmjs.org/acorn/-/acorn-8.18.0.tgz. Extracting by manifest.
3252 silly tarball no local data for ansi-escapes@https://registry.npmjs.org/ansi-escapes/-/ansi-escapes-4.3.2.tgz. Extracting by manifest.
3253 silly tarball no local data for shebang-regex@https://registry.npmjs.org/shebang-regex/-/shebang-regex-3.0.0.tgz. Extracting by manifest.
3254 silly tarball no local data for supports-hyperlinks@https://registry.npmjs.org/supports-hyperlinks/-/supports-hyperlinks-2.3.0.tgz. Extracting by manifest.
3255 silly tarball no local data for toidentifier@https://registry.npmjs.org/toidentifier/-/toidentifier-1.0.1.tgz. Extracting by manifest.
3256 silly tarball no local data for isexe@https://registry.npmjs.org/isexe/-/isexe-2.0.0.tgz. Extracting by manifest.
3257 silly tarball no local data for type-fest@https://registry.npmjs.org/type-fest/-/type-fest-0.7.1.tgz. Extracting by manifest.
3258 silly tarball no local data for inherits@https://registry.npmjs.org/inherits/-/inherits-2.0.4.tgz. Extracting by manifest.
3259 silly tarball no local data for fresh@https://registry.npmjs.org/fresh/-/fresh-0.5.2.tgz. Extracting by manifest.
3260 silly tarball no local data for has-flag@https://registry.npmjs.org/has-flag/-/has-flag-4.0.0.tgz. Extracting by manifest.
3261 silly tarball no local data for mime@https://registry.npmjs.org/mime/-/mime-1.6.0.tgz. Extracting by manifest.
3262 silly tarball no local data for http-errors@https://registry.npmjs.org/http-errors/-/http-errors-2.0.1.tgz. Extracting by manifest.
3263 silly tarball no local data for range-parser@https://registry.npmjs.org/range-parser/-/range-parser-1.2.1.tgz. Extracting by manifest.
3264 silly tarball no local data for signal-exit@https://registry.npmjs.org/signal-exit/-/signal-exit-3.0.7.tgz. Extracting by manifest.
3265 silly tarball no local data for depd@https://registry.npmjs.org/depd/-/depd-2.0.0.tgz. Extracting by manifest.
3266 silly tarball no local data for mimic-fn@https://registry.npmjs.org/mimic-fn/-/mimic-fn-1.2.0.tgz. Extracting by manifest.
3267 silly tarball no local data for function-bind@https://registry.npmjs.org/function-bind/-/function-bind-1.1.2.tgz. Extracting by manifest.
3268 silly tarball no local data for etag@https://registry.npmjs.org/etag/-/etag-1.8.1.tgz. Extracting by manifest.
3269 silly tarball no local data for onetime@https://registry.npmjs.org/onetime/-/onetime-2.0.1.tgz. Extracting by manifest.
3270 silly tarball no local data for path-parse@https://registry.npmjs.org/path-parse/-/path-parse-1.0.7.tgz. Extracting by manifest.
3271 silly tarball no local data for hasown@https://registry.npmjs.org/hasown/-/hasown-2.0.4.tgz. Extracting by manifest.
3272 silly tarball no local data for supports-preserve-symlinks-flag@https://registry.npmjs.org/supports-preserve-symlinks-flag/-/supports-preserve-symlinks-flag-1.0.0.tgz. Extracting by manifest.
3273 silly tarball no local data for is-core-module@https://registry.npmjs.org/is-core-module/-/is-core-module-2.17.0.tgz. Extracting by manifest.
3274 silly tarball no local data for unicode-match-property-ecmascript@https://registry.npmjs.org/unicode-match-property-ecmascript/-/unicode-match-property-ecmascript-2.0.0.tgz. Extracting by manifest.
3275 silly tarball no local data for string-width@https://registry.npmjs.org/string-width/-/string-width-4.2.3.tgz. Extracting by manifest.
3276 silly tarball no local data for regjsgen@https://registry.npmjs.org/regjsgen/-/regjsgen-0.8.0.tgz. Extracting by manifest.
3277 silly tarball no local data for regjsparser@https://registry.npmjs.org/regjsparser/-/regjsparser-0.13.3.tgz. Extracting by manifest.
3278 silly tarball no local data for regenerate@https://registry.npmjs.org/regenerate/-/regenerate-1.4.2.tgz. Extracting by manifest.
3279 silly tarball no local data for regenerate-unicode-properties@https://registry.npmjs.org/regenerate-unicode-properties/-/regenerate-unicode-properties-10.2.2.tgz. Extracting by manifest.
3280 silly tarball no local data for unicode-match-property-value-ecmascript@https://registry.npmjs.org/unicode-match-property-value-ecmascript/-/unicode-match-property-value-ecmascript-2.2.1.tgz. Extracting by manifest.
3281 silly tarball no local data for shell-quote@https://registry.npmjs.org/shell-quote/-/shell-quote-1.10.0.tgz. Extracting by manifest.
3282 silly tarball no local data for es-errors@https://registry.npmjs.org/es-errors/-/es-errors-1.3.0.tgz. Extracting by manifest.
3283 silly tarball no local data for whatwg-fetch@https://registry.npmjs.org/whatwg-fetch/-/whatwg-fetch-3.6.20.tgz. Extracting by manifest.
3284 silly tarball no local data for regenerator-runtime@https://registry.npmjs.org/regenerator-runtime/-/regenerator-runtime-0.13.11.tgz. Extracting by manifest.
3285 silly tarball no local data for memoize-one@https://registry.npmjs.org/memoize-one/-/memoize-one-5.2.1.tgz. Extracting by manifest.
3286 silly tarball no local data for promise@https://registry.npmjs.org/promise/-/promise-8.3.0.tgz. Extracting by manifest.
3287 silly tarball no local data for hermes-compiler@https://registry.npmjs.org/hermes-compiler/-/hermes-compiler-250829098.0.17.tgz. Extracting by manifest.
3288 silly tarball no local data for react-devtools-core@https://registry.npmjs.org/react-devtools-core/-/react-devtools-core-6.1.5.tgz. Extracting by manifest.
3289 silly tarball no local data for @react-native/virtualized-lists@https://registry.npmjs.org/@react-native/virtualized-lists/-/virtualized-lists-0.87.1.tgz. Extracting by manifest.
3290 silly tarball no local data for setprototypeof@https://registry.npmjs.org/setprototypeof/-/setprototypeof-1.2.0.tgz. Extracting by manifest.
3291 silly tarball no local data for sisteransi@https://registry.npmjs.org/sisteransi/-/sisteransi-1.0.5.tgz. Extracting by manifest.
3292 silly tarball no local data for kleur@https://registry.npmjs.org/kleur/-/kleur-3.0.3.tgz. Extracting by manifest.
3293 silly tarball no local data for @react-native/community-cli-plugin@https://registry.npmjs.org/@react-native/community-cli-plugin/-/community-cli-plugin-0.87.1.tgz. Extracting by manifest.
3294 silly tarball no local data for @react-native/gradle-plugin@https://registry.npmjs.org/@react-native/gradle-plugin/-/gradle-plugin-0.87.1.tgz. Extracting by manifest.
3295 silly tarball no local data for @react-native/asset-utils@https://registry.npmjs.org/@react-native/asset-utils/-/asset-utils-0.87.1.tgz. Extracting by manifest.
3296 silly tarball no local data for source-map-js@https://registry.npmjs.org/source-map-js/-/source-map-js-1.2.1.tgz. Extracting by manifest.
3297 silly tarball no local data for nanoid@https://registry.npmjs.org/nanoid/-/nanoid-3.3.19.tgz. Extracting by manifest.
3298 silly tarball no local data for scheduler@https://registry.npmjs.org/scheduler/-/scheduler-0.27.0.tgz. Extracting by manifest.
3299 silly tarball no local data for restore-cursor@https://registry.npmjs.org/restore-cursor/-/restore-cursor-2.0.0.tgz. Extracting by manifest.
3300 silly tarball no local data for ansi-regex@https://registry.npmjs.org/ansi-regex/-/ansi-regex-5.0.1.tgz. Extracting by manifest.
3301 silly tarball no local data for log-symbols@https://registry.npmjs.org/log-symbols/-/log-symbols-2.2.0.tgz. Extracting by manifest.
3302 silly tarball no local data for cli-spinners@https://registry.npmjs.org/cli-spinners/-/cli-spinners-2.9.2.tgz. Extracting by manifest.
3303 silly tarball no local data for cli-cursor@https://registry.npmjs.org/cli-cursor/-/cli-cursor-2.1.0.tgz. Extracting by manifest.
3304 silly tarball no local data for pngjs@https://registry.npmjs.org/pngjs/-/pngjs-3.4.0.tgz. Extracting by manifest.
3305 silly tarball no local data for react-is@https://registry.npmjs.org/react-is/-/react-is-18.3.1.tgz. Extracting by manifest.
3306 silly tarball no local data for wcwidth@https://registry.npmjs.org/wcwidth/-/wcwidth-1.0.1.tgz. Extracting by manifest.
3307 silly tarball no local data for validate-npm-package-name@https://registry.npmjs.org/validate-npm-package-name/-/validate-npm-package-name-5.0.1.tgz. Extracting by manifest.
3308 silly tarball no local data for proc-log@https://registry.npmjs.org/proc-log/-/proc-log-4.2.0.tgz. Extracting by manifest.
3309 silly tarball no local data for ee-first@https://registry.npmjs.org/ee-first/-/ee-first-1.1.1.tgz. Extracting by manifest.
3310 silly tarball no local data for strip-ansi@https://registry.npmjs.org/strip-ansi/-/strip-ansi-5.2.0.tgz. Extracting by manifest.
3311 silly tarball no local data for balanced-match@https://registry.npmjs.org/balanced-match/-/balanced-match-4.0.4.tgz. Extracting by manifest.
3312 silly tarball no local data for hosted-git-info@https://registry.npmjs.org/hosted-git-info/-/hosted-git-info-7.0.2.tgz. Extracting by manifest.
3313 silly tarball no local data for brace-expansion@https://registry.npmjs.org/brace-expansion/-/brace-expansion-5.0.12.tgz. Extracting by manifest.
3314 silly tarball no local data for fill-range@https://registry.npmjs.org/fill-range/-/fill-range-7.1.1.tgz. Extracting by manifest.
3315 silly tarball no local data for asap@https://registry.npmjs.org/asap/-/asap-2.0.6.tgz. Extracting by manifest.
3316 silly tarball no local data for to-regex-range@https://registry.npmjs.org/to-regex-range/-/to-regex-range-5.0.1.tgz. Extracting by manifest.
3317 silly tarball no local data for leven@https://registry.npmjs.org/leven/-/leven-3.1.0.tgz. Extracting by manifest.
3318 silly tarball no local data for terser@https://registry.npmjs.org/terser/-/terser-5.51.2.tgz. Extracting by manifest.
3319 silly tarball no local data for braces@https://registry.npmjs.org/braces/-/braces-3.0.3.tgz. Extracting by manifest.
3320 silly tarball no local data for ob1@https://registry.npmjs.org/ob1/-/ob1-0.84.5.tgz. Extracting by manifest.
3321 silly tarball no local data for camelcase@https://registry.npmjs.org/camelcase/-/camelcase-6.3.0.tgz. Extracting by manifest.
3322 silly tarball no local data for vlq@https://registry.npmjs.org/vlq/-/vlq-1.0.1.tgz. Extracting by manifest.
3323 silly tarball no local data for jest-validate@https://registry.npmjs.org/jest-validate/-/jest-validate-29.7.0.tgz. Extracting by manifest.
3324 silly tarball no local data for exponential-backoff@https://registry.npmjs.org/exponential-backoff/-/exponential-backoff-3.1.3.tgz. Extracting by manifest.
3325 silly tarball no local data for jest-get-type@https://registry.npmjs.org/jest-get-type/-/jest-get-type-29.6.3.tgz. Extracting by manifest.
3326 silly tarball no local data for yaml@https://registry.npmjs.org/yaml/-/yaml-2.9.1.tgz. Extracting by manifest.
3327 silly tarball no local data for agent-base@https://registry.npmjs.org/agent-base/-/agent-base-7.1.4.tgz. Extracting by manifest.
3328 silly tarball no local data for throat@https://registry.npmjs.org/throat/-/throat-5.0.0.tgz. Extracting by manifest.
3329 silly tarball no local data for stackframe@https://registry.npmjs.org/stackframe/-/stackframe-1.3.4.tgz. Extracting by manifest.
3330 silly tarball no local data for https-proxy-agent@https://registry.npmjs.org/https-proxy-agent/-/https-proxy-agent-7.0.6.tgz. Extracting by manifest.
3331 silly tarball no local data for serialize-error@https://registry.npmjs.org/serialize-error/-/serialize-error-2.1.0.tgz. Extracting by manifest.
3332 silly tarball no local data for source-map@https://registry.npmjs.org/source-map/-/source-map-0.5.7.tgz. Extracting by manifest.
3333 silly tarball no local data for error-stack-parser@https://registry.npmjs.org/error-stack-parser/-/error-stack-parser-2.1.4.tgz. Extracting by manifest.
3334 silly tarball no local data for yallist@https://registry.npmjs.org/yallist/-/yallist-3.1.1.tgz. Extracting by manifest.
3335 silly tarball no local data for marky@https://registry.npmjs.org/marky/-/marky-1.3.0.tgz. Extracting by manifest.
3336 silly tarball no local data for @types/yargs-parser@https://registry.npmjs.org/@types/yargs-parser/-/yargs-parser-21.0.3.tgz. Extracting by manifest.
3337 silly tarball no local data for flow-enums-runtime@https://registry.npmjs.org/flow-enums-runtime/-/flow-enums-runtime-0.0.6.tgz. Extracting by manifest.
3338 silly tarball no local data for @types/yargs@https://registry.npmjs.org/@types/yargs/-/yargs-17.0.35.tgz. Extracting by manifest.
3339 silly tarball no local data for @types/istanbul-lib-report@https://registry.npmjs.org/@types/istanbul-lib-report/-/istanbul-lib-report-3.0.3.tgz. Extracting by manifest.
3340 silly tarball no local data for argparse@https://registry.npmjs.org/argparse/-/argparse-2.0.1.tgz. Extracting by manifest.
3341 silly tarball no local data for detect-libc@https://registry.npmjs.org/detect-libc/-/detect-libc-2.1.2.tgz. Extracting by manifest.
3342 silly tarball no local data for @jest/schemas@https://registry.npmjs.org/@jest/schemas/-/schemas-29.6.3.tgz. Extracting by manifest.
3343 silly tarball no local data for @types/istanbul-reports@https://registry.npmjs.org/@types/istanbul-reports/-/istanbul-reports-3.0.4.tgz. Extracting by manifest.
3344 silly tarball no local data for lodash.throttle@https://registry.npmjs.org/lodash.throttle/-/lodash.throttle-4.1.1.tgz. Extracting by manifest.
3345 silly tarball no local data for lightningcss-darwin-arm64@https://registry.npmjs.org/lightningcss-darwin-arm64/-/lightningcss-darwin-arm64-1.33.0.tgz. Extracting by manifest.
3346 silly tarball no local data for @types/istanbul-lib-coverage@https://registry.npmjs.org/@types/istanbul-lib-coverage/-/istanbul-lib-coverage-2.0.6.tgz. Extracting by manifest.
3347 silly tarball no local data for merge-stream@https://registry.npmjs.org/merge-stream/-/merge-stream-2.0.0.tgz. Extracting by manifest.
3348 silly tarball no local data for @jest/types@https://registry.npmjs.org/@jest/types/-/types-29.6.3.tgz. Extracting by manifest.
3349 silly tarball no local data for @sinclair/typebox@https://registry.npmjs.org/@sinclair/typebox/-/typebox-0.27.12.tgz. Extracting by manifest.
3350 silly tarball no local data for hermes-estree@https://registry.npmjs.org/hermes-estree/-/hermes-estree-0.36.1.tgz. Extracting by manifest.
3351 silly tarball no local data for is-docker@https://registry.npmjs.org/is-docker/-/is-docker-2.2.1.tgz. Extracting by manifest.
3352 silly tarball no local data for graceful-fs@https://registry.npmjs.org/graceful-fs/-/graceful-fs-4.2.11.tgz. Extracting by manifest.
3353 silly tarball no local data for loose-envify@https://registry.npmjs.org/loose-envify/-/loose-envify-1.4.0.tgz. Extracting by manifest.
3354 silly tarball no local data for jest-util@https://registry.npmjs.org/jest-util/-/jest-util-29.7.0.tgz. Extracting by manifest.
3355 silly tarball no local data for unpipe@https://registry.npmjs.org/unpipe/-/unpipe-1.0.0.tgz. Extracting by manifest.
3356 silly tarball no local data for path-scurry@https://registry.npmjs.org/path-scurry/-/path-scurry-2.0.2.tgz. Extracting by manifest.
3357 silly tarball no local data for on-finished@https://registry.npmjs.org/on-finished/-/on-finished-2.3.0.tgz. Extracting by manifest.
3358 silly tarball no local data for statuses@https://registry.npmjs.org/statuses/-/statuses-1.5.0.tgz. Extracting by manifest.
3359 silly tarball no local data for encodeurl@https://registry.npmjs.org/encodeurl/-/encodeurl-1.0.2.tgz. Extracting by manifest.
3360 silly tarball no local data for escape-html@https://registry.npmjs.org/escape-html/-/escape-html-1.0.3.tgz. Extracting by manifest.
3361 silly tarball no local data for expo-modules-jsi@https://registry.npmjs.org/expo-modules-jsi/-/expo-modules-jsi-57.1.0.tgz. Extracting by manifest.
3362 silly tarball no local data for minipass@https://registry.npmjs.org/minipass/-/minipass-7.1.3.tgz. Extracting by manifest.
3363 silly tarball no local data for bser@https://registry.npmjs.org/bser/-/bser-2.1.1.tgz. Extracting by manifest.
3364 silly tarball no local data for node-int64@https://registry.npmjs.org/node-int64/-/node-int64-0.4.0.tgz. Extracting by manifest.
3365 silly tarball no local data for commander@https://registry.npmjs.org/commander/-/commander-7.2.0.tgz. Extracting by manifest.
3366 silly tarball no local data for fontfaceobserver@https://registry.npmjs.org/fontfaceobserver/-/fontfaceobserver-2.3.0.tgz. Extracting by manifest.
3367 silly tarball no local data for @expo/expo-modules-macros-plugin@https://registry.npmjs.org/@expo/expo-modules-macros-plugin/-/expo-modules-macros-plugin-0.6.1.tgz. Extracting by manifest.
3368 silly tarball no local data for ms@https://registry.npmjs.org/ms/-/ms-2.1.3.tgz. Extracting by manifest.
3369 silly tarball no local data for which@https://registry.npmjs.org/which/-/which-2.0.2.tgz. Extracting by manifest.
3370 silly tarball no local data for shebang-command@https://registry.npmjs.org/shebang-command/-/shebang-command-2.0.0.tgz. Extracting by manifest.
3371 silly tarball no local data for path-key@https://registry.npmjs.org/path-key/-/path-key-3.1.1.tgz. Extracting by manifest.
3372 silly tarball no local data for utils-merge@https://registry.npmjs.org/utils-merge/-/utils-merge-1.0.1.tgz. Extracting by manifest.
3373 silly tarball no local data for mime-db@https://registry.npmjs.org/mime-db/-/mime-db-1.54.0.tgz. Extracting by manifest.
3374 silly tarball no local data for parseurl@https://registry.npmjs.org/parseurl/-/parseurl-1.3.3.tgz. Extracting by manifest.
3375 silly tarball no local data for on-headers@https://registry.npmjs.org/on-headers/-/on-headers-1.1.0.tgz. Extracting by manifest.
3376 silly tarball no local data for finalhandler@https://registry.npmjs.org/finalhandler/-/finalhandler-1.1.2.tgz. Extracting by manifest.
3377 silly tarball no local data for compressible@https://registry.npmjs.org/compressible/-/compressible-2.0.18.tgz. Extracting by manifest.
3378 silly tarball no local data for safe-buffer@https://registry.npmjs.org/safe-buffer/-/safe-buffer-5.2.1.tgz. Extracting by manifest.
3379 silly tarball no local data for destroy@https://registry.npmjs.org/destroy/-/destroy-1.2.0.tgz. Extracting by manifest.
3380 silly tarball no local data for mkdirp@https://registry.npmjs.org/mkdirp/-/mkdirp-1.0.4.tgz. Extracting by manifest.
3381 silly tarball no local data for vary@https://registry.npmjs.org/vary/-/vary-1.1.2.tgz. Extracting by manifest.
3382 silly tarball no local data for undici-types@https://registry.npmjs.org/undici-types/-/undici-types-8.9.0.tgz. Extracting by manifest.
3383 silly tarball no local data for bytes@https://registry.npmjs.org/bytes/-/bytes-3.1.2.tgz. Extracting by manifest.
3384 silly tarball no local data for color-name@https://registry.npmjs.org/color-name/-/color-name-1.1.4.tgz. Extracting by manifest.
3385 silly tarball no local data for escape-string-regexp@https://registry.npmjs.org/escape-string-regexp/-/escape-string-regexp-4.0.0.tgz. Extracting by manifest.
3386 silly tarball no local data for lighthouse-logger@https://registry.npmjs.org/lighthouse-logger/-/lighthouse-logger-1.4.2.tgz. Extracting by manifest.
3387 silly tarball no local data for is-wsl@https://registry.npmjs.org/is-wsl/-/is-wsl-2.2.0.tgz. Extracting by manifest.
3388 silly tarball no local data for @types/node@https://registry.npmjs.org/@types/node/-/node-26.6.1.tgz. Extracting by manifest.
3389 silly tarball no local data for color-convert@https://registry.npmjs.org/color-convert/-/color-convert-2.0.1.tgz. Extracting by manifest.
3390 silly tarball no local data for ansi-styles@https://registry.npmjs.org/ansi-styles/-/ansi-styles-4.3.0.tgz. Extracting by manifest.
3391 silly tarball no local data for supports-color@https://registry.npmjs.org/supports-color/-/supports-color-7.2.0.tgz. Extracting by manifest.
3392 silly tarball no local data for caniuse-lite@https://registry.npmjs.org/caniuse-lite/-/caniuse-lite-1.0.30001810.tgz. Extracting by manifest.
3393 silly tarball no local data for electron-to-chromium@https://registry.npmjs.org/electron-to-chromium/-/electron-to-chromium-1.5.431.tgz. Extracting by manifest.
3394 silly tarball no local data for big-integer@https://registry.npmjs.org/big-integer/-/big-integer-1.6.52.tgz. Extracting by manifest.
3395 silly tarball no local data for core-js-compat@https://registry.npmjs.org/core-js-compat/-/core-js-compat-3.50.0.tgz. Extracting by manifest.
3396 silly tarball no local data for update-browserslist-db@https://registry.npmjs.org/update-browserslist-db/-/update-browserslist-db-1.3.3.tgz. Extracting by manifest.
3397 silly tarball no local data for baseline-browser-mapping@https://registry.npmjs.org/baseline-browser-mapping/-/baseline-browser-mapping-2.11.25.tgz. Extracting by manifest.
3398 silly tarball no local data for resolve@https://registry.npmjs.org/resolve/-/resolve-1.22.12.tgz. Extracting by manifest.
3399 silly tarball no local data for @babel/helper-define-polyfill-provider@https://registry.npmjs.org/@babel/helper-define-polyfill-provider/-/helper-define-polyfill-provider-0.6.8.tgz. Extracting by manifest.
3400 silly tarball no local data for stream-buffers@https://registry.npmjs.org/stream-buffers/-/stream-buffers-2.2.0.tgz. Extracting by manifest.
3401 silly tarball no local data for @react-native/codegen@https://registry.npmjs.org/@react-native/codegen/-/codegen-0.86.3.tgz. Extracting by manifest.
3402 silly tarball no local data for lodash.debounce@https://registry.npmjs.org/lodash.debounce/-/lodash.debounce-4.0.8.tgz. Extracting by manifest.
3403 silly tarball no local data for node-releases@https://registry.npmjs.org/node-releases/-/node-releases-2.0.56.tgz. Extracting by manifest.
3404 silly tarball no local data for babel-plugin-polyfill-regenerator@https://registry.npmjs.org/babel-plugin-polyfill-regenerator/-/babel-plugin-polyfill-regenerator-0.6.8.tgz. Extracting by manifest.
3405 silly tarball no local data for yargs@https://registry.npmjs.org/yargs/-/yargs-17.7.3.tgz. Extracting by manifest.
3406 silly tarball no local data for tinyglobby@https://registry.npmjs.org/tinyglobby/-/tinyglobby-0.2.17.tgz. Extracting by manifest.
3407 silly tarball no local data for babel-plugin-polyfill-corejs3@https://registry.npmjs.org/babel-plugin-polyfill-corejs3/-/babel-plugin-polyfill-corejs3-0.13.0.tgz. Extracting by manifest.
3408 silly tarball no local data for @babel/plugin-syntax-typescript@https://registry.npmjs.org/@babel/plugin-syntax-typescript/-/plugin-syntax-typescript-7.29.7.tgz. Extracting by manifest.
3409 silly tarball no local data for babel-plugin-polyfill-corejs2@https://registry.npmjs.org/babel-plugin-polyfill-corejs2/-/babel-plugin-polyfill-corejs2-0.4.17.tgz. Extracting by manifest.
3410 silly tarball no local data for regexpu-core@https://registry.npmjs.org/regexpu-core/-/regexpu-core-6.4.0.tgz. Extracting by manifest.
3411 silly tarball no local data for @babel/plugin-syntax-jsx@https://registry.npmjs.org/@babel/plugin-syntax-jsx/-/plugin-syntax-jsx-7.29.7.tgz. Extracting by manifest.
3412 silly tarball no local data for @babel/plugin-syntax-flow@https://registry.npmjs.org/@babel/plugin-syntax-flow/-/plugin-syntax-flow-7.29.7.tgz. Extracting by manifest.
3413 silly tarball no local data for @babel/helper-wrap-function@https://registry.npmjs.org/@babel/helper-wrap-function/-/helper-wrap-function-7.29.7.tgz. Extracting by manifest.
3414 silly tarball no local data for @babel/helper-remap-async-to-generator@https://registry.npmjs.org/@babel/helper-remap-async-to-generator/-/helper-remap-async-to-generator-7.29.7.tgz. Extracting by manifest.
3415 silly tarball no local data for @babel/helper-create-regexp-features-plugin@https://registry.npmjs.org/@babel/helper-create-regexp-features-plugin/-/helper-create-regexp-features-plugin-7.29.7.tgz. Extracting by manifest.
3416 silly tarball no local data for @babel/helper-annotate-as-pure@https://registry.npmjs.org/@babel/helper-annotate-as-pure/-/helper-annotate-as-pure-7.29.7.tgz. Extracting by manifest.
3417 silly tarball no local data for @babel/helper-create-class-features-plugin@https://registry.npmjs.org/@babel/helper-create-class-features-plugin/-/helper-create-class-features-plugin-7.29.7.tgz. Extracting by manifest.
3418 silly tarball no local data for @babel/helper-member-expression-to-functions@https://registry.npmjs.org/@babel/helper-member-expression-to-functions/-/helper-member-expression-to-functions-7.29.7.tgz. Extracting by manifest.
3419 silly tarball no local data for @babel/helper-optimise-call-expression@https://registry.npmjs.org/@babel/helper-optimise-call-expression/-/helper-optimise-call-expression-7.29.7.tgz. Extracting by manifest.
3420 silly tarball no local data for @babel/plugin-syntax-decorators@https://registry.npmjs.org/@babel/plugin-syntax-decorators/-/plugin-syntax-decorators-7.29.7.tgz. Extracting by manifest.
3421 silly tarball no local data for @babel/helper-skip-transparent-expression-wrappers@https://registry.npmjs.org/@babel/helper-skip-transparent-expression-wrappers/-/helper-skip-transparent-expression-wrappers-7.29.7.tgz. Extracting by manifest.
3422 silly tarball no local data for babel-plugin-transform-flow-enums@https://registry.npmjs.org/babel-plugin-transform-flow-enums/-/babel-plugin-transform-flow-enums-0.0.2.tgz. Extracting by manifest.
3423 silly tarball no local data for @babel/helper-replace-supers@https://registry.npmjs.org/@babel/helper-replace-supers/-/helper-replace-supers-7.29.7.tgz. Extracting by manifest.
3424 silly tarball no local data for babel-plugin-syntax-hermes-parser@https://registry.npmjs.org/babel-plugin-syntax-hermes-parser/-/babel-plugin-syntax-hermes-parser-0.36.1.tgz. Extracting by manifest.
3425 silly tarball no local data for babel-plugin-react-compiler@https://registry.npmjs.org/babel-plugin-react-compiler/-/babel-plugin-react-compiler-1.0.0.tgz. Extracting by manifest.
3426 silly tarball no local data for @babel/preset-typescript@https://registry.npmjs.org/@babel/preset-typescript/-/preset-typescript-7.29.7.tgz. Extracting by manifest.
3427 silly tarball no local data for babel-plugin-react-native-web@https://registry.npmjs.org/babel-plugin-react-native-web/-/babel-plugin-react-native-web-0.21.2.tgz. Extracting by manifest.
3428 silly tarball no local data for @react-native/babel-plugin-codegen@https://registry.npmjs.org/@react-native/babel-plugin-codegen/-/babel-plugin-codegen-0.86.3.tgz. Extracting by manifest.
3429 silly tarball no local data for @babel/plugin-transform-unicode-regex@https://registry.npmjs.org/@babel/plugin-transform-unicode-regex/-/plugin-transform-unicode-regex-7.29.7.tgz. Extracting by manifest.
3430 silly tarball no local data for @babel/plugin-transform-runtime@https://registry.npmjs.org/@babel/plugin-transform-runtime/-/plugin-transform-runtime-7.29.7.tgz. Extracting by manifest.
3431 silly tarball no local data for @babel/plugin-transform-typescript@https://registry.npmjs.org/@babel/plugin-transform-typescript/-/plugin-transform-typescript-7.29.9.tgz. Extracting by manifest.
3432 silly tarball no local data for @babel/plugin-transform-react-pure-annotations@https://registry.npmjs.org/@babel/plugin-transform-react-pure-annotations/-/plugin-transform-react-pure-annotations-7.29.7.tgz. Extracting by manifest.
3433 silly tarball no local data for @babel/plugin-transform-react-jsx-development@https://registry.npmjs.org/@babel/plugin-transform-react-jsx-development/-/plugin-transform-react-jsx-development-7.29.7.tgz. Extracting by manifest.
3434 silly tarball no local data for @babel/plugin-transform-react-display-name@https://registry.npmjs.org/@babel/plugin-transform-react-display-name/-/plugin-transform-react-display-name-7.29.7.tgz. Extracting by manifest.
3435 silly tarball no local data for @babel/plugin-transform-private-property-in-object@https://registry.npmjs.org/@babel/plugin-transform-private-property-in-object/-/plugin-transform-private-property-in-object-7.29.7.tgz. Extracting by manifest.
3436 silly tarball no local data for @babel/plugin-transform-optional-chaining@https://registry.npmjs.org/@babel/plugin-transform-optional-chaining/-/plugin-transform-optional-chaining-7.29.7.tgz. Extracting by manifest.
3437 silly tarball no local data for @babel/plugin-transform-optional-catch-binding@https://registry.npmjs.org/@babel/plugin-transform-optional-catch-binding/-/plugin-transform-optional-catch-binding-7.29.7.tgz. Extracting by manifest.
3438 silly tarball no local data for @babel/plugin-transform-private-methods@https://registry.npmjs.org/@babel/plugin-transform-private-methods/-/plugin-transform-private-methods-7.29.7.tgz. Extracting by manifest.
3439 silly tarball no local data for @babel/plugin-transform-parameters@https://registry.npmjs.org/@babel/plugin-transform-parameters/-/plugin-transform-parameters-7.29.7.tgz. Extracting by manifest.
3440 silly tarball no local data for @babel/plugin-transform-react-jsx@https://registry.npmjs.org/@babel/plugin-transform-react-jsx/-/plugin-transform-react-jsx-7.29.7.tgz. Extracting by manifest.
3441 silly tarball no local data for @babel/plugin-transform-named-capturing-groups-regex@https://registry.npmjs.org/@babel/plugin-transform-named-capturing-groups-regex/-/plugin-transform-named-capturing-groups-regex-7.29.7.tgz. Extracting by manifest.
3442 silly tarball no local data for @babel/plugin-transform-for-of@https://registry.npmjs.org/@babel/plugin-transform-for-of/-/plugin-transform-for-of-7.29.7.tgz. Extracting by manifest.
3443 silly tarball no local data for @babel/plugin-transform-object-rest-spread@https://registry.npmjs.org/@babel/plugin-transform-object-rest-spread/-/plugin-transform-object-rest-spread-7.29.7.tgz. Extracting by manifest.
3444 silly tarball no local data for @babel/plugin-transform-flow-strip-types@https://registry.npmjs.org/@babel/plugin-transform-flow-strip-types/-/plugin-transform-flow-strip-types-7.29.7.tgz. Extracting by manifest.
3445 silly tarball no local data for @babel/plugin-transform-logical-assignment-operators@https://registry.npmjs.org/@babel/plugin-transform-logical-assignment-operators/-/plugin-transform-logical-assignment-operators-7.29.7.tgz. Extracting by manifest.
3446 silly tarball no local data for @babel/plugin-transform-destructuring@https://registry.npmjs.org/@babel/plugin-transform-destructuring/-/plugin-transform-destructuring-7.29.7.tgz. Extracting by manifest.
3447 silly tarball no local data for @babel/plugin-transform-class-static-block@https://registry.npmjs.org/@babel/plugin-transform-class-static-block/-/plugin-transform-class-static-block-7.29.7.tgz. Extracting by manifest.
3448 silly tarball no local data for @babel/plugin-transform-export-namespace-from@https://registry.npmjs.org/@babel/plugin-transform-export-namespace-from/-/plugin-transform-export-namespace-from-7.29.7.tgz. Extracting by manifest.
3449 silly tarball no local data for @babel/plugin-transform-classes@https://registry.npmjs.org/@babel/plugin-transform-classes/-/plugin-transform-classes-7.29.7.tgz. Extracting by manifest.
3450 silly tarball no local data for @babel/plugin-transform-async-to-generator@https://registry.npmjs.org/@babel/plugin-transform-async-to-generator/-/plugin-transform-async-to-generator-7.29.7.tgz. Extracting by manifest.
3451 silly tarball no local data for @babel/plugin-transform-class-properties@https://registry.npmjs.org/@babel/plugin-transform-class-properties/-/plugin-transform-class-properties-7.29.7.tgz. Extracting by manifest.
3452 silly tarball no local data for @babel/plugin-transform-async-generator-functions@https://registry.npmjs.org/@babel/plugin-transform-async-generator-functions/-/plugin-transform-async-generator-functions-7.29.7.tgz. Extracting by manifest.
3453 silly tarball no local data for @babel/plugin-transform-block-scoping@https://registry.npmjs.org/@babel/plugin-transform-block-scoping/-/plugin-transform-block-scoping-7.29.7.tgz. Extracting by manifest.
3454 silly tarball no local data for @babel/plugin-syntax-nullish-coalescing-operator@https://registry.npmjs.org/@babel/plugin-syntax-nullish-coalescing-operator/-/plugin-syntax-nullish-coalescing-operator-7.8.3.tgz. Extracting by manifest.
3455 silly tarball no local data for @babel/plugin-syntax-optional-chaining@https://registry.npmjs.org/@babel/plugin-syntax-optional-chaining/-/plugin-syntax-optional-chaining-7.8.3.tgz. Extracting by manifest.
3456 silly tarball no local data for @babel/plugin-syntax-dynamic-import@https://registry.npmjs.org/@babel/plugin-syntax-dynamic-import/-/plugin-syntax-dynamic-import-7.8.3.tgz. Extracting by manifest.
3457 silly tarball no local data for @babel/plugin-transform-nullish-coalescing-operator@https://registry.npmjs.org/@babel/plugin-transform-nullish-coalescing-operator/-/plugin-transform-nullish-coalescing-operator-7.29.7.tgz. Extracting by manifest.
3458 silly tarball no local data for @babel/plugin-proposal-export-default-from@https://registry.npmjs.org/@babel/plugin-proposal-export-default-from/-/plugin-proposal-export-default-from-7.29.7.tgz. Extracting by manifest.
3459 silly tarball no local data for @babel/plugin-proposal-decorators@https://registry.npmjs.org/@babel/plugin-proposal-decorators/-/plugin-proposal-decorators-7.29.7.tgz. Extracting by manifest.
3460 silly tarball no local data for mime-types@https://registry.npmjs.org/mime-types/-/mime-types-2.1.35.tgz. Extracting by manifest.
3461 silly tarball no local data for fb-dotslash@https://registry.npmjs.org/fb-dotslash/-/fb-dotslash-0.5.8.tgz. Extracting by manifest.
3462 silly tarball no local data for serve-static@https://registry.npmjs.org/serve-static/-/serve-static-1.16.3.tgz. Extracting by manifest.
3463 silly tarball no local data for negotiator@https://registry.npmjs.org/negotiator/-/negotiator-0.6.3.tgz. Extracting by manifest.
3464 silly tarball no local data for chromium-edge-launcher@https://registry.npmjs.org/chromium-edge-launcher/-/chromium-edge-launcher-0.3.0.tgz. Extracting by manifest.
3465 silly tarball no local data for open@https://registry.npmjs.org/open/-/open-7.4.2.tgz. Extracting by manifest.
3466 silly tarball no local data for chrome-launcher@https://registry.npmjs.org/chrome-launcher/-/chrome-launcher-0.15.2.tgz. Extracting by manifest.
3467 silly tarball no local data for @react-native/debugger-shell@https://registry.npmjs.org/@react-native/debugger-shell/-/debugger-shell-0.86.3.tgz. Extracting by manifest.
3468 silly tarball no local data for nullthrows@https://registry.npmjs.org/nullthrows/-/nullthrows-1.1.1.tgz. Extracting by manifest.
3469 silly tarball no local data for @isaacs/ttlcache@https://registry.npmjs.org/@isaacs/ttlcache/-/ttlcache-1.4.1.tgz. Extracting by manifest.
3470 silly tarball no local data for @react-native/debugger-frontend@https://registry.npmjs.org/@react-native/debugger-frontend/-/debugger-frontend-0.86.3.tgz. Extracting by manifest.
3471 silly tarball no local data for js-yaml@https://registry.npmjs.org/js-yaml/-/js-yaml-4.3.2.tgz. Extracting by manifest.
3472 silly tarball no local data for @jridgewell/resolve-uri@https://registry.npmjs.org/@jridgewell/resolve-uri/-/resolve-uri-3.1.2.tgz. Extracting by manifest.
3473 silly tarball no local data for cross-spawn@https://registry.npmjs.org/cross-spawn/-/cross-spawn-7.0.6.tgz. Extracting by manifest.
3474 silly tarball no local data for @babel/plugin-syntax-export-default-from@https://registry.npmjs.org/@babel/plugin-syntax-export-default-from/-/plugin-syntax-export-default-from-7.29.7.tgz. Extracting by manifest.
3475 silly tarball no local data for @babel/helper-plugin-utils@https://registry.npmjs.org/@babel/helper-plugin-utils/-/helper-plugin-utils-7.29.7.tgz. Extracting by manifest.
3476 silly tarball no local data for @react-native/normalize-colors@https://registry.npmjs.org/@react-native/normalize-colors/-/normalize-colors-0.86.3.tgz. Extracting by manifest.
3477 silly tarball no local data for @babel/plugin-transform-modules-commonjs@https://registry.npmjs.org/@babel/plugin-transform-modules-commonjs/-/plugin-transform-modules-commonjs-7.29.7.tgz. Extracting by manifest.
3478 silly tarball no local data for xmlbuilder@https://registry.npmjs.org/xmlbuilder/-/xmlbuilder-15.1.1.tgz. Extracting by manifest.
3479 silly tarball no local data for walker@https://registry.npmjs.org/walker/-/walker-1.0.8.tgz. Extracting by manifest.
3480 silly tarball no local data for invariant@https://registry.npmjs.org/invariant/-/invariant-2.2.4.tgz. Extracting by manifest.
3481 silly tarball no local data for fb-watchman@https://registry.npmjs.org/fb-watchman/-/fb-watchman-2.0.2.tgz. Extracting by manifest.
3482 silly tarball no local data for jest-worker@https://registry.npmjs.org/jest-worker/-/jest-worker-29.7.0.tgz. Extracting by manifest.
3483 silly tarball no local data for @babel/helper-module-imports@https://registry.npmjs.org/@babel/helper-module-imports/-/helper-module-imports-7.29.7.tgz. Extracting by manifest.
3484 silly tarball no local data for @babel/helper-string-parser@https://registry.npmjs.org/@babel/helper-string-parser/-/helper-string-parser-7.29.7.tgz. Extracting by manifest.
3485 silly tarball no local data for base64-js@https://registry.npmjs.org/base64-js/-/base64-js-1.5.1.tgz. Extracting by manifest.
3486 silly tarball no local data for @babel/helper-validator-option@https://registry.npmjs.org/@babel/helper-validator-option/-/helper-validator-option-7.29.7.tgz. Extracting by manifest.
3487 silly tarball no local data for lru-cache@https://registry.npmjs.org/lru-cache/-/lru-cache-5.1.1.tgz. Extracting by manifest.
3488 silly tarball no local data for @xmldom/xmldom@https://registry.npmjs.org/@xmldom/xmldom/-/xmldom-0.8.15.tgz. Extracting by manifest.
3489 silly tarball no local data for micromatch@https://registry.npmjs.org/micromatch/-/micromatch-4.0.8.tgz. Extracting by manifest.
3490 silly tarball no local data for @babel/compat-data@https://registry.npmjs.org/@babel/compat-data/-/compat-data-7.29.7.tgz. Extracting by manifest.
3491 silly tarball no local data for @babel/helper-globals@https://registry.npmjs.org/@babel/helper-globals/-/helper-globals-7.29.7.tgz. Extracting by manifest.
3492 silly tarball no local data for jsesc@https://registry.npmjs.org/jsesc/-/jsesc-3.1.0.tgz. Extracting by manifest.
3493 silly tarball no local data for gensync@https://registry.npmjs.org/gensync/-/gensync-1.0.0-beta.2.tgz. Extracting by manifest.
3494 silly tarball no local data for @jridgewell/trace-mapping@https://registry.npmjs.org/@jridgewell/trace-mapping/-/trace-mapping-0.3.31.tgz. Extracting by manifest.
3495 silly tarball no local data for @babel/types@https://registry.npmjs.org/@babel/types/-/types-7.29.8.tgz. Extracting by manifest.
3496 silly tarball no local data for convert-source-map@https://registry.npmjs.org/convert-source-map/-/convert-source-map-2.0.0.tgz. Extracting by manifest.
3497 silly tarball no local data for @babel/helpers@https://registry.npmjs.org/@babel/helpers/-/helpers-7.29.7.tgz. Extracting by manifest.
3498 silly tarball no local data for @babel/helper-module-transforms@https://registry.npmjs.org/@babel/helper-module-transforms/-/helper-module-transforms-7.29.7.tgz. Extracting by manifest.
3499 silly tarball no local data for @babel/traverse@https://registry.npmjs.org/@babel/traverse/-/traverse-7.29.8.tgz. Extracting by manifest.
3500 silly tarball no local data for @babel/parser@https://registry.npmjs.org/@babel/parser/-/parser-7.29.9.tgz. Extracting by manifest.
3501 silly tarball no local data for @babel/template@https://registry.npmjs.org/@babel/template/-/template-7.29.7.tgz. Extracting by manifest.
3502 silly tarball no local data for lightningcss@https://registry.npmjs.org/lightningcss/-/lightningcss-1.33.0.tgz. Extracting by manifest.
3503 silly tarball no local data for jsc-safe-url@https://registry.npmjs.org/jsc-safe-url/-/jsc-safe-url-0.2.4.tgz. Extracting by manifest.
3504 silly tarball no local data for browserslist@https://registry.npmjs.org/browserslist/-/browserslist-4.29.0.tgz. Extracting by manifest.
3505 silly tarball no local data for @babel/helper-compilation-targets@https://registry.npmjs.org/@babel/helper-compilation-targets/-/helper-compilation-targets-7.29.7.tgz. Extracting by manifest.
3506 silly tarball no local data for @jridgewell/remapping@https://registry.npmjs.org/@jridgewell/remapping/-/remapping-2.3.5.tgz. Extracting by manifest.
3507 silly tarball no local data for @jridgewell/gen-mapping@https://registry.npmjs.org/@jridgewell/gen-mapping/-/gen-mapping-0.3.13.tgz. Extracting by manifest.
3508 silly tarball no local data for @jridgewell/sourcemap-codec@https://registry.npmjs.org/@jridgewell/sourcemap-codec/-/sourcemap-codec-1.6.0.tgz. Extracting by manifest.
3509 silly tarball no local data for @babel/generator@https://registry.npmjs.org/@babel/generator/-/generator-7.29.8.tgz. Extracting by manifest.
3510 silly tarball no local data for postcss@https://registry.npmjs.org/postcss/-/postcss-8.5.28.tgz. Extracting by manifest.
3511 silly tarball no local data for @babel/core@https://registry.npmjs.org/@babel/core/-/core-7.29.7.tgz. Extracting by manifest.
3512 silly tarball no local data for metro-transform-worker@https://registry.npmjs.org/metro-transform-worker/-/metro-transform-worker-0.84.5.tgz. Extracting by manifest.
3513 silly tarball no local data for metro-transform-plugins@https://registry.npmjs.org/metro-transform-plugins/-/metro-transform-plugins-0.84.5.tgz. Extracting by manifest.
3514 silly tarball no local data for metro-symbolicate@https://registry.npmjs.org/metro-symbolicate/-/metro-symbolicate-0.84.5.tgz. Extracting by manifest.
3515 silly tarball no local data for metro-runtime@https://registry.npmjs.org/metro-runtime/-/metro-runtime-0.84.5.tgz. Extracting by manifest.
3516 silly tarball no local data for metro-source-map@https://registry.npmjs.org/metro-source-map/-/metro-source-map-0.84.5.tgz. Extracting by manifest.
3517 silly tarball no local data for metro-resolver@https://registry.npmjs.org/metro-resolver/-/metro-resolver-0.84.5.tgz. Extracting by manifest.
3518 silly tarball no local data for metro-config@https://registry.npmjs.org/metro-config/-/metro-config-0.84.5.tgz. Extracting by manifest.
3519 silly tarball no local data for hermes-parser@https://registry.npmjs.org/hermes-parser/-/hermes-parser-0.36.1.tgz. Extracting by manifest.
3520 silly tarball no local data for metro-file-map@https://registry.npmjs.org/metro-file-map/-/metro-file-map-0.84.5.tgz. Extracting by manifest.
3521 silly tarball no local data for metro-cache-key@https://registry.npmjs.org/metro-cache-key/-/metro-cache-key-0.84.5.tgz. Extracting by manifest.
3522 silly tarball no local data for metro-core@https://registry.npmjs.org/metro-core/-/metro-core-0.84.5.tgz. Extracting by manifest.
3523 silly tarball no local data for metro-minify-terser@https://registry.npmjs.org/metro-minify-terser/-/metro-minify-terser-0.84.5.tgz. Extracting by manifest.
3524 silly tarball no local data for metro@https://registry.npmjs.org/metro/-/metro-0.84.5.tgz. Extracting by manifest.
3525 silly tarball no local data for anser@https://registry.npmjs.org/anser/-/anser-1.4.10.tgz. Extracting by manifest.
3526 silly tarball no local data for js-tokens@https://registry.npmjs.org/js-tokens/-/js-tokens-4.0.0.tgz. Extracting by manifest.
3527 silly tarball no local data for @babel/helper-validator-identifier@https://registry.npmjs.org/@babel/helper-validator-identifier/-/helper-validator-identifier-7.29.7.tgz. Extracting by manifest.
3528 silly tarball no local data for json5@https://registry.npmjs.org/json5/-/json5-2.2.3.tgz. Extracting by manifest.
3529 silly tarball no local data for picocolors@https://registry.npmjs.org/picocolors/-/picocolors-1.1.1.tgz. Extracting by manifest.
3530 silly tarball no local data for minimatch@https://registry.npmjs.org/minimatch/-/minimatch-10.2.6.tgz. Extracting by manifest.
3531 silly tarball no local data for parse-png@https://registry.npmjs.org/parse-png/-/parse-png-2.1.0.tgz. Extracting by manifest.
3532 silly tarball no local data for ignore@https://registry.npmjs.org/ignore/-/ignore-5.3.2.tgz. Extracting by manifest.
3533 silly tarball no local data for jimp-compact@https://registry.npmjs.org/jimp-compact/-/jimp-compact-0.16.1.tgz. Extracting by manifest.
3534 silly tarball no local data for metro-babel-transformer@https://registry.npmjs.org/metro-babel-transformer/-/metro-babel-transformer-0.84.5.tgz. Extracting by manifest.
3535 silly tarball no local data for @expo/sudo-prompt@https://registry.npmjs.org/@expo/sudo-prompt/-/sudo-prompt-9.3.2.tgz. Extracting by manifest.
3536 silly tarball no local data for @babel/code-frame@https://registry.npmjs.org/@babel/code-frame/-/code-frame-7.29.7.tgz. Extracting by manifest.
3537 silly tarball no local data for xml2js@https://registry.npmjs.org/xml2js/-/xml2js-0.6.0.tgz. Extracting by manifest.
3538 silly tarball no local data for zod@https://registry.npmjs.org/zod/-/zod-3.25.76.tgz. Extracting by manifest.
3539 silly tarball no local data for resolve-workspace-root@https://registry.npmjs.org/resolve-workspace-root/-/resolve-workspace-root-2.0.1.tgz. Extracting by manifest.
3540 silly tarball no local data for deepmerge@https://registry.npmjs.org/deepmerge/-/deepmerge-4.3.1.tgz. Extracting by manifest.
3541 silly tarball no local data for @expo/config-types@https://registry.npmjs.org/@expo/config-types/-/config-types-57.0.2.tgz. Extracting by manifest.
3542 silly tarball no local data for structured-headers@https://registry.npmjs.org/structured-headers/-/structured-headers-0.4.1.tgz. Extracting by manifest.
3543 silly tarball no local data for @expo/sdk-runtime-versions@https://registry.npmjs.org/@expo/sdk-runtime-versions/-/sdk-runtime-versions-1.0.0.tgz. Extracting by manifest.
3544 silly tarball no local data for slugify@https://registry.npmjs.org/slugify/-/slugify-1.6.9.tgz. Extracting by manifest.
3545 silly tarball no local data for xcode@https://registry.npmjs.org/xcode/-/xcode-3.0.1.tgz. Extracting by manifest.
3546 silly tarball no local data for metro-cache@https://registry.npmjs.org/metro-cache/-/metro-cache-0.84.5.tgz. Extracting by manifest.
3547 silly tarball no local data for stacktrace-parser@https://registry.npmjs.org/stacktrace-parser/-/stacktrace-parser-0.1.11.tgz. Extracting by manifest.
3548 silly tarball no local data for resolve-from@https://registry.npmjs.org/resolve-from/-/resolve-from-5.0.0.tgz. Extracting by manifest.
3549 silly tarball no local data for terminal-link@https://registry.npmjs.org/terminal-link/-/terminal-link-2.1.1.tgz. Extracting by manifest.
3550 silly tarball no local data for wrap-ansi@https://registry.npmjs.org/wrap-ansi/-/wrap-ansi-7.0.0.tgz. Extracting by manifest.
3551 silly tarball no local data for send@https://registry.npmjs.org/send/-/send-0.19.2.tgz. Extracting by manifest.
3552 silly tarball no local data for prompts@https://registry.npmjs.org/prompts/-/prompts-2.4.2.tgz. Extracting by manifest.
3553 silly tarball no local data for toqr@https://registry.npmjs.org/toqr/-/toqr-0.1.1.tgz. Extracting by manifest.
3554 silly tarball no local data for progress@https://registry.npmjs.org/progress/-/progress-2.0.3.tgz. Extracting by manifest.
3555 silly tarball no local data for semver@https://registry.npmjs.org/semver/-/semver-7.8.5.tgz. Extracting by manifest.
3556 silly tarball no local data for node-forge@https://registry.npmjs.org/node-forge/-/node-forge-1.4.0.tgz. Extracting by manifest.
3557 silly tarball no local data for ora@https://registry.npmjs.org/ora/-/ora-3.4.0.tgz. Extracting by manifest.
3558 silly tarball no local data for npm-package-arg@https://registry.npmjs.org/npm-package-arg/-/npm-package-arg-11.0.3.tgz. Extracting by manifest.
3559 silly tarball no local data for sandbox-cli-detector@https://registry.npmjs.org/sandbox-cli-detector/-/sandbox-cli-detector-0.2.0.tgz. Extracting by manifest.
3560 silly tarball no local data for lan-network@https://registry.npmjs.org/lan-network/-/lan-network-0.2.1.tgz. Extracting by manifest.
3561 silly tarball no local data for multitars@https://registry.npmjs.org/multitars/-/multitars-1.0.2.tgz. Extracting by manifest.
3562 silly tarball no local data for picomatch@https://registry.npmjs.org/picomatch/-/picomatch-4.0.7.tgz. Extracting by manifest.
3563 silly tarball no local data for glob@https://registry.npmjs.org/glob/-/glob-13.0.6.tgz. Extracting by manifest.
3564 silly tarball no local data for getenv@https://registry.npmjs.org/getenv/-/getenv-2.0.0.tgz. Extracting by manifest.
3565 silly tarball no local data for dnssd-advertise@https://registry.npmjs.org/dnssd-advertise/-/dnssd-advertise-1.1.6.tgz. Extracting by manifest.
3566 silly tarball no local data for ci-info@https://registry.npmjs.org/ci-info/-/ci-info-3.9.0.tgz. Extracting by manifest.
3567 silly tarball no local data for fetch-nodeshim@https://registry.npmjs.org/fetch-nodeshim/-/fetch-nodeshim-0.4.10.tgz. Extracting by manifest.
3568 silly tarball no local data for compression@https://registry.npmjs.org/compression/-/compression-1.8.2.tgz. Extracting by manifest.
3569 silly tarball no local data for bplist-parser@https://registry.npmjs.org/bplist-parser/-/bplist-parser-0.3.2.tgz. Extracting by manifest.
3570 silly tarball no local data for chalk@https://registry.npmjs.org/chalk/-/chalk-4.1.2.tgz. Extracting by manifest.
3571 silly tarball no local data for connect@https://registry.npmjs.org/connect/-/connect-3.7.0.tgz. Extracting by manifest.
3572 silly tarball no local data for agent-cli-detector@https://registry.npmjs.org/agent-cli-detector/-/agent-cli-detector-0.1.7.tgz. Extracting by manifest.
3573 silly tarball no local data for arg@https://registry.npmjs.org/arg/-/arg-5.0.2.tgz. Extracting by manifest.
3574 silly tarball no local data for @expo/xcpretty@https://registry.npmjs.org/@expo/xcpretty/-/xcpretty-4.4.5.tgz. Extracting by manifest.
3575 silly tarball no local data for bplist-creator@https://registry.npmjs.org/bplist-creator/-/bplist-creator-0.1.0.tgz. Extracting by manifest.
3576 silly tarball no local data for accepts@https://registry.npmjs.org/accepts/-/accepts-1.3.8.tgz. Extracting by manifest.
3577 silly tarball no local data for @react-native/dev-middleware@https://registry.npmjs.org/@react-native/dev-middleware/-/dev-middleware-0.86.3.tgz. Extracting by manifest.
3578 silly tarball no local data for ws@https://registry.npmjs.org/ws/-/ws-8.21.3.tgz. Extracting by manifest.
3579 silly tarball no local data for expo-server@https://registry.npmjs.org/expo-server/-/expo-server-57.0.3.tgz. Extracting by manifest.
3580 silly tarball no local data for @expo/spawn-async@https://registry.npmjs.org/@expo/spawn-async/-/spawn-async-1.8.0.tgz. Extracting by manifest.
3581 silly tarball no local data for @expo/require-utils@https://registry.npmjs.org/@expo/require-utils/-/require-utils-57.0.5.tgz. Extracting by manifest.
3582 silly tarball no local data for @expo/ws-tunnel@https://registry.npmjs.org/@expo/ws-tunnel/-/ws-tunnel-2.0.0.tgz. Extracting by manifest.
3583 silly tarball no local data for @expo/router-server@https://registry.npmjs.org/@expo/router-server/-/router-server-57.0.10.tgz. Extracting by manifest.
3584 silly tarball no local data for @expo/plist@https://registry.npmjs.org/@expo/plist/-/plist-0.8.1.tgz. Extracting by manifest.
3585 silly tarball no local data for @expo/schema-utils@https://registry.npmjs.org/@expo/schema-utils/-/schema-utils-57.0.2.tgz. Extracting by manifest.
3586 silly tarball no local data for @expo/osascript@https://registry.npmjs.org/@expo/osascript/-/osascript-2.7.1.tgz. Extracting by manifest.
3587 silly tarball no local data for @expo/prebuild-config@https://registry.npmjs.org/@expo/prebuild-config/-/prebuild-config-57.0.16.tgz. Extracting by manifest.
3588 silly tarball no local data for @expo/json-file@https://registry.npmjs.org/@expo/json-file/-/json-file-11.0.1.tgz. Extracting by manifest.
3589 silly tarball no local data for @expo/metro-file-map@https://registry.npmjs.org/@expo/metro-file-map/-/metro-file-map-57.0.3.tgz. Extracting by manifest.
3590 silly tarball no local data for @expo/package-manager@https://registry.npmjs.org/@expo/package-manager/-/package-manager-1.13.1.tgz. Extracting by manifest.
3591 silly tarball no local data for @expo/inline-modules@https://registry.npmjs.org/@expo/inline-modules/-/inline-modules-0.1.7.tgz. Extracting by manifest.
3592 silly tarball no local data for @expo/image-utils@https://registry.npmjs.org/@expo/image-utils/-/image-utils-0.11.5.tgz. Extracting by manifest.
3593 silly tarball no local data for @expo/env@https://registry.npmjs.org/@expo/env/-/env-2.4.3.tgz. Extracting by manifest.
3594 silly tarball no local data for expo-modules-autolinking@https://registry.npmjs.org/expo-modules-autolinking/-/expo-modules-autolinking-57.0.13.tgz. Extracting by manifest.
3595 silly tarball no local data for whatwg-url-minimum@https://registry.npmjs.org/whatwg-url-minimum/-/whatwg-url-minimum-0.1.2.tgz. Extracting by manifest.
3596 silly tarball no local data for pretty-format@https://registry.npmjs.org/pretty-format/-/pretty-format-29.7.0.tgz. Extracting by manifest.
3597 silly tarball no local data for @expo/code-signing-certificates@https://registry.npmjs.org/@expo/code-signing-certificates/-/code-signing-certificates-0.0.6.tgz. Extracting by manifest.
3598 silly tarball no local data for expo-font@https://registry.npmjs.org/expo-font/-/expo-font-57.0.4.tgz. Extracting by manifest.
3599 silly tarball no local data for @expo/devcert@https://registry.npmjs.org/@expo/devcert/-/devcert-1.2.1.tgz. Extracting by manifest.
3600 silly tarball no local data for expo-modules-core@https://registry.npmjs.org/expo-modules-core/-/expo-modules-core-57.0.18.tgz. Extracting by manifest.
3601 silly tarball no local data for expo-keep-awake@https://registry.npmjs.org/expo-keep-awake/-/expo-keep-awake-57.0.2.tgz. Extracting by manifest.
3602 silly tarball no local data for react-refresh@https://registry.npmjs.org/react-refresh/-/react-refresh-0.14.2.tgz. Extracting by manifest.
3603 silly tarball no local data for expo-constants@https://registry.npmjs.org/expo-constants/-/expo-constants-57.0.19.tgz. Extracting by manifest.
3604 silly tarball no local data for expo-file-system@https://registry.npmjs.org/expo-file-system/-/expo-file-system-57.0.7.tgz. Extracting by manifest.
3605 silly tarball no local data for @expo/log-box@https://registry.npmjs.org/@expo/log-box/-/log-box-57.0.4.tgz. Extracting by manifest.
3606 silly tarball no local data for @expo/metro@https://registry.npmjs.org/@expo/metro/-/metro-56.0.2.tgz. Extracting by manifest.
3607 silly tarball no local data for @expo/local-build-cache-provider@https://registry.npmjs.org/@expo/local-build-cache-provider/-/local-build-cache-provider-57.0.8.tgz. Extracting by manifest.
3608 silly tarball no local data for expo-asset@https://registry.npmjs.org/expo-asset/-/expo-asset-57.0.18.tgz. Extracting by manifest.
3609 silly tarball no local data for @expo/metro-config@https://registry.npmjs.org/@expo/metro-config/-/metro-config-57.0.12.tgz. Extracting by manifest.
3610 silly tarball no local data for @expo/fingerprint@https://registry.npmjs.org/@expo/fingerprint/-/fingerprint-0.20.13.tgz. Extracting by manifest.
3611 silly tarball no local data for @expo/devtools@https://registry.npmjs.org/@expo/devtools/-/devtools-57.0.1.tgz. Extracting by manifest.
3612 silly tarball no local data for @expo/config-plugins@https://registry.npmjs.org/@expo/config-plugins/-/config-plugins-57.0.9.tgz. Extracting by manifest.
3613 silly tarball no local data for babel-preset-expo@https://registry.npmjs.org/babel-preset-expo/-/babel-preset-expo-57.0.12.tgz. Extracting by manifest.
3614 silly tarball no local data for @expo/dom-webview@https://registry.npmjs.org/@expo/dom-webview/-/dom-webview-57.0.1.tgz. Extracting by manifest.
3615 silly tarball no local data for @expo/config@https://registry.npmjs.org/@expo/config/-/config-57.0.9.tgz. Extracting by manifest.
3616 silly tarball no local data for @expo/cli@https://registry.npmjs.org/@expo/cli/-/cli-57.0.26.tgz. Extracting by manifest.
3617 silly tarball no local data for react@https://registry.npmjs.org/react/-/react-19.3.0.tgz. Extracting by manifest.
3618 silly tarball no local data for @xmldom/xmldom@https://registry.npmjs.org/@xmldom/xmldom/-/xmldom-0.9.12.tgz. Extracting by manifest.
3619 silly tarball no local data for @babel/runtime@https://registry.npmjs.org/@babel/runtime/-/runtime-7.29.7.tgz. Extracting by manifest.
3620 silly tarball no local data for expo@https://registry.npmjs.org/expo/-/expo-57.0.24.tgz. Extracting by manifest.
3621 silly tarball no local data for react-native@https://registry.npmjs.org/react-native/-/react-native-0.87.1.tgz. Extracting by manifest.
3622 silly tarball no local data for source-map@https://registry.npmjs.org/source-map/-/source-map-0.6.1.tgz. Extracting by manifest.
3623 silly tarball no local data for @ungap/structured-clone@https://registry.npmjs.org/@ungap/structured-clone/-/structured-clone-1.4.0.tgz. Extracting by manifest.
3624 silly tarball no local data for strip-ansi@https://registry.npmjs.org/strip-ansi/-/strip-ansi-6.0.1.tgz. Extracting by manifest.
3625 silly tarball no local data for type-fest@https://registry.npmjs.org/type-fest/-/type-fest-0.21.3.tgz. Extracting by manifest.
3626 silly tarball no local data for ob1@https://registry.npmjs.org/ob1/-/ob1-0.87.1.tgz. Extracting by manifest.
3627 silly tarball no local data for ws@https://registry.npmjs.org/ws/-/ws-7.5.13.tgz. Extracting by manifest.
3628 silly tarball no local data for negotiator@https://registry.npmjs.org/negotiator/-/negotiator-1.1.0.tgz. Extracting by manifest.
3629 silly tarball no local data for mime-types@https://registry.npmjs.org/mime-types/-/mime-types-3.0.2.tgz. Extracting by manifest.
3630 silly tarball no local data for metro-minify-terser@https://registry.npmjs.org/metro-minify-terser/-/metro-minify-terser-0.87.1.tgz. Extracting by manifest.
3631 silly tarball no local data for bplist-parser@https://registry.npmjs.org/bplist-parser/-/bplist-parser-0.3.1.tgz. Extracting by manifest.
3632 silly tarball no local data for metro-transform-plugins@https://registry.npmjs.org/metro-transform-plugins/-/metro-transform-plugins-0.87.1.tgz. Extracting by manifest.
3633 silly tarball no local data for metro-source-map@https://registry.npmjs.org/metro-source-map/-/metro-source-map-0.87.1.tgz. Extracting by manifest.
3634 silly tarball no local data for metro-runtime@https://registry.npmjs.org/metro-runtime/-/metro-runtime-0.87.1.tgz. Extracting by manifest.
3635 silly tarball no local data for metro-transform-worker@https://registry.npmjs.org/metro-transform-worker/-/metro-transform-worker-0.87.1.tgz. Extracting by manifest.
3636 silly tarball no local data for metro-core@https://registry.npmjs.org/metro-core/-/metro-core-0.87.1.tgz. Extracting by manifest.
3637 silly tarball no local data for metro-file-map@https://registry.npmjs.org/metro-file-map/-/metro-file-map-0.87.1.tgz. Extracting by manifest.
3638 silly tarball no local data for metro-resolver@https://registry.npmjs.org/metro-resolver/-/metro-resolver-0.87.1.tgz. Extracting by manifest.
3639 silly tarball no local data for metro-symbolicate@https://registry.npmjs.org/metro-symbolicate/-/metro-symbolicate-0.87.1.tgz. Extracting by manifest.
3640 silly tarball no local data for metro-config@https://registry.npmjs.org/metro-config/-/metro-config-0.87.1.tgz. Extracting by manifest.
3641 silly tarball no local data for metro-cache-key@https://registry.npmjs.org/metro-cache-key/-/metro-cache-key-0.87.1.tgz. Extracting by manifest.
3642 silly tarball no local data for strip-ansi@https://registry.npmjs.org/strip-ansi/-/strip-ansi-6.0.1.tgz. Extracting by manifest.
3643 silly tarball no local data for metro-cache@https://registry.npmjs.org/metro-cache/-/metro-cache-0.87.1.tgz. Extracting by manifest.
3644 silly tarball no local data for accepts@https://registry.npmjs.org/accepts/-/accepts-2.0.0.tgz. Extracting by manifest.
3645 silly tarball no local data for ws@https://registry.npmjs.org/ws/-/ws-7.5.13.tgz. Extracting by manifest.
3646 silly tarball no local data for @react-native/debugger-frontend@https://registry.npmjs.org/@react-native/debugger-frontend/-/debugger-frontend-0.87.1.tgz. Extracting by manifest.
3647 silly tarball no local data for @react-native/debugger-shell@https://registry.npmjs.org/@react-native/debugger-shell/-/debugger-shell-0.87.1.tgz. Extracting by manifest.
3648 silly tarball no local data for debug@https://registry.npmjs.org/debug/-/debug-4.4.3.tgz. Extracting by manifest.
3649 silly tarball no local data for metro@https://registry.npmjs.org/metro/-/metro-0.87.1.tgz. Extracting by manifest.
3650 silly tarball no local data for @react-native/dev-middleware@https://registry.npmjs.org/@react-native/dev-middleware/-/dev-middleware-0.87.1.tgz. Extracting by manifest.
3651 silly tarball no local data for metro-babel-transformer@https://registry.npmjs.org/metro-babel-transformer/-/metro-babel-transformer-0.87.1.tgz. Extracting by manifest.
3652 silly tarball no local data for ansi-regex@https://registry.npmjs.org/ansi-regex/-/ansi-regex-4.1.1.tgz. Extracting by manifest.
3653 silly tarball no local data for has-flag@https://registry.npmjs.org/has-flag/-/has-flag-3.0.0.tgz. Extracting by manifest.
3654 silly tarball no local data for statuses@https://registry.npmjs.org/statuses/-/statuses-2.0.2.tgz. Extracting by manifest.
3655 silly tarball no local data for picomatch@https://registry.npmjs.org/picomatch/-/picomatch-2.3.2.tgz. Extracting by manifest.
3656 silly tarball no local data for color-name@https://registry.npmjs.org/color-name/-/color-name-1.1.3.tgz. Extracting by manifest.
3657 silly tarball no local data for lru-cache@https://registry.npmjs.org/lru-cache/-/lru-cache-10.4.3.tgz. Extracting by manifest.
3658 silly tarball no local data for supports-color@https://registry.npmjs.org/supports-color/-/supports-color-5.5.0.tgz. Extracting by manifest.
3659 silly tarball no local data for ansi-styles@https://registry.npmjs.org/ansi-styles/-/ansi-styles-3.2.1.tgz. Extracting by manifest.
3660 silly tarball no local data for ms@https://registry.npmjs.org/ms/-/ms-2.0.0.tgz. Extracting by manifest.
3661 silly tarball no local data for chalk@https://registry.npmjs.org/chalk/-/chalk-2.4.2.tgz. Extracting by manifest.
3662 silly tarball no local data for lru-cache@https://registry.npmjs.org/lru-cache/-/lru-cache-11.5.2.tgz. Extracting by manifest.
3663 silly tarball no local data for color-convert@https://registry.npmjs.org/color-convert/-/color-convert-1.9.3.tgz. Extracting by manifest.
3664 silly tarball no local data for debug@https://registry.npmjs.org/debug/-/debug-2.6.9.tgz. Extracting by manifest.
3665 silly tarball no local data for ms@https://registry.npmjs.org/ms/-/ms-2.0.0.tgz. Extracting by manifest.
3666 silly tarball no local data for escape-string-regexp@https://registry.npmjs.org/escape-string-regexp/-/escape-string-regexp-1.0.5.tgz. Extracting by manifest.
3667 silly tarball no local data for debug@https://registry.npmjs.org/debug/-/debug-2.6.9.tgz. Extracting by manifest.
3668 silly tarball no local data for semver@https://registry.npmjs.org/semver/-/semver-6.3.1.tgz. Extracting by manifest.
3669 silly tarball no local data for hermes-estree@https://registry.npmjs.org/hermes-estree/-/hermes-estree-0.36.0.tgz. Extracting by manifest.
3670 silly tarball no local data for semver@https://registry.npmjs.org/semver/-/semver-6.3.1.tgz. Extracting by manifest.
3671 silly tarball no local data for encodeurl@https://registry.npmjs.org/encodeurl/-/encodeurl-2.0.0.tgz. Extracting by manifest.
3672 silly tarball no local data for semver@https://registry.npmjs.org/semver/-/semver-6.3.1.tgz. Extracting by manifest.
3673 silly tarball no local data for mime-db@https://registry.npmjs.org/mime-db/-/mime-db-1.52.0.tgz. Extracting by manifest.
3674 silly tarball no local data for supports-color@https://registry.npmjs.org/supports-color/-/supports-color-8.1.1.tgz. Extracting by manifest.
3675 silly tarball no local data for semver@https://registry.npmjs.org/semver/-/semver-6.3.1.tgz. Extracting by manifest.
3676 silly tarball no local data for hermes-parser@https://registry.npmjs.org/hermes-parser/-/hermes-parser-0.36.0.tgz. Extracting by manifest.
3677 silly tarball no local data for semver@https://registry.npmjs.org/semver/-/semver-6.3.1.tgz. Extracting by manifest.
3678 silly tarball no local data for hermes-parser@https://registry.npmjs.org/hermes-parser/-/hermes-parser-0.35.0.tgz. Extracting by manifest.
3679 silly tarball no local data for ws@https://registry.npmjs.org/ws/-/ws-7.5.13.tgz. Extracting by manifest.
3680 silly tarball no local data for negotiator@https://registry.npmjs.org/negotiator/-/negotiator-1.1.0.tgz. Extracting by manifest.
3681 silly tarball no local data for picomatch@https://registry.npmjs.org/picomatch/-/picomatch-2.3.2.tgz. Extracting by manifest.
3682 silly tarball no local data for hermes-estree@https://registry.npmjs.org/hermes-estree/-/hermes-estree-0.35.0.tgz. Extracting by manifest.
3683 silly tarball no local data for hermes-parser@https://registry.npmjs.org/hermes-parser/-/hermes-parser-0.35.0.tgz. Extracting by manifest.
3684 silly tarball no local data for ci-info@https://registry.npmjs.org/ci-info/-/ci-info-2.0.0.tgz. Extracting by manifest.
3685 silly tarball no local data for accepts@https://registry.npmjs.org/accepts/-/accepts-2.0.0.tgz. Extracting by manifest.
3686 silly tarball no local data for mime-types@https://registry.npmjs.org/mime-types/-/mime-types-3.0.2.tgz. Extracting by manifest.
3687 silly tarball no local data for xmlbuilder@https://registry.npmjs.org/xmlbuilder/-/xmlbuilder-11.0.1.tgz. Extracting by manifest.
3688 silly tarball no local data for strip-ansi@https://registry.npmjs.org/strip-ansi/-/strip-ansi-6.0.1.tgz. Extracting by manifest.
3689 silly tarball no local data for statuses@https://registry.npmjs.org/statuses/-/statuses-2.0.2.tgz. Extracting by manifest.
3690 silly tarball no local data for encodeurl@https://registry.npmjs.org/encodeurl/-/encodeurl-2.0.0.tgz. Extracting by manifest.
3691 silly tarball no local data for hermes-estree@https://registry.npmjs.org/hermes-estree/-/hermes-estree-0.35.0.tgz. Extracting by manifest.
3692 silly tarball no local data for commander@https://registry.npmjs.org/commander/-/commander-2.20.3.tgz. Extracting by manifest.
3693 silly tarball no local data for color-convert@https://registry.npmjs.org/color-convert/-/color-convert-1.9.3.tgz. Extracting by manifest.
3694 silly tarball no local data for color-name@https://registry.npmjs.org/color-name/-/color-name-1.1.3.tgz. Extracting by manifest.
3695 silly tarball no local data for ms@https://registry.npmjs.org/ms/-/ms-2.0.0.tgz. Extracting by manifest.
3696 silly tarball no local data for on-finished@https://registry.npmjs.org/on-finished/-/on-finished-2.4.1.tgz. Extracting by manifest.
3697 silly tarball no local data for debug@https://registry.npmjs.org/debug/-/debug-2.6.9.tgz. Extracting by manifest.
3698 silly tarball no local data for escape-string-regexp@https://registry.npmjs.org/escape-string-regexp/-/escape-string-regexp-1.0.5.tgz. Extracting by manifest.
3699 silly tarball no local data for supports-color@https://registry.npmjs.org/supports-color/-/supports-color-5.5.0.tgz. Extracting by manifest.
3700 silly tarball no local data for chalk@https://registry.npmjs.org/chalk/-/chalk-2.4.2.tgz. Extracting by manifest.
3701 silly tarball no local data for has-flag@https://registry.npmjs.org/has-flag/-/has-flag-3.0.0.tgz. Extracting by manifest.
3702 silly tarball no local data for ms@https://registry.npmjs.org/ms/-/ms-2.0.0.tgz. Extracting by manifest.
3703 silly tarball no local data for debug@https://registry.npmjs.org/debug/-/debug-2.6.9.tgz. Extracting by manifest.
3704 silly tarball no local data for ansi-styles@https://registry.npmjs.org/ansi-styles/-/ansi-styles-3.2.1.tgz. Extracting by manifest.
3705 silly tarball no local data for ms@https://registry.npmjs.org/ms/-/ms-2.0.0.tgz. Extracting by manifest.
3706 silly tarball no local data for ws@https://registry.npmjs.org/ws/-/ws-7.5.13.tgz. Extracting by manifest.
3707 silly tarball no local data for ansi-styles@https://registry.npmjs.org/ansi-styles/-/ansi-styles-5.2.0.tgz. Extracting by manifest.
3708 silly tarball no local data for debug@https://registry.npmjs.org/debug/-/debug-2.6.9.tgz. Extracting by manifest.
3709 silly tarball no local data for negotiator@https://registry.npmjs.org/negotiator/-/negotiator-0.6.4.tgz. Extracting by manifest.
3710 silly tarball no local data for debug@https://registry.npmjs.org/debug/-/debug-3.2.7.tgz. Extracting by manifest.
3711 silly tarball no local data for ws@https://registry.npmjs.org/ws/-/ws-7.5.13.tgz. Extracting by manifest.
3712 silly tarball no local data for metro-symbolicate@https://registry.npmjs.org/metro-symbolicate/-/metro-symbolicate-0.87.1.tgz. Extracting by manifest.
3713 silly tarball no local data for metro-runtime@https://registry.npmjs.org/metro-runtime/-/metro-runtime-0.87.1.tgz. Extracting by manifest.
3714 silly tarball no local data for metro-source-map@https://registry.npmjs.org/metro-source-map/-/metro-source-map-0.87.1.tgz. Extracting by manifest.
3715 silly tarball no local data for semver@https://registry.npmjs.org/semver/-/semver-6.3.1.tgz. Extracting by manifest.
3716 silly tarball no local data for ob1@https://registry.npmjs.org/ob1/-/ob1-0.87.1.tgz. Extracting by manifest.
3717 silly tarball no local data for commander@https://registry.npmjs.org/commander/-/commander-12.1.0.tgz. Extracting by manifest.
3718 silly tarball no local data for @react-native/normalize-colors@https://registry.npmjs.org/@react-native/normalize-colors/-/normalize-colors-0.87.1.tgz. Extracting by manifest.
3719 silly tarball no local data for @react-native/codegen@https://registry.npmjs.org/@react-native/codegen/-/codegen-0.87.1.tgz. Extracting by manifest.
3720 http fetch GET 200 https://registry.npmjs.org/y18n/-/y18n-5.0.8.tgz 132ms (cache miss)
3721 http fetch GET 200 https://registry.npmjs.org/content-type/-/content-type-2.1.0.tgz 133ms (cache miss)
3722 http fetch GET 200 https://registry.npmjs.org/emoji-regex/-/emoji-regex-8.0.0.tgz 206ms (cache miss)
3723 http fetch GET 200 https://registry.npmjs.org/escalade/-/escalade-3.2.0.tgz 211ms (cache miss)
3724 http fetch POST 200 https://registry.npmjs.org/-/npm/v1/security/advisories/bulk 350ms
3725 silly audit report {
3725 silly audit report   uuid: [
3725 silly audit report     {
3725 silly audit report       id: 1119441,
3725 silly audit report       url: 'https://github.com/advisories/GHSA-w5hq-g745-h8pq',
3725 silly audit report       title: 'uuid: Missing buffer bounds check in v3/v5/v6 when buf is provided',
3725 silly audit report       severity: 'moderate',
3725 silly audit report       vulnerable_versions: '<11.1.1',
3725 silly audit report       cwe: [Array],
3725 silly audit report       cvss: [Object]
3725 silly audit report     }
3725 silly audit report   ]
3725 silly audit report }
3726 silly packumentCache corgi:https://registry.npmjs.org/uuid cache-miss
3727 http fetch GET 200 https://registry.npmjs.org/defaults/-/defaults-1.0.4.tgz 283ms (cache miss)
3728 http fetch GET 200 https://registry.npmjs.org/tmpl/-/tmpl-1.0.5.tgz 285ms (cache miss)
3729 http fetch GET 200 https://registry.npmjs.org/get-caller-file/-/get-caller-file-2.0.5.tgz 388ms (cache miss)
3730 http fetch GET 200 https://registry.npmjs.org/sax/-/sax-1.6.1.tgz 427ms (cache miss)
3731 http fetch GET 200 https://registry.npmjs.org/is-fullwidth-code-point/-/is-fullwidth-code-point-3.0.0.tgz 426ms (cache miss)
3732 http fetch GET 200 https://registry.npmjs.org/require-directory/-/require-directory-2.1.1.tgz 441ms (cache miss)
3733 http fetch GET 200 https://registry.npmjs.org/clone/-/clone-1.0.4.tgz 444ms (cache miss)
3734 http fetch GET 200 https://registry.npmjs.org/uuid/-/uuid-7.0.3.tgz 449ms (cache miss)
3735 warn deprecated uuid@7.0.3: uuid@10 and below is no longer supported.  For ESM codebases, update to uuid@latest.  For CommonJS codebases, use uuid@11 (but be aware this version will likely be deprecated in 2028).
3736 http fetch GET 200 https://registry.npmjs.org/cliui/-/cliui-8.0.1.tgz 486ms (cache miss)
3737 http fetch GET 200 https://registry.npmjs.org/simple-plist/-/simple-plist-1.3.1.tgz 494ms (cache miss)
3738 http fetch GET 200 https://registry.npmjs.org/unicode-canonical-property-names-ecmascript/-/unicode-canonical-property-names-ecmascript-2.0.1.tgz 499ms (cache miss)
3739 http fetch GET 200 https://registry.npmjs.org/makeerror/-/makeerror-1.0.12.tgz 514ms (cache miss)
3740 http fetch GET 200 https://registry.npmjs.org/unicode-property-aliases-ecmascript/-/unicode-property-aliases-ecmascript-2.2.0.tgz 539ms (cache miss)
3741 http fetch GET 200 https://registry.npmjs.org/yargs-parser/-/yargs-parser-21.1.1.tgz 541ms (cache miss)
3742 http fetch GET 200 https://registry.npmjs.org/flow-estree/-/flow-estree-0.331.0.tgz 564ms (cache miss)
3743 http fetch GET 200 https://registry.npmjs.org/fdir/-/fdir-6.5.0.tgz 648ms (cache miss)
3744 http fetch GET 200 https://registry.npmjs.org/source-map-support/-/source-map-support-0.5.21.tgz 740ms (cache miss)
3745 http fetch GET 200 https://registry.npmjs.org/toidentifier/-/toidentifier-1.0.1.tgz 744ms (cache miss)
3746 http fetch GET 200 https://registry.npmjs.org/is-number/-/is-number-7.0.0.tgz 764ms (cache miss)
3747 http fetch GET 200 https://registry.npmjs.org/supports-hyperlinks/-/supports-hyperlinks-2.3.0.tgz 766ms (cache miss)
3748 http fetch GET 200 https://registry.npmjs.org/shebang-regex/-/shebang-regex-3.0.0.tgz 773ms (cache miss)
3749 http fetch GET 200 https://registry.npmjs.org/ansi-escapes/-/ansi-escapes-4.3.2.tgz 774ms (cache miss)
3750 http fetch GET 200 https://registry.npmjs.org/@jridgewell/source-map/-/source-map-0.3.11.tgz 777ms (cache miss)
3751 http fetch GET 200 https://registry.npmjs.org/buffer-from/-/buffer-from-1.1.2.tgz 781ms (cache miss)
3752 http fetch GET 200 https://registry.npmjs.org/inherits/-/inherits-2.0.4.tgz 799ms (cache miss)
3753 http fetch GET 200 https://registry.npmjs.org/isexe/-/isexe-2.0.0.tgz 799ms (cache miss)
3754 http fetch GET 200 https://registry.npmjs.org/plist/-/plist-3.1.1.tgz 803ms (cache miss)
3755 http fetch GET 200 https://registry.npmjs.org/type-fest/-/type-fest-0.7.1.tgz 801ms (cache miss)
3756 http fetch GET 200 https://registry.npmjs.org/fresh/-/fresh-0.5.2.tgz 862ms (cache miss)
3757 http fetch GET 200 https://registry.npmjs.org/has-flag/-/has-flag-4.0.0.tgz 892ms (cache miss)
3758 http fetch GET 200 https://registry.npmjs.org/http-errors/-/http-errors-2.0.1.tgz 933ms (cache miss)
3759 http fetch GET 200 https://registry.npmjs.org/range-parser/-/range-parser-1.2.1.tgz 934ms (cache miss)
3760 http fetch GET 200 https://registry.npmjs.org/mime/-/mime-1.6.0.tgz 942ms (cache miss)
3761 http fetch GET 200 https://registry.npmjs.org/signal-exit/-/signal-exit-3.0.7.tgz 947ms (cache miss)
3762 http fetch GET 200 https://registry.npmjs.org/mimic-fn/-/mimic-fn-1.2.0.tgz 947ms (cache miss)
3763 http fetch GET 200 https://registry.npmjs.org/depd/-/depd-2.0.0.tgz 948ms (cache miss)
3764 http fetch GET 200 https://registry.npmjs.org/acorn/-/acorn-8.18.0.tgz 989ms (cache miss)
3765 http fetch GET 200 https://registry.npmjs.org/function-bind/-/function-bind-1.1.2.tgz 1005ms (cache miss)
3766 http fetch GET 200 https://registry.npmjs.org/path-parse/-/path-parse-1.0.7.tgz 1005ms (cache miss)
3767 http fetch GET 200 https://registry.npmjs.org/etag/-/etag-1.8.1.tgz 1006ms (cache miss)
3768 http fetch GET 200 https://registry.npmjs.org/onetime/-/onetime-2.0.1.tgz 1006ms (cache miss)
3769 http fetch GET 200 https://registry.npmjs.org/hasown/-/hasown-2.0.4.tgz 1020ms (cache miss)
3770 http fetch GET 200 https://registry.npmjs.org/supports-preserve-symlinks-flag/-/supports-preserve-symlinks-flag-1.0.0.tgz 1021ms (cache miss)
3771 http fetch GET 200 https://registry.npmjs.org/is-core-module/-/is-core-module-2.17.0.tgz 1071ms (cache miss)
3772 http fetch GET 200 https://registry.npmjs.org/string-width/-/string-width-4.2.3.tgz 1108ms (cache miss)
3773 http fetch GET 200 https://registry.npmjs.org/unicode-match-property-ecmascript/-/unicode-match-property-ecmascript-2.0.0.tgz 1109ms (cache miss)
3774 http fetch GET 200 https://registry.npmjs.org/regjsgen/-/regjsgen-0.8.0.tgz 1126ms (cache miss)
3775 http fetch GET 200 https://registry.npmjs.org/regenerate/-/regenerate-1.4.2.tgz 1142ms (cache miss)
3776 http fetch GET 200 https://registry.npmjs.org/unicode-match-property-value-ecmascript/-/unicode-match-property-value-ecmascript-2.2.1.tgz 1160ms (cache miss)
3777 http fetch GET 200 https://registry.npmjs.org/regjsparser/-/regjsparser-0.13.3.tgz 1173ms (cache miss)
3778 http fetch GET 200 https://registry.npmjs.org/es-errors/-/es-errors-1.3.0.tgz 1176ms (cache miss)
3779 http fetch GET 200 https://registry.npmjs.org/memoize-one/-/memoize-one-5.2.1.tgz 1187ms (cache miss)
3780 http fetch GET 200 https://registry.npmjs.org/shell-quote/-/shell-quote-1.10.0.tgz 1190ms (cache miss)
3781 http fetch GET 200 https://registry.npmjs.org/whatwg-fetch/-/whatwg-fetch-3.6.20.tgz 1193ms (cache miss)
3782 http fetch GET 200 https://registry.npmjs.org/promise/-/promise-8.3.0.tgz 1210ms (cache miss)
3783 http fetch GET 200 https://registry.npmjs.org/regenerator-runtime/-/regenerator-runtime-0.13.11.tgz 1211ms (cache miss)
3784 http fetch GET 200 https://registry.npmjs.org/setprototypeof/-/setprototypeof-1.2.0.tgz 1363ms (cache miss)
3785 http fetch GET 200 https://registry.npmjs.org/kleur/-/kleur-3.0.3.tgz 1468ms (cache miss)
3786 http fetch GET 200 https://registry.npmjs.org/@react-native/virtualized-lists/-/virtualized-lists-0.87.1.tgz 1471ms (cache miss)
3787 http fetch GET 200 https://registry.npmjs.org/sisteransi/-/sisteransi-1.0.5.tgz 1497ms (cache miss)
3788 http fetch GET 200 https://registry.npmjs.org/@react-native/asset-utils/-/asset-utils-0.87.1.tgz 1514ms (cache miss)
3789 http fetch GET 200 https://registry.npmjs.org/regenerate-unicode-properties/-/regenerate-unicode-properties-10.2.2.tgz 1520ms (cache miss)
3790 http fetch GET 200 https://registry.npmjs.org/nanoid/-/nanoid-3.3.19.tgz 1531ms (cache miss)
3791 http fetch GET 200 https://registry.npmjs.org/@react-native/community-cli-plugin/-/community-cli-plugin-0.87.1.tgz 1537ms (cache miss)
3792 http fetch GET 200 https://registry.npmjs.org/source-map-js/-/source-map-js-1.2.1.tgz 1542ms (cache miss)
3793 http fetch GET 200 https://registry.npmjs.org/scheduler/-/scheduler-0.27.0.tgz 1593ms (cache miss)
3794 http fetch GET 200 https://registry.npmjs.org/restore-cursor/-/restore-cursor-2.0.0.tgz 1606ms (cache miss)
3795 http fetch GET 200 https://registry.npmjs.org/ansi-regex/-/ansi-regex-5.0.1.tgz 1664ms (cache miss)
3796 http fetch GET 200 https://registry.npmjs.org/log-symbols/-/log-symbols-2.2.0.tgz 1714ms (cache miss)
3797 http fetch GET 200 https://registry.npmjs.org/cli-spinners/-/cli-spinners-2.9.2.tgz 1715ms (cache miss)
3798 http fetch GET 200 https://registry.npmjs.org/cli-cursor/-/cli-cursor-2.1.0.tgz 1741ms (cache miss)
3799 http fetch GET 200 https://registry.npmjs.org/react-is/-/react-is-18.3.1.tgz 1746ms (cache miss)
3800 http fetch GET 200 https://registry.npmjs.org/wcwidth/-/wcwidth-1.0.1.tgz 1827ms (cache miss)
3801 http fetch GET 200 https://registry.npmjs.org/validate-npm-package-name/-/validate-npm-package-name-5.0.1.tgz 1834ms (cache miss)
3802 http fetch GET 200 https://registry.npmjs.org/proc-log/-/proc-log-4.2.0.tgz 1835ms (cache miss)
3803 http fetch GET 200 https://registry.npmjs.org/@react-native/gradle-plugin/-/gradle-plugin-0.87.1.tgz 1847ms (cache miss)
3804 http fetch GET 200 https://registry.npmjs.org/ee-first/-/ee-first-1.1.1.tgz 1865ms (cache miss)
3805 http fetch GET 200 https://registry.npmjs.org/strip-ansi/-/strip-ansi-5.2.0.tgz 1902ms (cache miss)
3806 http fetch GET 200 https://registry.npmjs.org/balanced-match/-/balanced-match-4.0.4.tgz 1956ms (cache miss)
3807 http fetch GET 200 https://registry.npmjs.org/hosted-git-info/-/hosted-git-info-7.0.2.tgz 2000ms (cache miss)
3808 http fetch GET 200 https://registry.npmjs.org/asap/-/asap-2.0.6.tgz 2008ms (cache miss)
3809 http fetch GET 200 https://registry.npmjs.org/fill-range/-/fill-range-7.1.1.tgz 2008ms (cache miss)
3810 http fetch GET 200 https://registry.npmjs.org/brace-expansion/-/brace-expansion-5.0.12.tgz 2010ms (cache miss)
3811 http fetch GET 200 https://registry.npmjs.org/to-regex-range/-/to-regex-range-5.0.1.tgz 2069ms (cache miss)
3812 http fetch GET 200 https://registry.npmjs.org/flow-parser/-/flow-parser-0.331.0.tgz 2095ms (cache miss)
3813 http fetch GET 200 https://registry.npmjs.org/leven/-/leven-3.1.0.tgz 2106ms (cache miss)
3814 http fetch GET 200 https://registry.npmjs.org/braces/-/braces-3.0.3.tgz 2107ms (cache miss)
3815 http fetch GET 200 https://registry.npmjs.org/ob1/-/ob1-0.84.5.tgz 2140ms (cache miss)
3816 http fetch GET 200 https://registry.npmjs.org/camelcase/-/camelcase-6.3.0.tgz 2179ms (cache miss)
3817 http fetch GET 200 https://registry.npmjs.org/vlq/-/vlq-1.0.1.tgz 2213ms (cache miss)
3818 http fetch GET 200 https://registry.npmjs.org/jest-validate/-/jest-validate-29.7.0.tgz 2233ms (cache miss)
3819 http fetch GET 200 https://registry.npmjs.org/jest-get-type/-/jest-get-type-29.6.3.tgz 2244ms (cache miss)
3820 http fetch GET 200 https://registry.npmjs.org/pngjs/-/pngjs-3.4.0.tgz 2249ms (cache miss)
3821 http fetch GET 200 https://registry.npmjs.org/exponential-backoff/-/exponential-backoff-3.1.3.tgz 2287ms (cache miss)
3822 http fetch GET 200 https://registry.npmjs.org/agent-base/-/agent-base-7.1.4.tgz 2320ms (cache miss)
3823 http fetch GET 200 https://registry.npmjs.org/throat/-/throat-5.0.0.tgz 2339ms (cache miss)
3824 http fetch GET 200 https://registry.npmjs.org/stackframe/-/stackframe-1.3.4.tgz 2409ms (cache miss)
3825 http fetch GET 200 https://registry.npmjs.org/serialize-error/-/serialize-error-2.1.0.tgz 2410ms (cache miss)
3826 http fetch GET 200 https://registry.npmjs.org/https-proxy-agent/-/https-proxy-agent-7.0.6.tgz 2410ms (cache miss)
3827 http fetch GET 200 https://registry.npmjs.org/yaml/-/yaml-2.9.1.tgz 2486ms (cache miss)
3828 http fetch GET 200 https://registry.npmjs.org/yallist/-/yallist-3.1.1.tgz 2513ms (cache miss)
3829 http fetch GET 200 https://registry.npmjs.org/@types/yargs-parser/-/yargs-parser-21.0.3.tgz 2542ms (cache miss)
3830 http fetch GET 200 https://registry.npmjs.org/marky/-/marky-1.3.0.tgz 2552ms (cache miss)
3831 http fetch GET 200 https://registry.npmjs.org/error-stack-parser/-/error-stack-parser-2.1.4.tgz 2553ms (cache miss)
3832 http fetch GET 200 https://registry.npmjs.org/flow-enums-runtime/-/flow-enums-runtime-0.0.6.tgz 2556ms (cache miss)
3833 http fetch GET 200 https://registry.npmjs.org/@types/yargs/-/yargs-17.0.35.tgz 2558ms (cache miss)
3834 http fetch GET 200 https://registry.npmjs.org/@types/istanbul-lib-report/-/istanbul-lib-report-3.0.3.tgz 2564ms (cache miss)
3835 http fetch GET 200 https://registry.npmjs.org/detect-libc/-/detect-libc-2.1.2.tgz 2622ms (cache miss)
3836 http fetch GET 200 https://registry.npmjs.org/@jest/schemas/-/schemas-29.6.3.tgz 2657ms (cache miss)
3837 http fetch GET 200 https://registry.npmjs.org/argparse/-/argparse-2.0.1.tgz 2681ms (cache miss)
3838 http fetch GET 200 https://registry.npmjs.org/lodash.throttle/-/lodash.throttle-4.1.1.tgz 2726ms (cache miss)
3839 http fetch GET 200 https://registry.npmjs.org/merge-stream/-/merge-stream-2.0.0.tgz 2774ms (cache miss)
3840 http fetch GET 200 https://registry.npmjs.org/@types/istanbul-lib-coverage/-/istanbul-lib-coverage-2.0.6.tgz 2775ms (cache miss)
3841 http fetch GET 200 https://registry.npmjs.org/@jest/types/-/types-29.6.3.tgz 2785ms (cache miss)
3842 http fetch GET 200 https://registry.npmjs.org/@sinclair/typebox/-/typebox-0.27.12.tgz 2871ms (cache miss)
3843 http fetch GET 200 https://registry.npmjs.org/is-docker/-/is-docker-2.2.1.tgz 2905ms (cache miss)
3844 http fetch GET 200 https://registry.npmjs.org/@types/istanbul-reports/-/istanbul-reports-3.0.4.tgz 2931ms (cache miss)
3845 http fetch GET 200 https://registry.npmjs.org/hermes-estree/-/hermes-estree-0.36.1.tgz 2936ms (cache miss)
3846 http fetch GET 200 https://registry.npmjs.org/loose-envify/-/loose-envify-1.4.0.tgz 2971ms (cache miss)
3847 http fetch GET 200 https://registry.npmjs.org/graceful-fs/-/graceful-fs-4.2.11.tgz 2985ms (cache miss)
3848 http fetch GET 200 https://registry.npmjs.org/source-map/-/source-map-0.5.7.tgz 2988ms (cache miss)
3849 http fetch GET 200 https://registry.npmjs.org/jest-util/-/jest-util-29.7.0.tgz 3044ms (cache miss)
3850 http fetch GET 200 https://registry.npmjs.org/unpipe/-/unpipe-1.0.0.tgz 3246ms (cache miss)
3851 http fetch GET 200 https://registry.npmjs.org/on-finished/-/on-finished-2.3.0.tgz 3483ms (cache miss)
3852 http fetch GET 200 https://registry.npmjs.org/statuses/-/statuses-1.5.0.tgz 3514ms (cache miss)
3853 http fetch GET 200 https://registry.npmjs.org/encodeurl/-/encodeurl-1.0.2.tgz 3590ms (cache miss)
3854 http fetch GET 200 https://registry.npmjs.org/escape-html/-/escape-html-1.0.3.tgz 3604ms (cache miss)
3855 http fetch GET 200 https://registry.npmjs.org/bser/-/bser-2.1.1.tgz 3852ms (cache miss)
3856 http fetch GET 200 https://registry.npmjs.org/node-int64/-/node-int64-0.4.0.tgz 4006ms (cache miss)
3857 http fetch GET 200 https://registry.npmjs.org/path-scurry/-/path-scurry-2.0.2.tgz 4599ms (cache miss)
3858 http fetch GET 200 https://registry.npmjs.org/fontfaceobserver/-/fontfaceobserver-2.3.0.tgz 4599ms (cache miss)
3859 http fetch GET 200 https://registry.npmjs.org/commander/-/commander-7.2.0.tgz 4600ms (cache miss)
3860 http fetch GET 200 https://registry.npmjs.org/ms/-/ms-2.1.3.tgz 5149ms (cache miss)
3861 http fetch GET 200 https://registry.npmjs.org/shebang-command/-/shebang-command-2.0.0.tgz 5321ms (cache miss)
3862 http fetch GET 200 https://registry.npmjs.org/which/-/which-2.0.2.tgz 5458ms (cache miss)
3863 http fetch GET 200 https://registry.npmjs.org/path-key/-/path-key-3.1.1.tgz 5518ms (cache miss)
3864 http fetch GET 200 https://registry.npmjs.org/minipass/-/minipass-7.1.3.tgz 5520ms (cache miss)
3865 http fetch GET 200 https://registry.npmjs.org/utils-merge/-/utils-merge-1.0.1.tgz 5657ms (cache miss)
3866 http fetch GET 200 https://registry.npmjs.org/expo-modules-jsi/-/expo-modules-jsi-57.1.0.tgz 5665ms (cache miss)
3867 http fetch GET 200 https://registry.npmjs.org/on-headers/-/on-headers-1.1.0.tgz 6786ms (cache miss)
3868 http fetch GET 200 https://registry.npmjs.org/parseurl/-/parseurl-1.3.3.tgz 6837ms (cache miss)
3869 http fetch GET 200 https://registry.npmjs.org/mime-db/-/mime-db-1.54.0.tgz 6859ms (cache miss)
3870 http fetch GET 200 https://registry.npmjs.org/compressible/-/compressible-2.0.18.tgz 6928ms (cache miss)
3871 http fetch GET 200 https://registry.npmjs.org/safe-buffer/-/safe-buffer-5.2.1.tgz 6936ms (cache miss)
3872 http fetch GET 200 https://registry.npmjs.org/finalhandler/-/finalhandler-1.1.2.tgz 6936ms (cache miss)
3873 http fetch GET 200 https://registry.npmjs.org/mkdirp/-/mkdirp-1.0.4.tgz 6987ms (cache miss)
3874 http fetch GET 200 https://registry.npmjs.org/destroy/-/destroy-1.2.0.tgz 7014ms (cache miss)
3875 http fetch GET 200 https://registry.npmjs.org/vary/-/vary-1.1.2.tgz 7014ms (cache miss)
3876 http fetch GET 200 https://registry.npmjs.org/undici-types/-/undici-types-8.9.0.tgz 7058ms (cache miss)
3877 http fetch GET 200 https://registry.npmjs.org/terser/-/terser-5.51.2.tgz 7142ms (cache miss)
3878 http fetch GET 200 https://registry.npmjs.org/bytes/-/bytes-3.1.2.tgz 7353ms (cache miss)
3879 http fetch GET 200 https://registry.npmjs.org/escape-string-regexp/-/escape-string-regexp-4.0.0.tgz 7370ms (cache miss)
3880 http fetch GET 200 https://registry.npmjs.org/color-name/-/color-name-1.1.4.tgz 7370ms (cache miss)
3881 http fetch GET 200 https://registry.npmjs.org/lighthouse-logger/-/lighthouse-logger-1.4.2.tgz 7514ms (cache miss)
3882 http fetch GET 200 https://registry.npmjs.org/is-wsl/-/is-wsl-2.2.0.tgz 7514ms (cache miss)
3883 http fetch GET 200 https://registry.npmjs.org/color-convert/-/color-convert-2.0.1.tgz 7669ms (cache miss)
3884 http fetch GET 200 https://registry.npmjs.org/ansi-styles/-/ansi-styles-4.3.0.tgz 7677ms (cache miss)
3885 http fetch GET 200 https://registry.npmjs.org/supports-color/-/supports-color-7.2.0.tgz 7701ms (cache miss)
3886 http fetch GET 200 https://registry.npmjs.org/electron-to-chromium/-/electron-to-chromium-1.5.431.tgz 7898ms (cache miss)
3887 http fetch GET 200 https://registry.npmjs.org/big-integer/-/big-integer-1.6.52.tgz 8060ms (cache miss)
3888 http fetch GET 200 https://registry.npmjs.org/update-browserslist-db/-/update-browserslist-db-1.3.3.tgz 8072ms (cache miss)
3889 http fetch GET 200 https://registry.npmjs.org/baseline-browser-mapping/-/baseline-browser-mapping-2.11.25.tgz 8433ms (cache miss)
3890 http fetch GET 200 https://registry.npmjs.org/resolve/-/resolve-1.22.12.tgz 8454ms (cache miss)
3891 http fetch GET 200 https://registry.npmjs.org/stream-buffers/-/stream-buffers-2.2.0.tgz 8662ms (cache miss)
3892 http fetch GET 200 https://registry.npmjs.org/lodash.debounce/-/lodash.debounce-4.0.8.tgz 8822ms (cache miss)
3893 http fetch GET 200 https://registry.npmjs.org/core-js-compat/-/core-js-compat-3.50.0.tgz 9035ms (cache miss)
3894 http fetch GET 200 https://registry.npmjs.org/node-releases/-/node-releases-2.0.56.tgz 9062ms (cache miss)
3895 http fetch GET 200 https://registry.npmjs.org/babel-plugin-polyfill-regenerator/-/babel-plugin-polyfill-regenerator-0.6.8.tgz 9106ms (cache miss)
3896 http fetch GET 200 https://registry.npmjs.org/tinyglobby/-/tinyglobby-0.2.17.tgz 9718ms (cache miss)
3897 http fetch GET 200 https://registry.npmjs.org/@babel/helper-define-polyfill-provider/-/helper-define-polyfill-provider-0.6.8.tgz 9964ms (cache miss)
3898 http fetch GET 200 https://registry.npmjs.org/babel-plugin-polyfill-corejs3/-/babel-plugin-polyfill-corejs3-0.13.0.tgz 10236ms (cache miss)
3899 http fetch GET 200 https://registry.npmjs.org/@babel/plugin-syntax-typescript/-/plugin-syntax-typescript-7.29.7.tgz 10549ms (cache miss)
3900 http fetch GET 200 https://registry.npmjs.org/babel-plugin-polyfill-corejs2/-/babel-plugin-polyfill-corejs2-0.4.17.tgz 10831ms (cache miss)
3901 http fetch GET 200 https://registry.npmjs.org/regexpu-core/-/regexpu-core-6.4.0.tgz 10937ms (cache miss)
3902 http fetch GET 200 https://registry.npmjs.org/@babel/plugin-syntax-jsx/-/plugin-syntax-jsx-7.29.7.tgz 10948ms (cache miss)
3903 http fetch GET 200 https://registry.npmjs.org/yargs/-/yargs-17.7.3.tgz 11072ms (cache miss)
3904 http fetch GET 200 https://registry.npmjs.org/@babel/helper-wrap-function/-/helper-wrap-function-7.29.7.tgz 11095ms (cache miss)
3905 http fetch GET 200 https://registry.npmjs.org/@babel/helper-remap-async-to-generator/-/helper-remap-async-to-generator-7.29.7.tgz 11152ms (cache miss)
3906 http fetch GET 200 https://registry.npmjs.org/@babel/plugin-syntax-flow/-/plugin-syntax-flow-7.29.7.tgz 11152ms (cache miss)
3907 http fetch GET 200 https://registry.npmjs.org/@babel/helper-create-regexp-features-plugin/-/helper-create-regexp-features-plugin-7.29.7.tgz 11153ms (cache miss)
3908 http fetch GET 200 https://registry.npmjs.org/caniuse-lite/-/caniuse-lite-1.0.30001810.tgz 11223ms (cache miss)
3909 http fetch GET 200 https://registry.npmjs.org/@babel/helper-annotate-as-pure/-/helper-annotate-as-pure-7.29.7.tgz 11317ms (cache miss)
3910 http fetch GET 200 https://registry.npmjs.org/@babel/helper-member-expression-to-functions/-/helper-member-expression-to-functions-7.29.7.tgz 11470ms (cache miss)
3911 http fetch GET 200 https://registry.npmjs.org/@babel/helper-create-class-features-plugin/-/helper-create-class-features-plugin-7.29.7.tgz 11511ms (cache miss)
3912 http fetch GET 200 https://registry.npmjs.org/@babel/plugin-syntax-decorators/-/plugin-syntax-decorators-7.29.7.tgz 11597ms (cache miss)
3913 http fetch GET 200 https://registry.npmjs.org/@babel/helper-optimise-call-expression/-/helper-optimise-call-expression-7.29.7.tgz 11599ms (cache miss)
3914 http fetch GET 200 https://registry.npmjs.org/@react-native/codegen/-/codegen-0.86.3.tgz 11631ms (cache miss)
3915 http fetch GET 200 https://registry.npmjs.org/babel-plugin-transform-flow-enums/-/babel-plugin-transform-flow-enums-0.0.2.tgz 11664ms (cache miss)
3916 http fetch GET 200 https://registry.npmjs.org/babel-plugin-syntax-hermes-parser/-/babel-plugin-syntax-hermes-parser-0.36.1.tgz 11688ms (cache miss)
3917 http fetch GET 200 https://registry.npmjs.org/@babel/helper-skip-transparent-expression-wrappers/-/helper-skip-transparent-expression-wrappers-7.29.7.tgz 11730ms (cache miss)
3918 http fetch GET 200 https://registry.npmjs.org/@babel/helper-replace-supers/-/helper-replace-supers-7.29.7.tgz 11751ms (cache miss)
3919 http fetch GET 200 https://registry.npmjs.org/@babel/preset-typescript/-/preset-typescript-7.29.7.tgz 11827ms (cache miss)
3920 http fetch GET 200 https://registry.npmjs.org/babel-plugin-react-native-web/-/babel-plugin-react-native-web-0.21.2.tgz 11855ms (cache miss)
3921 http fetch GET 200 https://registry.npmjs.org/@react-native/babel-plugin-codegen/-/babel-plugin-codegen-0.86.3.tgz 12053ms (cache miss)
3922 http fetch GET 200 https://registry.npmjs.org/@babel/plugin-transform-unicode-regex/-/plugin-transform-unicode-regex-7.29.7.tgz 12054ms (cache miss)
3923 http fetch GET 200 https://registry.npmjs.org/@babel/plugin-transform-runtime/-/plugin-transform-runtime-7.29.7.tgz 12082ms (cache miss)
3924 http fetch GET 200 https://registry.npmjs.org/@babel/plugin-transform-typescript/-/plugin-transform-typescript-7.29.9.tgz 12119ms (cache miss)
3925 http fetch GET 200 https://registry.npmjs.org/@babel/plugin-transform-react-pure-annotations/-/plugin-transform-react-pure-annotations-7.29.7.tgz 12142ms (cache miss)
3926 http fetch GET 200 https://registry.npmjs.org/@babel/plugin-transform-react-jsx-development/-/plugin-transform-react-jsx-development-7.29.7.tgz 12226ms (cache miss)
3927 http fetch GET 200 https://registry.npmjs.org/@babel/plugin-transform-react-display-name/-/plugin-transform-react-display-name-7.29.7.tgz 12252ms (cache miss)
3928 http fetch GET 200 https://registry.npmjs.org/@babel/plugin-transform-private-property-in-object/-/plugin-transform-private-property-in-object-7.29.7.tgz 12259ms (cache miss)
3929 http fetch GET 200 https://registry.npmjs.org/@babel/plugin-transform-optional-chaining/-/plugin-transform-optional-chaining-7.29.7.tgz 12262ms (cache miss)
3930 http fetch GET 200 https://registry.npmjs.org/@babel/plugin-transform-private-methods/-/plugin-transform-private-methods-7.29.7.tgz 12550ms (cache miss)
3931 http fetch GET 200 https://registry.npmjs.org/@babel/plugin-transform-optional-catch-binding/-/plugin-transform-optional-catch-binding-7.29.7.tgz 12550ms (cache miss)
3932 http fetch GET 200 https://registry.npmjs.org/@babel/plugin-transform-parameters/-/plugin-transform-parameters-7.29.7.tgz 12621ms (cache miss)
3933 http fetch GET 200 https://registry.npmjs.org/@babel/plugin-transform-react-jsx/-/plugin-transform-react-jsx-7.29.7.tgz 12699ms (cache miss)
3934 http fetch GET 200 https://registry.npmjs.org/@babel/plugin-transform-named-capturing-groups-regex/-/plugin-transform-named-capturing-groups-regex-7.29.7.tgz 12708ms (cache miss)
3935 http fetch GET 200 https://registry.npmjs.org/@babel/plugin-transform-for-of/-/plugin-transform-for-of-7.29.7.tgz 12891ms (cache miss)
3936 http fetch GET 200 https://registry.npmjs.org/@babel/plugin-transform-logical-assignment-operators/-/plugin-transform-logical-assignment-operators-7.29.7.tgz 12923ms (cache miss)
3937 http fetch GET 200 https://registry.npmjs.org/@babel/plugin-transform-object-rest-spread/-/plugin-transform-object-rest-spread-7.29.7.tgz 12995ms (cache miss)
3938 http fetch GET 200 https://registry.npmjs.org/@babel/plugin-transform-flow-strip-types/-/plugin-transform-flow-strip-types-7.29.7.tgz 13071ms (cache miss)
3939 http fetch GET 200 https://registry.npmjs.org/@babel/plugin-transform-destructuring/-/plugin-transform-destructuring-7.29.7.tgz 13103ms (cache miss)
3940 http fetch GET 200 https://registry.npmjs.org/@babel/plugin-transform-class-static-block/-/plugin-transform-class-static-block-7.29.7.tgz 13132ms (cache miss)
3941 http fetch GET 200 https://registry.npmjs.org/@babel/plugin-transform-export-namespace-from/-/plugin-transform-export-namespace-from-7.29.7.tgz 13181ms (cache miss)
3942 http fetch GET 200 https://registry.npmjs.org/babel-plugin-react-compiler/-/babel-plugin-react-compiler-1.0.0.tgz 13212ms (cache miss)
3943 http fetch GET 200 https://registry.npmjs.org/@babel/plugin-transform-classes/-/plugin-transform-classes-7.29.7.tgz 13244ms (cache miss)
3944 http fetch GET 200 https://registry.npmjs.org/@babel/plugin-transform-async-to-generator/-/plugin-transform-async-to-generator-7.29.7.tgz 13264ms (cache miss)
3945 http fetch GET 200 https://registry.npmjs.org/@babel/plugin-transform-class-properties/-/plugin-transform-class-properties-7.29.7.tgz 13434ms (cache miss)
3946 http fetch GET 200 https://registry.npmjs.org/@babel/plugin-transform-async-generator-functions/-/plugin-transform-async-generator-functions-7.29.7.tgz 13516ms (cache miss)
3947 http fetch GET 200 https://registry.npmjs.org/@babel/plugin-transform-block-scoping/-/plugin-transform-block-scoping-7.29.7.tgz 13732ms (cache miss)
3948 http fetch GET 200 https://registry.npmjs.org/@babel/plugin-syntax-optional-chaining/-/plugin-syntax-optional-chaining-7.8.3.tgz 13738ms (cache miss)
3949 http fetch GET 200 https://registry.npmjs.org/@babel/plugin-syntax-dynamic-import/-/plugin-syntax-dynamic-import-7.8.3.tgz 13739ms (cache miss)
3950 http fetch GET 200 https://registry.npmjs.org/@babel/plugin-proposal-export-default-from/-/plugin-proposal-export-default-from-7.29.7.tgz 13814ms (cache miss)
3951 http fetch GET 200 https://registry.npmjs.org/@babel/plugin-transform-nullish-coalescing-operator/-/plugin-transform-nullish-coalescing-operator-7.29.7.tgz 13815ms (cache miss)
3952 http fetch GET 200 https://registry.npmjs.org/mime-types/-/mime-types-2.1.35.tgz 13827ms (cache miss)
3953 http fetch GET 200 https://registry.npmjs.org/@babel/plugin-syntax-nullish-coalescing-operator/-/plugin-syntax-nullish-coalescing-operator-7.8.3.tgz 13828ms (cache miss)
3954 http fetch GET 200 https://registry.npmjs.org/@babel/plugin-proposal-decorators/-/plugin-proposal-decorators-7.29.7.tgz 13828ms (cache miss)
3955 http fetch GET 200 https://registry.npmjs.org/serve-static/-/serve-static-1.16.3.tgz 14029ms (cache miss)
3956 http fetch GET 200 https://registry.npmjs.org/@types/node/-/node-26.6.1.tgz 14181ms (cache miss)
3957 http fetch GET 200 https://registry.npmjs.org/negotiator/-/negotiator-0.6.3.tgz 14268ms (cache miss)
3958 http fetch GET 200 https://registry.npmjs.org/open/-/open-7.4.2.tgz 14307ms (cache miss)
3959 http fetch GET 200 https://registry.npmjs.org/chromium-edge-launcher/-/chromium-edge-launcher-0.3.0.tgz 14310ms (cache miss)
3960 http fetch GET 200 https://registry.npmjs.org/chrome-launcher/-/chrome-launcher-0.15.2.tgz 14359ms (cache miss)
3961 http fetch GET 200 https://registry.npmjs.org/nullthrows/-/nullthrows-1.1.1.tgz 14416ms (cache miss)
3962 http fetch GET 200 https://registry.npmjs.org/@isaacs/ttlcache/-/ttlcache-1.4.1.tgz 15507ms (cache miss)
3963 http fetch GET 200 https://registry.npmjs.org/js-yaml/-/js-yaml-4.3.2.tgz 15577ms (cache miss)
3964 http fetch GET 200 https://registry.npmjs.org/cross-spawn/-/cross-spawn-7.0.6.tgz 15774ms (cache miss)
3965 http fetch GET 200 https://registry.npmjs.org/@jridgewell/resolve-uri/-/resolve-uri-3.1.2.tgz 15785ms (cache miss)
3966 http fetch GET 200 https://registry.npmjs.org/@babel/helper-plugin-utils/-/helper-plugin-utils-7.29.7.tgz 15829ms (cache miss)
3967 http fetch GET 200 https://registry.npmjs.org/@react-native/debugger-shell/-/debugger-shell-0.86.3.tgz 16059ms (cache miss)
3968 http fetch GET 200 https://registry.npmjs.org/@babel/plugin-transform-modules-commonjs/-/plugin-transform-modules-commonjs-7.29.7.tgz 16293ms (cache miss)
3969 http fetch GET 200 https://registry.npmjs.org/@react-native/normalize-colors/-/normalize-colors-0.86.3.tgz 16379ms (cache miss)
3970 http fetch GET 200 https://registry.npmjs.org/@babel/plugin-syntax-export-default-from/-/plugin-syntax-export-default-from-7.29.7.tgz 16784ms (cache miss)
3971 http fetch GET 200 https://registry.npmjs.org/walker/-/walker-1.0.8.tgz 17675ms (cache miss)
3972 http fetch GET 200 https://registry.npmjs.org/xmlbuilder/-/xmlbuilder-15.1.1.tgz 17760ms (cache miss)
3973 http fetch GET 200 https://registry.npmjs.org/invariant/-/invariant-2.2.4.tgz 17944ms (cache miss)
3974 http fetch GET 200 https://registry.npmjs.org/jest-worker/-/jest-worker-29.7.0.tgz 18259ms (cache miss)
3975 http fetch GET 200 https://registry.npmjs.org/fb-watchman/-/fb-watchman-2.0.2.tgz 18322ms (cache miss)
3976 http fetch GET 200 https://registry.npmjs.org/@babel/helper-module-imports/-/helper-module-imports-7.29.7.tgz 18848ms (cache miss)
3977 http fetch GET 200 https://registry.npmjs.org/@babel/helper-string-parser/-/helper-string-parser-7.29.7.tgz 19020ms (cache miss)
3978 http fetch GET 200 https://registry.npmjs.org/base64-js/-/base64-js-1.5.1.tgz 19197ms (cache miss)
3979 http fetch GET 200 https://registry.npmjs.org/@babel/helper-validator-option/-/helper-validator-option-7.29.7.tgz 19756ms (cache miss)
3980 http fetch GET 200 https://registry.npmjs.org/lru-cache/-/lru-cache-5.1.1.tgz 20871ms (cache miss)
3981 http fetch GET 200 https://registry.npmjs.org/@babel/compat-data/-/compat-data-7.29.7.tgz 21549ms (cache miss)
3982 http fetch GET 200 https://registry.npmjs.org/@babel/helper-globals/-/helper-globals-7.29.7.tgz 21646ms (cache miss)
3983 http fetch GET 200 https://registry.npmjs.org/jsesc/-/jsesc-3.1.0.tgz 22212ms (cache miss)
3984 http fetch GET 200 https://registry.npmjs.org/gensync/-/gensync-1.0.0-beta.2.tgz 22408ms (cache miss)
3985 http fetch GET 200 https://registry.npmjs.org/@jridgewell/trace-mapping/-/trace-mapping-0.3.31.tgz 22841ms (cache miss)
3986 http fetch GET 200 https://registry.npmjs.org/convert-source-map/-/convert-source-map-2.0.0.tgz 24569ms (cache miss)
3987 http fetch GET 200 https://registry.npmjs.org/@babel/traverse/-/traverse-7.29.8.tgz 25141ms (cache miss)
3988 http fetch GET 200 https://registry.npmjs.org/@babel/parser/-/parser-7.29.9.tgz 26914ms (cache miss)
3989 http fetch GET 200 https://registry.npmjs.org/browserslist/-/browserslist-4.29.0.tgz 27616ms (cache miss)
3990 http fetch GET 200 https://registry.npmjs.org/@babel/helper-compilation-targets/-/helper-compilation-targets-7.29.7.tgz 28383ms (cache miss)
3991 http fetch GET 200 https://registry.npmjs.org/@jridgewell/remapping/-/remapping-2.3.5.tgz 29471ms (cache miss)
3992 http fetch GET 200 https://registry.npmjs.org/@xmldom/xmldom/-/xmldom-0.8.15.tgz 29995ms (cache miss)
3993 http fetch GET 200 https://registry.npmjs.org/@jridgewell/gen-mapping/-/gen-mapping-0.3.13.tgz 30500ms (cache miss)
3994 http fetch GET 200 https://registry.npmjs.org/@jridgewell/sourcemap-codec/-/sourcemap-codec-1.6.0.tgz 31366ms (cache miss)
3995 http fetch GET 200 https://registry.npmjs.org/@babel/generator/-/generator-7.29.8.tgz 32565ms (cache miss)
3996 http fetch GET 200 https://registry.npmjs.org/postcss/-/postcss-8.5.28.tgz 34109ms (cache miss)
3997 http fetch GET 200 https://registry.npmjs.org/metro-transform-worker/-/metro-transform-worker-0.84.5.tgz 37033ms (cache miss)
3998 http fetch GET 200 https://registry.npmjs.org/jsc-safe-url/-/jsc-safe-url-0.2.4.tgz 37260ms (cache miss)
3999 http fetch GET 200 https://registry.npmjs.org/@babel/template/-/template-7.29.7.tgz 37642ms (cache miss)
4000 http fetch GET 200 https://registry.npmjs.org/@babel/core/-/core-7.29.7.tgz 37790ms (cache miss)
4001 http fetch GET 200 https://registry.npmjs.org/metro-runtime/-/metro-runtime-0.84.5.tgz 42462ms (cache miss)
4002 http fetch GET 200 https://registry.npmjs.org/@babel/helper-module-transforms/-/helper-module-transforms-7.29.7.tgz 44193ms (cache miss)
4003 http fetch GET 200 https://registry.npmjs.org/metro-source-map/-/metro-source-map-0.84.5.tgz 44550ms (cache miss)
4004 http fetch GET 200 https://registry.npmjs.org/metro-transform-plugins/-/metro-transform-plugins-0.84.5.tgz 44898ms (cache miss)
4005 http fetch GET 200 https://registry.npmjs.org/metro-symbolicate/-/metro-symbolicate-0.84.5.tgz 45531ms (cache miss)
4006 http fetch GET 200 https://registry.npmjs.org/metro-config/-/metro-config-0.84.5.tgz 46748ms (cache miss)
4007 http fetch GET 200 https://registry.npmjs.org/lightningcss/-/lightningcss-1.33.0.tgz 48224ms (cache miss)
4008 http fetch GET 200 https://registry.npmjs.org/lightningcss-darwin-arm64/-/lightningcss-darwin-arm64-1.33.0.tgz 48658ms (cache miss)
4009 http fetch GET 200 https://registry.npmjs.org/metro-cache-key/-/metro-cache-key-0.84.5.tgz 48761ms (cache miss)
4010 http fetch GET 200 https://registry.npmjs.org/metro-resolver/-/metro-resolver-0.84.5.tgz 49353ms (cache miss)
4011 http fetch GET 200 https://registry.npmjs.org/metro-core/-/metro-core-0.84.5.tgz 50165ms (cache miss)
4012 http fetch GET 200 https://registry.npmjs.org/metro-minify-terser/-/metro-minify-terser-0.84.5.tgz 51434ms (cache miss)
4013 http fetch GET 200 https://registry.npmjs.org/anser/-/anser-1.4.10.tgz 51784ms (cache miss)
4014 http fetch GET 200 https://registry.npmjs.org/js-tokens/-/js-tokens-4.0.0.tgz 52407ms (cache miss)
4015 http fetch GET 200 https://registry.npmjs.org/@babel/helper-validator-identifier/-/helper-validator-identifier-7.29.7.tgz 52600ms (cache miss)
4016 http fetch GET 200 https://registry.npmjs.org/json5/-/json5-2.2.3.tgz 53398ms (cache miss)
4017 http fetch GET 200 https://registry.npmjs.org/picocolors/-/picocolors-1.1.1.tgz 53753ms (cache miss)
4018 http fetch GET 200 https://registry.npmjs.org/micromatch/-/micromatch-4.0.8.tgz 53756ms (cache miss)
4019 http fetch GET 200 https://registry.npmjs.org/metro/-/metro-0.84.5.tgz 54072ms (cache miss)
4020 http fetch GET 200 https://registry.npmjs.org/hermes-parser/-/hermes-parser-0.36.1.tgz 54075ms (cache miss)
4021 http fetch GET 200 https://registry.npmjs.org/parse-png/-/parse-png-2.1.0.tgz 54302ms (cache miss)
4022 http fetch GET 200 https://registry.npmjs.org/ignore/-/ignore-5.3.2.tgz 54756ms (cache miss)
4023 http fetch GET 200 https://registry.npmjs.org/jimp-compact/-/jimp-compact-0.16.1.tgz 55164ms (cache miss)
4024 http fetch GET 200 https://registry.npmjs.org/xml2js/-/xml2js-0.6.0.tgz 55830ms (cache miss)
4025 http fetch GET 200 https://registry.npmjs.org/@expo/sudo-prompt/-/sudo-prompt-9.3.2.tgz 56721ms (cache miss)
4026 http fetch GET 200 https://registry.npmjs.org/metro-babel-transformer/-/metro-babel-transformer-0.84.5.tgz 56829ms (cache miss)
4027 http fetch GET 200 https://registry.npmjs.org/resolve-workspace-root/-/resolve-workspace-root-2.0.1.tgz 56829ms (cache miss)
4028 http fetch GET 200 https://registry.npmjs.org/@babel/code-frame/-/code-frame-7.29.7.tgz 56833ms (cache miss)
4029 http fetch GET 200 https://registry.npmjs.org/deepmerge/-/deepmerge-4.3.1.tgz 57860ms (cache miss)
4030 http fetch GET 200 https://registry.npmjs.org/zod/-/zod-3.25.76.tgz 58809ms (cache miss)
4031 http fetch GET 200 https://registry.npmjs.org/@expo/config-types/-/config-types-57.0.2.tgz 59937ms (cache miss)
4032 http fetch GET 200 https://registry.npmjs.org/structured-headers/-/structured-headers-0.4.1.tgz 60113ms (cache miss)
4033 http fetch GET 200 https://registry.npmjs.org/slugify/-/slugify-1.6.9.tgz 60300ms (cache miss)
4034 http fetch GET 200 https://registry.npmjs.org/@expo/sdk-runtime-versions/-/sdk-runtime-versions-1.0.0.tgz 60874ms (cache miss)
4035 http fetch GET 200 https://registry.npmjs.org/react-devtools-core/-/react-devtools-core-6.1.5.tgz 60900ms (cache miss)
4036 http fetch GET 200 https://registry.npmjs.org/xcode/-/xcode-3.0.1.tgz 61152ms (cache miss)
4037 http fetch GET 200 https://registry.npmjs.org/metro-cache/-/metro-cache-0.84.5.tgz 61574ms (cache miss)
4038 http fetch GET 200 https://registry.npmjs.org/stacktrace-parser/-/stacktrace-parser-0.1.11.tgz 62221ms (cache miss)
4039 http fetch GET 200 https://registry.npmjs.org/resolve-from/-/resolve-from-5.0.0.tgz 62268ms (cache miss)
4040 http fetch GET 200 https://registry.npmjs.org/terminal-link/-/terminal-link-2.1.1.tgz 62360ms (cache miss)
4041 http fetch GET 200 https://registry.npmjs.org/send/-/send-0.19.2.tgz 62658ms (cache miss)
4042 http fetch GET 200 https://registry.npmjs.org/prompts/-/prompts-2.4.2.tgz 62937ms (cache miss)
4043 http fetch GET 200 https://registry.npmjs.org/fb-dotslash/-/fb-dotslash-0.5.8.tgz 62990ms (cache miss)
4044 http fetch GET 200 https://registry.npmjs.org/toqr/-/toqr-0.1.1.tgz 62994ms (cache miss)
4045 http fetch GET 200 https://registry.npmjs.org/progress/-/progress-2.0.3.tgz 63308ms (cache miss)
4046 http fetch GET 200 https://registry.npmjs.org/semver/-/semver-7.8.5.tgz 63370ms (cache miss)
4047 http fetch GET 200 https://registry.npmjs.org/ora/-/ora-3.4.0.tgz 63766ms (cache miss)
4048 http fetch GET 200 https://registry.npmjs.org/wrap-ansi/-/wrap-ansi-7.0.0.tgz 63987ms (cache miss)
4049 http fetch GET 200 https://registry.npmjs.org/npm-package-arg/-/npm-package-arg-11.0.3.tgz 64067ms (cache miss)
4050 http fetch GET 200 https://registry.npmjs.org/lan-network/-/lan-network-0.2.1.tgz 64071ms (cache miss)
4051 http fetch GET 200 https://registry.npmjs.org/sandbox-cli-detector/-/sandbox-cli-detector-0.2.0.tgz 64072ms (cache miss)
4052 http fetch GET 200 https://registry.npmjs.org/picomatch/-/picomatch-4.0.7.tgz 64568ms (cache miss)
4053 http fetch GET 200 https://registry.npmjs.org/multitars/-/multitars-1.0.2.tgz 64685ms (cache miss)
4054 http fetch GET 200 https://registry.npmjs.org/dnssd-advertise/-/dnssd-advertise-1.1.6.tgz 65140ms (cache miss)
4055 http fetch GET 200 https://registry.npmjs.org/ci-info/-/ci-info-3.9.0.tgz 65199ms (cache miss)
4056 http fetch GET 200 https://registry.npmjs.org/fetch-nodeshim/-/fetch-nodeshim-0.4.10.tgz 65243ms (cache miss)
4057 http fetch GET 200 https://registry.npmjs.org/@babel/helpers/-/helpers-7.29.7.tgz 65485ms (cache miss)
4058 http fetch GET 200 https://registry.npmjs.org/compression/-/compression-1.8.2.tgz 65634ms (cache miss)
4059 http fetch GET 200 https://registry.npmjs.org/bplist-parser/-/bplist-parser-0.3.2.tgz 65854ms (cache miss)
4060 http fetch GET 200 https://registry.npmjs.org/chalk/-/chalk-4.1.2.tgz 66174ms (cache miss)
4061 http fetch GET 200 https://registry.npmjs.org/agent-cli-detector/-/agent-cli-detector-0.1.7.tgz 66308ms (cache miss)
4062 http fetch GET 200 https://registry.npmjs.org/minimatch/-/minimatch-10.2.6.tgz 66324ms (cache miss)
4063 http fetch GET 200 https://registry.npmjs.org/connect/-/connect-3.7.0.tgz 66532ms (cache miss)
4064 http fetch GET 200 https://registry.npmjs.org/arg/-/arg-5.0.2.tgz 66730ms (cache miss)
4065 http fetch GET 200 https://registry.npmjs.org/getenv/-/getenv-2.0.0.tgz 66985ms (cache miss)
4066 http fetch GET 200 https://registry.npmjs.org/@expo/xcpretty/-/xcpretty-4.4.5.tgz 67037ms (cache miss)
4067 http fetch GET 200 https://registry.npmjs.org/bplist-creator/-/bplist-creator-0.1.0.tgz 67221ms (cache miss)
4068 http fetch GET 200 https://registry.npmjs.org/accepts/-/accepts-1.3.8.tgz 67538ms (cache miss)
4069 http fetch GET 200 https://registry.npmjs.org/glob/-/glob-13.0.6.tgz 68170ms (cache miss)
4070 http fetch GET 200 https://registry.npmjs.org/@expo/spawn-async/-/spawn-async-1.8.0.tgz 68696ms (cache miss)
4071 http fetch GET 200 https://registry.npmjs.org/@react-native/dev-middleware/-/dev-middleware-0.86.3.tgz 68778ms (cache miss)
4072 http fetch GET 200 https://registry.npmjs.org/expo-server/-/expo-server-57.0.3.tgz 69165ms (cache miss)
4073 http fetch GET 200 https://registry.npmjs.org/@expo/ws-tunnel/-/ws-tunnel-2.0.0.tgz 69603ms (cache miss)
4074 http fetch GET 200 https://registry.npmjs.org/@expo/plist/-/plist-0.8.1.tgz 69908ms (cache miss)
4075 http fetch GET 200 https://registry.npmjs.org/@expo/router-server/-/router-server-57.0.10.tgz 70307ms (cache miss)
4076 http fetch GET 200 https://registry.npmjs.org/@expo/schema-utils/-/schema-utils-57.0.2.tgz 70910ms (cache miss)
4077 http fetch GET 200 https://registry.npmjs.org/node-forge/-/node-forge-1.4.0.tgz 71271ms (cache miss)
4078 http fetch GET 200 https://registry.npmjs.org/@expo/osascript/-/osascript-2.7.1.tgz 71357ms (cache miss)
4079 http fetch GET 200 https://registry.npmjs.org/@expo/prebuild-config/-/prebuild-config-57.0.16.tgz 71583ms (cache miss)
4080 http fetch GET 200 https://registry.npmjs.org/@expo/json-file/-/json-file-11.0.1.tgz 71665ms (cache miss)
4081 http fetch GET 200 https://registry.npmjs.org/ws/-/ws-8.21.3.tgz 71942ms (cache miss)
4082 http fetch GET 200 https://registry.npmjs.org/@expo/package-manager/-/package-manager-1.13.1.tgz 72093ms (cache miss)
4083 http fetch GET 200 https://registry.npmjs.org/@expo/metro-file-map/-/metro-file-map-57.0.3.tgz 72094ms (cache miss)
4084 http fetch GET 200 https://registry.npmjs.org/metro-file-map/-/metro-file-map-0.84.5.tgz 72357ms (cache miss)
4085 http fetch GET 200 https://registry.npmjs.org/@expo/inline-modules/-/inline-modules-0.1.7.tgz 72386ms (cache miss)
4086 http fetch GET 200 https://registry.npmjs.org/@expo/image-utils/-/image-utils-0.11.5.tgz 72653ms (cache miss)
4087 http fetch GET 200 https://registry.npmjs.org/@expo/env/-/env-2.4.3.tgz 72891ms (cache miss)
4088 http fetch GET 200 https://registry.npmjs.org/whatwg-url-minimum/-/whatwg-url-minimum-0.1.2.tgz 73070ms (cache miss)
4089 http fetch GET 200 https://registry.npmjs.org/pretty-format/-/pretty-format-29.7.0.tgz 73072ms (cache miss)
4090 http fetch GET 200 https://registry.npmjs.org/@expo/devcert/-/devcert-1.2.1.tgz 73377ms (cache miss)
4091 http fetch GET 200 https://registry.npmjs.org/expo-keep-awake/-/expo-keep-awake-57.0.2.tgz 73834ms (cache miss)
4092 http fetch GET 200 https://registry.npmjs.org/react-refresh/-/react-refresh-0.14.2.tgz 74056ms (cache miss)
4093 http fetch GET 200 https://registry.npmjs.org/@expo/code-signing-certificates/-/code-signing-certificates-0.0.6.tgz 74478ms (cache miss)
4094 http fetch GET 200 https://registry.npmjs.org/@expo/local-build-cache-provider/-/local-build-cache-provider-57.0.8.tgz 74762ms (cache miss)
4095 http fetch GET 200 https://registry.npmjs.org/@expo/metro/-/metro-56.0.2.tgz 75473ms (cache miss)
4096 http fetch GET 200 https://registry.npmjs.org/expo-asset/-/expo-asset-57.0.18.tgz 76154ms (cache miss)
4097 http fetch GET 200 https://registry.npmjs.org/@expo/devtools/-/devtools-57.0.1.tgz 76806ms (cache miss)
4098 http fetch GET 200 https://registry.npmjs.org/@expo/log-box/-/log-box-57.0.4.tgz 77069ms (cache miss)
4099 http fetch GET 200 https://registry.npmjs.org/@expo/metro-config/-/metro-config-57.0.12.tgz 78249ms (cache miss)
4100 http fetch GET 200 https://registry.npmjs.org/@expo/dom-webview/-/dom-webview-57.0.1.tgz 79421ms (cache miss)
4101 http fetch GET 200 https://registry.npmjs.org/babel-preset-expo/-/babel-preset-expo-57.0.12.tgz 80545ms (cache miss)
4102 http fetch GET 200 https://registry.npmjs.org/@expo/config-plugins/-/config-plugins-57.0.9.tgz 80780ms (cache miss)
4103 http fetch GET 200 https://registry.npmjs.org/react/-/react-19.3.0.tgz 81199ms (cache miss)
4104 http fetch GET 200 https://registry.npmjs.org/@expo/config/-/config-57.0.9.tgz 81471ms (cache miss)
4105 http fetch GET 200 https://registry.npmjs.org/@expo/fingerprint/-/fingerprint-0.20.13.tgz 82047ms (cache miss)
4106 http fetch GET 200 https://registry.npmjs.org/@expo/require-utils/-/require-utils-57.0.5.tgz 82655ms (cache miss)
4107 http fetch GET 200 https://registry.npmjs.org/expo-font/-/expo-font-57.0.4.tgz 82837ms (cache miss)
4108 http fetch GET 200 https://registry.npmjs.org/expo-modules-autolinking/-/expo-modules-autolinking-57.0.13.tgz 82925ms (cache miss)
4109 http fetch GET 200 https://registry.npmjs.org/@xmldom/xmldom/-/xmldom-0.9.12.tgz 83325ms (cache miss)
4110 http fetch GET 200 https://registry.npmjs.org/strip-ansi/-/strip-ansi-6.0.1.tgz 85277ms (cache miss)
4111 http fetch GET 200 https://registry.npmjs.org/ob1/-/ob1-0.87.1.tgz 85846ms (cache miss)
4112 http fetch GET 200 https://registry.npmjs.org/type-fest/-/type-fest-0.21.3.tgz 86512ms (cache miss)
4113 http fetch GET 200 https://registry.npmjs.org/ws/-/ws-7.5.13.tgz 87975ms (cache miss)
4114 http fetch GET 200 https://registry.npmjs.org/@ungap/structured-clone/-/structured-clone-1.4.0.tgz 88053ms (cache miss)
4115 http fetch GET 200 https://registry.npmjs.org/negotiator/-/negotiator-1.1.0.tgz 88572ms (cache miss)
4116 http fetch GET 200 https://registry.npmjs.org/metro-transform-plugins/-/metro-transform-plugins-0.87.1.tgz 92823ms (cache miss)
4117 http fetch GET 200 https://registry.npmjs.org/bplist-parser/-/bplist-parser-0.3.1.tgz 93027ms (cache miss)
4118 http fetch GET 200 https://registry.npmjs.org/@babel/runtime/-/runtime-7.29.7.tgz 93650ms (cache miss)
4119 http fetch GET 200 https://registry.npmjs.org/expo/-/expo-57.0.24.tgz 93674ms (cache miss)
4120 http fetch GET https://registry.npmjs.org/expo-constants/-/expo-constants-57.0.19.tgz attempt 1 failed with ECONNRESET
4121 http fetch GET 200 https://registry.npmjs.org/metro-transform-worker/-/metro-transform-worker-0.87.1.tgz 94381ms (cache miss)
4122 http fetch GET 200 https://registry.npmjs.org/metro-core/-/metro-core-0.87.1.tgz 94573ms (cache miss)
4123 http fetch GET 200 https://registry.npmjs.org/@expo/cli/-/cli-57.0.26.tgz 95415ms (cache miss)
4124 http fetch GET 200 https://registry.npmjs.org/metro-resolver/-/metro-resolver-0.87.1.tgz 95616ms (cache miss)
4125 http fetch GET 200 https://registry.npmjs.org/metro-symbolicate/-/metro-symbolicate-0.87.1.tgz 96044ms (cache miss)
4126 http fetch GET 200 https://registry.npmjs.org/metro-minify-terser/-/metro-minify-terser-0.87.1.tgz 96554ms (cache miss)
4127 http fetch GET 200 https://registry.npmjs.org/metro-cache-key/-/metro-cache-key-0.87.1.tgz 96553ms (cache miss)
4128 http fetch GET 200 https://registry.npmjs.org/metro-config/-/metro-config-0.87.1.tgz 96562ms (cache miss)
4129 http fetch GET 200 https://registry.npmjs.org/strip-ansi/-/strip-ansi-6.0.1.tgz 97042ms (cache miss)
4130 http fetch GET 200 https://registry.npmjs.org/mime-types/-/mime-types-3.0.2.tgz 98155ms (cache miss)
4131 http fetch GET 200 https://registry.npmjs.org/accepts/-/accepts-2.0.0.tgz 98385ms (cache miss)
4132 http fetch GET 200 https://registry.npmjs.org/@react-native/debugger-frontend/-/debugger-frontend-0.86.3.tgz 98538ms (cache miss)
4133 http fetch GET 200 https://registry.npmjs.org/ws/-/ws-7.5.13.tgz 98565ms (cache miss)
4134 http fetch GET 200 https://registry.npmjs.org/metro-cache/-/metro-cache-0.87.1.tgz 98653ms (cache miss)
4135 http fetch GET 200 https://registry.npmjs.org/debug/-/debug-4.4.3.tgz 100632ms (cache miss)
4136 http fetch GET 200 https://registry.npmjs.org/metro-babel-transformer/-/metro-babel-transformer-0.87.1.tgz 100952ms (cache miss)
4137 http fetch GET 200 https://registry.npmjs.org/@react-native/dev-middleware/-/dev-middleware-0.87.1.tgz 101275ms (cache miss)
4138 http fetch GET 200 https://registry.npmjs.org/metro-runtime/-/metro-runtime-0.87.1.tgz 102263ms (cache miss)
4139 http fetch GET 200 https://registry.npmjs.org/ansi-regex/-/ansi-regex-4.1.1.tgz 102995ms (cache miss)
4140 http fetch GET 200 https://registry.npmjs.org/has-flag/-/has-flag-3.0.0.tgz 103427ms (cache miss)
4141 http fetch GET 200 https://registry.npmjs.org/statuses/-/statuses-2.0.2.tgz 103880ms (cache miss)
4142 http fetch GET 200 https://registry.npmjs.org/metro/-/metro-0.87.1.tgz 104559ms (cache miss)
4143 http fetch GET 200 https://registry.npmjs.org/color-name/-/color-name-1.1.3.tgz 105189ms (cache miss)
4144 http fetch GET 200 https://registry.npmjs.org/supports-color/-/supports-color-5.5.0.tgz 105515ms (cache miss)
4145 http fetch GET 200 https://registry.npmjs.org/ansi-styles/-/ansi-styles-3.2.1.tgz 105759ms (cache miss)
4146 http fetch GET 200 https://registry.npmjs.org/ms/-/ms-2.0.0.tgz 106084ms (cache miss)
4147 http fetch GET 200 https://registry.npmjs.org/chalk/-/chalk-2.4.2.tgz 106438ms (cache miss)
4148 http fetch GET 200 https://registry.npmjs.org/lru-cache/-/lru-cache-10.4.3.tgz 106439ms (cache miss)
4149 http fetch GET https://registry.npmjs.org/metro-file-map/-/metro-file-map-0.87.1.tgz attempt 1 failed with ECONNRESET
4150 http fetch GET 200 https://registry.npmjs.org/color-convert/-/color-convert-1.9.3.tgz 107074ms (cache miss)
4151 http fetch GET 200 https://registry.npmjs.org/ms/-/ms-2.0.0.tgz 108010ms (cache miss)
4152 http fetch GET 200 https://registry.npmjs.org/debug/-/debug-2.6.9.tgz 108076ms (cache miss)
4153 http fetch GET 200 https://registry.npmjs.org/debug/-/debug-2.6.9.tgz 109759ms (cache miss)
4154 http fetch GET 200 https://registry.npmjs.org/@expo/expo-modules-macros-plugin/-/expo-modules-macros-plugin-0.6.1.tgz 109897ms (cache miss)
4155 http fetch GET 200 https://registry.npmjs.org/source-map/-/source-map-0.6.1.tgz 110878ms (cache miss)
4156 http fetch GET 200 https://registry.npmjs.org/semver/-/semver-6.3.1.tgz 111567ms (cache miss)
4157 http fetch GET 200 https://registry.npmjs.org/hermes-estree/-/hermes-estree-0.36.0.tgz 111682ms (cache miss)
4158 http fetch GET 200 https://registry.npmjs.org/picomatch/-/picomatch-2.3.2.tgz 112489ms (cache miss)
4159 http fetch GET 200 https://registry.npmjs.org/semver/-/semver-6.3.1.tgz 113148ms (cache miss)
4160 http fetch GET 200 https://registry.npmjs.org/encodeurl/-/encodeurl-2.0.0.tgz 113322ms (cache miss)
4161 http fetch GET 200 https://registry.npmjs.org/mime-db/-/mime-db-1.52.0.tgz 115264ms (cache miss)
4162 http fetch GET 200 https://registry.npmjs.org/semver/-/semver-6.3.1.tgz 115540ms (cache miss)
4163 http fetch GET 200 https://registry.npmjs.org/hermes-parser/-/hermes-parser-0.36.0.tgz 116526ms (cache miss)
4164 http fetch GET 200 https://registry.npmjs.org/semver/-/semver-6.3.1.tgz 116663ms (cache miss)
4165 http fetch GET 200 https://registry.npmjs.org/supports-color/-/supports-color-8.1.1.tgz 117066ms (cache miss)
4166 http fetch GET 200 https://registry.npmjs.org/lru-cache/-/lru-cache-11.5.2.tgz 117691ms (cache miss)
4167 http fetch GET 200 https://registry.npmjs.org/picomatch/-/picomatch-2.3.2.tgz 118724ms (cache miss)
4168 http fetch GET 200 https://registry.npmjs.org/metro-source-map/-/metro-source-map-0.87.1.tgz 118865ms (cache miss)
4169 http fetch GET 200 https://registry.npmjs.org/negotiator/-/negotiator-1.1.0.tgz 119134ms (cache miss)
4170 http fetch GET 200 https://registry.npmjs.org/ws/-/ws-7.5.13.tgz 119267ms (cache miss)
4171 http fetch GET 200 https://registry.npmjs.org/ci-info/-/ci-info-2.0.0.tgz 120224ms (cache miss)
4172 http fetch GET 200 https://registry.npmjs.org/semver/-/semver-6.3.1.tgz 120348ms (cache miss)
4173 http fetch GET 200 https://registry.npmjs.org/mime-types/-/mime-types-3.0.2.tgz 120765ms (cache miss)
4174 http fetch GET 200 https://registry.npmjs.org/hermes-parser/-/hermes-parser-0.35.0.tgz 121801ms (cache miss)
4175 http fetch GET 200 https://registry.npmjs.org/strip-ansi/-/strip-ansi-6.0.1.tgz 122505ms (cache miss)
4176 http fetch GET 200 https://registry.npmjs.org/encodeurl/-/encodeurl-2.0.0.tgz 123361ms (cache miss)
4177 http fetch GET 200 https://registry.npmjs.org/accepts/-/accepts-2.0.0.tgz 123537ms (cache miss)
4178 http fetch GET 200 https://registry.npmjs.org/statuses/-/statuses-2.0.2.tgz 124682ms (cache miss)
4179 http fetch GET 200 https://registry.npmjs.org/xmlbuilder/-/xmlbuilder-11.0.1.tgz 124767ms (cache miss)
4180 http fetch GET 200 https://registry.npmjs.org/color-convert/-/color-convert-1.9.3.tgz 126420ms (cache miss)
4181 http fetch GET 200 https://registry.npmjs.org/color-name/-/color-name-1.1.3.tgz 127916ms (cache miss)
4182 http fetch GET 200 https://registry.npmjs.org/on-finished/-/on-finished-2.4.1.tgz 127991ms (cache miss)
4183 http fetch GET 200 https://registry.npmjs.org/ms/-/ms-2.0.0.tgz 128051ms (cache miss)
4184 http fetch GET 200 https://registry.npmjs.org/commander/-/commander-2.20.3.tgz 128718ms (cache miss)
4185 http fetch GET 200 https://registry.npmjs.org/debug/-/debug-2.6.9.tgz 129301ms (cache miss)
4186 http fetch GET 200 https://registry.npmjs.org/hermes-parser/-/hermes-parser-0.35.0.tgz 129321ms (cache miss)
4187 http fetch GET 200 https://registry.npmjs.org/@react-native/debugger-shell/-/debugger-shell-0.87.1.tgz 129500ms (cache miss)
4188 http fetch GET 200 https://registry.npmjs.org/hermes-estree/-/hermes-estree-0.35.0.tgz 130580ms (cache miss)
4189 http fetch GET 200 https://registry.npmjs.org/escape-string-regexp/-/escape-string-regexp-1.0.5.tgz 130618ms (cache miss)
4190 http fetch GET 200 https://registry.npmjs.org/supports-color/-/supports-color-5.5.0.tgz 130646ms (cache miss)
4191 http fetch GET https://registry.npmjs.org/escape-string-regexp/-/escape-string-regexp-1.0.5.tgz attempt 1 failed with ECONNRESET
4192 http fetch GET 200 https://registry.npmjs.org/has-flag/-/has-flag-3.0.0.tgz 131161ms (cache miss)
4193 http fetch GET 200 https://registry.npmjs.org/ms/-/ms-2.0.0.tgz 131862ms (cache miss)
4194 http fetch GET 200 https://registry.npmjs.org/ansi-styles/-/ansi-styles-3.2.1.tgz 132090ms (cache miss)
4195 http fetch GET 200 https://registry.npmjs.org/debug/-/debug-2.6.9.tgz 132092ms (cache miss)
4196 http fetch GET 200 https://registry.npmjs.org/chalk/-/chalk-2.4.2.tgz 132455ms (cache miss)
4197 http fetch GET 200 https://registry.npmjs.org/ms/-/ms-2.0.0.tgz 132455ms (cache miss)
4198 http fetch GET 200 https://registry.npmjs.org/ansi-styles/-/ansi-styles-5.2.0.tgz 132455ms (cache miss)
4199 http fetch GET 200 https://registry.npmjs.org/negotiator/-/negotiator-0.6.4.tgz 132546ms (cache miss)
4200 http fetch GET 200 https://registry.npmjs.org/debug/-/debug-3.2.7.tgz 133221ms (cache miss)
4201 http fetch GET 200 https://registry.npmjs.org/ob1/-/ob1-0.87.1.tgz 133977ms (cache miss)
4202 http fetch GET 200 https://registry.npmjs.org/metro-symbolicate/-/metro-symbolicate-0.87.1.tgz 134022ms (cache miss)
4203 http fetch GET 200 https://registry.npmjs.org/ws/-/ws-7.5.13.tgz 134081ms (cache miss)
4204 http fetch GET 200 https://registry.npmjs.org/metro-source-map/-/metro-source-map-0.87.1.tgz 134164ms (cache miss)
4205 http fetch GET 200 https://registry.npmjs.org/commander/-/commander-12.1.0.tgz 135244ms (cache miss)
4206 http fetch GET 200 https://registry.npmjs.org/semver/-/semver-6.3.1.tgz 135835ms (cache miss)
4207 http fetch GET 200 https://registry.npmjs.org/@react-native/normalize-colors/-/normalize-colors-0.87.1.tgz 135857ms (cache miss)
4208 http fetch GET 200 https://registry.npmjs.org/expo-constants/-/expo-constants-57.0.19.tgz 136371ms attempt #2 (cache miss)
4209 http fetch GET 200 https://registry.npmjs.org/uuid 136404ms (cache miss)
4210 silly packumentCache corgi:https://registry.npmjs.org/uuid set size:undefined disposed:false
4211 silly packumentCache corgi:https://registry.npmjs.org/xcode cache-miss
4212 http fetch GET 200 https://registry.npmjs.org/metro-file-map/-/metro-file-map-0.87.1.tgz 137675ms attempt #2 (cache miss)
4213 http fetch GET 200 https://registry.npmjs.org/@react-native/codegen/-/codegen-0.87.1.tgz 138987ms (cache miss)
4214 http fetch GET 200 https://registry.npmjs.org/metro-runtime/-/metro-runtime-0.87.1.tgz 140612ms (cache miss)
4215 http fetch GET 200 https://registry.npmjs.org/escape-string-regexp/-/escape-string-regexp-1.0.5.tgz 143570ms attempt #2 (cache miss)
4216 http fetch GET 200 https://registry.npmjs.org/react-native/-/react-native-0.87.1.tgz 144414ms (cache miss)
4217 http fetch GET 200 https://registry.npmjs.org/ws/-/ws-7.5.13.tgz 144919ms (cache miss)
4218 http fetch GET 200 https://registry.npmjs.org/hermes-estree/-/hermes-estree-0.35.0.tgz 147897ms (cache miss)
4219 http fetch GET https://registry.npmjs.org/debug/-/debug-2.6.9.tgz attempt 1 failed with ECONNRESET
4220 http fetch GET 200 https://registry.npmjs.org/debug/-/debug-2.6.9.tgz 170312ms attempt #2 (cache miss)
4221 http fetch GET 200 https://registry.npmjs.org/xcode 43717ms (cache miss)
4222 silly packumentCache corgi:https://registry.npmjs.org/xcode set size:undefined disposed:false
4223 silly packumentCache corgi:https://registry.npmjs.org/@expo%2fconfig-plugins cache-miss
4224 http fetch GET 200 https://registry.npmjs.org/@expo%2fconfig-plugins 3622ms (cache miss)
4225 silly packumentCache corgi:https://registry.npmjs.org/@expo%2fconfig-plugins set size:undefined disposed:false
4226 silly packumentCache corgi:https://registry.npmjs.org/expo cache-miss
4227 silly packumentCache corgi:https://registry.npmjs.org/@expo%2fcli cache-miss
4228 silly packumentCache corgi:https://registry.npmjs.org/@expo%2fconfig cache-miss
4229 silly packumentCache corgi:https://registry.npmjs.org/@expo%2finline-modules cache-miss
4230 silly packumentCache corgi:https://registry.npmjs.org/@expo%2fprebuild-config cache-miss
4231 http fetch GET 200 https://registry.npmjs.org/expo 631ms (cache revalidated)
4232 silly packumentCache corgi:https://registry.npmjs.org/expo set size:1899185 disposed:false
4233 http fetch GET 200 https://registry.npmjs.org/@expo%2finline-modules 682ms (cache miss)
4234 silly packumentCache corgi:https://registry.npmjs.org/@expo%2finline-modules set size:undefined disposed:false
4235 http fetch GET 200 https://registry.npmjs.org/@expo%2fprebuild-config 1769ms (cache miss)
4236 silly packumentCache corgi:https://registry.npmjs.org/@expo%2fprebuild-config set size:undefined disposed:false
4237 http fetch GET 200 https://registry.npmjs.org/@expo%2fcli 3108ms (cache miss)
4238 silly packumentCache corgi:https://registry.npmjs.org/@expo%2fcli set size:undefined disposed:false
4239 http fetch GET 200 https://registry.npmjs.org/@expo%2fconfig 3653ms (cache miss)
4240 silly packumentCache corgi:https://registry.npmjs.org/@expo%2fconfig set size:undefined disposed:false
4241 silly packumentCache corgi:https://registry.npmjs.org/@expo%2fdom-webview cache-miss
4242 silly packumentCache corgi:https://registry.npmjs.org/@expo%2flog-box cache-miss
4243 silly packumentCache corgi:https://registry.npmjs.org/@expo%2fmetro-config cache-miss
4244 silly packumentCache corgi:https://registry.npmjs.org/babel-preset-expo cache-miss
4245 silly packumentCache corgi:https://registry.npmjs.org/expo-asset cache-miss
4246 silly packumentCache corgi:https://registry.npmjs.org/expo-constants cache-miss
4247 silly packumentCache corgi:https://registry.npmjs.org/expo-file-system cache-miss
4248 silly packumentCache corgi:https://registry.npmjs.org/expo-font cache-miss
4249 silly packumentCache corgi:https://registry.npmjs.org/expo-keep-awake cache-miss
4250 silly packumentCache corgi:https://registry.npmjs.org/@expo%2frouter-server cache-miss
4251 http fetch GET 200 https://registry.npmjs.org/@expo%2flog-box 682ms (cache miss)
4252 silly packumentCache corgi:https://registry.npmjs.org/@expo%2flog-box set size:undefined disposed:false
4253 http fetch GET 200 https://registry.npmjs.org/@expo%2fmetro-config 983ms (cache miss)
4254 silly packumentCache corgi:https://registry.npmjs.org/@expo%2fmetro-config set size:undefined disposed:false
4255 http fetch GET 200 https://registry.npmjs.org/expo-keep-awake 1265ms (cache miss)
4256 silly packumentCache corgi:https://registry.npmjs.org/expo-keep-awake set size:undefined disposed:false
4257 http fetch GET 200 https://registry.npmjs.org/hermes-compiler/-/hermes-compiler-250829098.0.17.tgz 189829ms (cache miss)
4258 http fetch GET 200 https://registry.npmjs.org/expo-constants 2203ms (cache miss)
4259 silly packumentCache corgi:https://registry.npmjs.org/expo-constants set size:undefined disposed:false
4260 http fetch GET 200 https://registry.npmjs.org/expo-font 2382ms (cache miss)
4261 silly packumentCache corgi:https://registry.npmjs.org/expo-font set size:undefined disposed:false
4262 http fetch GET 200 https://registry.npmjs.org/expo-asset 2839ms (cache miss)
4263 silly packumentCache corgi:https://registry.npmjs.org/expo-asset set size:undefined disposed:false
4264 http fetch GET 200 https://registry.npmjs.org/babel-preset-expo 3021ms (cache miss)
4265 silly packumentCache corgi:https://registry.npmjs.org/babel-preset-expo set size:undefined disposed:false
4266 http fetch GET 200 https://registry.npmjs.org/@react-native/debugger-frontend/-/debugger-frontend-0.87.1.tgz 194920ms (cache miss)
4267 http fetch GET 200 https://registry.npmjs.org/@expo%2fdom-webview 8046ms (cache miss)
4268 silly packumentCache corgi:https://registry.npmjs.org/@expo%2fdom-webview set size:undefined disposed:false
4269 http fetch GET 200 https://registry.npmjs.org/@expo%2frouter-server 8365ms (cache miss)
4270 silly packumentCache corgi:https://registry.npmjs.org/@expo%2frouter-server set size:undefined disposed:false
4271 http fetch GET 200 https://registry.npmjs.org/expo-file-system 12683ms (cache miss)
4272 silly packumentCache corgi:https://registry.npmjs.org/expo-file-system set size:undefined disposed:false
4273 silly packumentCache corgi:https://registry.npmjs.org/@expo%2flocal-build-cache-provider cache-miss
4274 http fetch GET 200 https://registry.npmjs.org/@expo%2flocal-build-cache-provider 565ms (cache miss)
4275 silly packumentCache corgi:https://registry.npmjs.org/@expo%2flocal-build-cache-provider set size:undefined disposed:false
4276 http fetch GET 200 https://registry.npmjs.org/expo-file-system/-/expo-file-system-57.0.7.tgz 215328ms (cache miss)
4277 http fetch GET 200 https://registry.npmjs.org/expo-modules-core/-/expo-modules-core-57.0.18.tgz 291415ms (cache miss)
4278 verbose stack Error: read ETIMEDOUT
4278 verbose stack     at TLSWrap.onStreamRead (node:internal/stream_base_commons:216:20)
4279 error code ETIMEDOUT
4280 error syscall read
4281 error errno -60
4282 error network read ETIMEDOUT
4283 error network This is a problem related to network connectivity.
4283 error network In most cases you are behind a proxy or have bad network settings.
4283 error network
4283 error network If you are behind a proxy, please make sure that the 'proxy' config is set properly.  See: 'npm help config'
4284 silly unfinished npm timer reify 1789751102392
4285 silly unfinished npm timer reify:unpack 1789751394629
4286 silly unfinished npm timer reifyNode:node_modules/@babel/types 1789751394631
4287 verbose cwd /Users/shyamkuamr/Documents/luvstor-app/frontend
4288 verbose os Darwin 25.6.0
4289 verbose node v24.21.0
4290 verbose npm  v11.19.0
4291 notice
4291 notice New [31mmajor[39m version of npm available! [31m11.19.0[39m -> [34m12.0.2[39m
4291 notice Changelog: [34mhttps://github.com/npm/cli/releases/tag/v12.0.2[39m
4291 notice To update run: [4mnpm install -g npm@12.0.2[24m
4291 notice  { force: true, Symbol(proc-log.meta): true }
4292 verbose exit -60
4293 verbose code -60
4294 error A complete log of this run can be found in: /Users/shyamkuamr/Documents/luvstor-app/frontend/D:/npm-cache/_logs/2026-09-18T17_04_55_230Z-debug-0.log
