0 verbose cli /Users/shyamkuamr/.nvm/versions/node/v24.21.0/bin/node /Users/shyamkuamr/.nvm/versions/node/v24.21.0/bin/npm
1 info using npm@11.19.0
2 info using node@v24.21.0
3 silly config load:file:/Users/shyamkuamr/.nvm/versions/node/v24.21.0/lib/node_modules/npm/npmrc
4 silly config load:file:/Users/shyamkuamr/Documents/luvstor-app/frontend/.npmrc
5 silly config load:file:/Users/shyamkuamr/.npmrc
6 silly config load:file:/Users/shyamkuamr/.nvm/versions/node/v24.21.0/etc/npmrc
7 verbose title npm install
8 verbose argv "install"
9 verbose logfile logs-max:10 dir:/Users/shyamkuamr/Documents/luvstor-app/frontend/D:/npm-cache/_logs/2026-09-18T17_16_31_206Z-
10 verbose logfile /Users/shyamkuamr/Documents/luvstor-app/frontend/D:/npm-cache/_logs/2026-09-18T17_16_31_206Z-debug-0.log
11 silly logfile done cleaning log files
12 silly packumentCache heap:2348810240 maxSize:587202560 maxEntrySize:293601280
13 silly idealTree buildDeps
14 silly reify moves {}
15 silly audit bulk request {
15 silly audit   '@babel/code-frame': [ '7.29.7' ],
15 silly audit   '@babel/compat-data': [ '7.29.7' ],
15 silly audit   '@babel/core': [ '7.29.0' ],
15 silly audit   '@babel/generator': [ '7.29.8' ],
15 silly audit   '@babel/helper-annotate-as-pure': [ '7.29.7' ],
15 silly audit   '@babel/helper-compilation-targets': [ '7.29.7' ],
15 silly audit   '@babel/helper-create-class-features-plugin': [ '7.29.7' ],
15 silly audit   '@babel/helper-create-regexp-features-plugin': [ '7.29.7' ],
15 silly audit   '@babel/helper-define-polyfill-provider': [ '0.6.8' ],
15 silly audit   resolve: [ '1.22.12', '2.0.0-next.6' ],
15 silly audit   '@babel/helper-globals': [ '7.29.7' ],
15 silly audit   '@babel/helper-member-expression-to-functions': [ '7.29.7' ],
15 silly audit   '@babel/helper-module-imports': [ '7.29.7' ],
15 silly audit   '@babel/helper-module-transforms': [ '7.28.6' ],
15 silly audit   '@babel/helper-optimise-call-expression': [ '7.29.7' ],
15 silly audit   '@babel/helper-plugin-utils': [ '7.29.7' ],
15 silly audit   '@babel/helper-remap-async-to-generator': [ '7.29.7' ],
15 silly audit   '@babel/helper-replace-supers': [ '7.29.7' ],
15 silly audit   '@babel/helper-skip-transparent-expression-wrappers': [ '7.29.7' ],
15 silly audit   '@babel/helper-string-parser': [ '7.29.7' ],
15 silly audit   '@babel/helper-validator-identifier': [ '7.29.7' ],
15 silly audit   '@babel/helper-validator-option': [ '7.29.7' ],
15 silly audit   '@babel/helper-wrap-function': [ '7.29.7' ],
15 silly audit   '@babel/helpers': [ '7.29.2' ],
15 silly audit   '@babel/parser': [ '7.29.8' ],
15 silly audit   '@babel/plugin-proposal-decorators': [ '7.29.7' ],
15 silly audit   '@babel/plugin-proposal-export-default-from': [ '7.29.7' ],
15 silly audit   '@babel/plugin-syntax-decorators': [ '7.29.7' ],
15 silly audit   '@babel/plugin-syntax-dynamic-import': [ '7.8.3' ],
15 silly audit   '@babel/plugin-syntax-export-default-from': [ '7.29.7' ],
15 silly audit   '@babel/plugin-syntax-flow': [ '7.29.7' ],
15 silly audit   '@babel/plugin-syntax-jsx': [ '7.29.7' ],
15 silly audit   '@babel/plugin-syntax-nullish-coalescing-operator': [ '7.8.3' ],
15 silly audit   '@babel/plugin-syntax-optional-chaining': [ '7.8.3' ],
15 silly audit   '@babel/plugin-syntax-typescript': [ '7.28.6' ],
15 silly audit   '@babel/plugin-transform-arrow-functions': [ '7.29.7' ],
15 silly audit   '@babel/plugin-transform-async-generator-functions': [ '7.29.7' ],
15 silly audit   '@babel/plugin-transform-async-to-generator': [ '7.29.7' ],
15 silly audit   '@babel/plugin-transform-block-scoping': [ '7.29.7' ],
15 silly audit   '@babel/plugin-transform-class-properties': [ '7.28.6' ],
15 silly audit   '@babel/plugin-transform-class-static-block': [ '7.29.7' ],
15 silly audit   '@babel/plugin-transform-classes': [ '7.28.6' ],
15 silly audit   '@babel/plugin-transform-destructuring': [ '7.29.7' ],
15 silly audit   '@babel/plugin-transform-export-namespace-from': [ '7.29.7' ],
15 silly audit   '@babel/plugin-transform-flow-strip-types': [ '7.29.7' ],
15 silly audit   '@babel/plugin-transform-for-of': [ '7.29.7' ],
15 silly audit   '@babel/plugin-transform-logical-assignment-operators': [ '7.29.7' ],
15 silly audit   '@babel/plugin-transform-modules-commonjs': [ '7.28.6' ],
15 silly audit   '@babel/plugin-transform-named-capturing-groups-regex': [ '7.29.7' ],
15 silly audit   '@babel/plugin-transform-nullish-coalescing-operator': [ '7.28.6' ],
15 silly audit   '@babel/plugin-transform-object-rest-spread': [ '7.29.7' ],
15 silly audit   '@babel/plugin-transform-optional-catch-binding': [ '7.29.7' ],
15 silly audit   '@babel/plugin-transform-optional-chaining': [ '7.28.6' ],
15 silly audit   '@babel/plugin-transform-parameters': [ '7.29.7' ],
15 silly audit   '@babel/plugin-transform-private-methods': [ '7.29.7' ],
15 silly audit   '@babel/plugin-transform-private-property-in-object': [ '7.29.7' ],
15 silly audit   '@babel/plugin-transform-react-display-name': [ '7.29.7' ],
15 silly audit   '@babel/plugin-transform-react-jsx': [ '7.29.7' ],
15 silly audit   '@babel/plugin-transform-react-jsx-development': [ '7.29.7' ],
15 silly audit   '@babel/plugin-transform-react-jsx-self': [ '7.29.7' ],
15 silly audit   '@babel/plugin-transform-react-jsx-source': [ '7.29.7' ],
15 silly audit   '@babel/plugin-transform-react-pure-annotations': [ '7.29.7' ],
15 silly audit   '@babel/plugin-transform-regenerator': [ '7.29.8' ],
15 silly audit   '@babel/plugin-transform-runtime': [ '7.29.7' ],
15 silly audit   '@babel/plugin-transform-shorthand-properties': [ '7.29.7' ],
15 silly audit   '@babel/plugin-transform-template-literals': [ '7.29.7' ],
15 silly audit   '@babel/plugin-transform-typescript': [ '7.28.6' ],
15 silly audit   '@babel/plugin-transform-unicode-regex': [ '7.27.1' ],
15 silly audit   '@babel/preset-typescript': [ '7.28.5' ],
15 silly audit   '@babel/runtime': [ '7.29.2' ],
15 silly audit   '@babel/template': [ '7.29.7' ],
15 silly audit   '@babel/traverse': [ '7.29.8' ],
15 silly audit   '@babel/types': [ '7.29.8' ],
15 silly audit   '@egjs/hammerjs': [ '2.0.17' ],
15 silly audit   '@emnapi/core': [ '1.10.0' ],
15 silly audit   '@emnapi/runtime': [ '1.10.0' ],
15 silly audit   '@emnapi/wasi-threads': [ '1.2.1' ],
15 silly audit   '@eslint-community/eslint-utils': [ '4.9.1' ],
15 silly audit   'eslint-visitor-keys': [ '3.4.3', '5.0.1', '4.2.1' ],
15 silly audit   '@eslint-community/regexpp': [ '4.12.2' ],
15 silly audit   '@eslint/config-array': [ '0.21.2' ],
15 silly audit   '@eslint/config-helpers': [ '0.4.2' ],
15 silly audit   '@eslint/core': [ '0.17.0' ],
15 silly audit   '@eslint/eslintrc': [ '3.3.5' ],
15 silly audit   '@eslint/js': [ '9.39.4' ],
15 silly audit   '@eslint/object-schema': [ '2.1.7' ],
15 silly audit   '@eslint/plugin-kit': [ '0.4.1' ],
15 silly audit   '@expo-google-fonts/dancing-script': [ '0.4.2' ],
15 silly audit   '@expo-google-fonts/material-symbols': [ '0.4.47' ],
15 silly audit   '@expo/code-signing-certificates': [ '0.0.6' ],
15 silly audit   '@expo/config': [ '57.0.9' ],
15 silly audit   '@expo/config-plugins': [ '57.0.9' ],
15 silly audit   semver: [ '7.8.5', '7.8.0', '6.3.1' ],
15 silly audit   '@expo/config-types': [ '57.0.2' ],
15 silly audit   '@expo/devcert': [ '1.2.1' ],
15 silly audit   debug: [ '3.2.7', '2.6.9', '4.4.3', '4.3.4' ],
15 silly audit   '@expo/devtools': [ '57.0.1' ],
15 silly audit   '@expo/dom-webview': [ '57.0.1' ],
15 silly audit   '@expo/env': [ '2.4.3' ],
15 silly audit   '@expo/expo-modules-macros-plugin': [ '0.6.1' ],
15 silly audit   '@expo/fingerprint': [ '0.20.12' ],
15 silly audit   'balanced-match': [ '4.0.4', '1.0.2' ],
15 silly audit   'brace-expansion': [ '5.0.9', '5.0.6', '1.1.14' ],
15 silly audit   minimatch: [ '10.2.6', '10.2.5', '3.1.5' ],
15 silly audit   '@expo/image-utils': [ '0.11.5' ],
15 silly audit   '@expo/inline-modules': [ '0.1.7' ],
15 silly audit   '@expo/json-file': [ '11.0.1' ],
15 silly audit   '@expo/local-build-cache-provider': [ '57.0.8' ],
15 silly audit   '@expo/log-box': [ '57.0.4' ],
15 silly audit   '@expo/metro': [ '56.0.2' ],
15 silly audit   '@expo/metro-config': [ '57.0.12' ],
15 silly audit   '@expo/metro-file-map': [ '57.0.3' ],
15 silly audit   '@expo/metro-runtime': [ '57.0.15' ],
15 silly audit   'hermes-estree': [ '0.35.0', '0.36.0', '0.25.1', '0.36.1' ],
15 silly audit   'hermes-parser': [ '0.35.0', '0.36.0', '0.25.1', '0.36.1' ],
15 silly audit   metro: [ '0.84.5', '0.84.6' ],
15 silly audit   'metro-babel-transformer': [ '0.84.5', '0.84.6' ],
15 silly audit   'metro-cache': [ '0.84.5', '0.84.6' ],
15 silly audit   'metro-cache-key': [ '0.84.5', '0.84.6' ],
15 silly audit   'metro-config': [ '0.84.5', '0.84.6' ],
15 silly audit   'metro-core': [ '0.84.5', '0.84.6' ],
15 silly audit   'metro-file-map': [ '0.84.5', '0.84.6' ],
15 silly audit   'metro-minify-terser': [ '0.84.5', '0.84.6' ],
15 silly audit   'metro-resolver': [ '0.84.5', '0.84.6' ],
15 silly audit   'metro-runtime': [ '0.84.5', '0.84.6' ],
15 silly audit   'metro-source-map': [ '0.84.5', '0.84.6' ],
15 silly audit   'metro-symbolicate': [ '0.84.5', '0.84.6' ],
15 silly audit   'metro-transform-plugins': [ '0.84.5', '0.84.6' ],
15 silly audit   'metro-transform-worker': [ '0.84.5', '0.84.6' ],
15 silly audit   ob1: [ '0.84.5', '0.84.6' ],
15 silly audit   '@expo/ngrok': [ '4.1.3' ],
15 silly audit   '@expo/ngrok-bin': [ '2.3.42' ],
15 silly audit   '@expo/ngrok-bin-darwin-arm64': [ '2.3.41' ],
15 silly audit   '@expo/ngrok-bin-darwin-x64': [ '2.3.41' ],
15 silly audit   '@expo/ngrok-bin-freebsd-ia32': [ '2.3.41' ],
15 silly audit   '@expo/ngrok-bin-freebsd-x64': [ '2.3.41' ],
15 silly audit   '@expo/ngrok-bin-linux-arm': [ '2.3.41' ],
15 silly audit   '@expo/ngrok-bin-linux-arm64': [ '2.3.41' ],
15 silly audit   '@expo/ngrok-bin-linux-ia32': [ '2.3.41' ],
15 silly audit   '@expo/ngrok-bin-linux-x64': [ '2.3.41' ],
15 silly audit   '@expo/ngrok-bin-sunos-x64': [ '2.3.41' ],
15 silly audit   '@expo/ngrok-bin-win32-ia32': [ '2.3.41' ],
15 silly audit   '@expo/ngrok-bin-win32-x64': [ '2.3.41' ],
15 silly audit   uuid: [ '3.4.0', '7.0.3' ],
15 silly audit   yaml: [ '1.10.3', '2.9.0' ],
15 silly audit   '@expo/osascript': [ '2.7.1' ],
15 silly audit   '@expo/package-manager': [ '1.13.1' ],
15 silly audit   '@expo/plist': [ '0.8.1' ],
15 silly audit   '@expo/prebuild-config': [ '57.0.15' ],
15 silly audit   '@expo/require-utils': [ '57.0.5' ],
15 silly audit   '@expo/schema-utils': [ '57.0.2' ],
15 silly audit   '@expo/sdk-runtime-versions': [ '1.0.0' ],
15 silly audit   '@expo/spawn-async': [ '1.8.0' ],
15 silly audit   '@expo/sudo-prompt': [ '9.3.2' ],
15 silly audit   '@expo/ui': [ '57.0.17' ],
15 silly audit   '@expo/vector-icons': [ '15.1.1' ],
15 silly audit   '@expo/xcpretty': [ '4.4.5' ],
15 silly audit   '@humanfs/core': [ '0.19.2' ],
15 silly audit   '@humanfs/node': [ '0.16.8' ],
15 silly audit   '@humanfs/types': [ '0.15.0' ],
15 silly audit   '@humanwhocodes/module-importer': [ '1.0.1' ],
15 silly audit   '@humanwhocodes/retry': [ '0.4.3' ],
15 silly audit   '@isaacs/ttlcache': [ '1.4.1' ],
15 silly audit   '@jest/schemas': [ '29.6.3' ],
15 silly audit   '@jest/types': [ '29.6.3' ],
15 silly audit   '@jridgewell/gen-mapping': [ '0.3.13' ],
15 silly audit   '@jridgewell/remapping': [ '2.3.5' ],
15 silly audit   '@jridgewell/resolve-uri': [ '3.1.2' ],
15 silly audit   '@jridgewell/source-map': [ '0.3.11' ],
15 silly audit   '@jridgewell/sourcemap-codec': [ '1.5.5' ],
15 silly audit   '@jridgewell/trace-mapping': [ '0.3.31' ],
15 silly audit   '@napi-rs/wasm-runtime': [ '0.2.12' ],
15 silly audit   '@nolyfill/is-core-module': [ '1.0.39' ],
15 silly audit   '@radix-ui/primitive': [ '1.1.3' ],
15 silly audit   '@radix-ui/react-compose-refs': [ '1.1.2' ],
15 silly audit   '@radix-ui/react-context': [ '1.1.2' ],
15 silly audit   '@radix-ui/react-direction': [ '1.1.1' ],
15 silly audit   '@radix-ui/react-focus-guards': [ '1.1.3' ],
15 silly audit   '@radix-ui/react-id': [ '1.1.1' ],
15 silly audit   '@radix-ui/react-slot': [ '1.2.0', '1.2.3' ],
15 silly audit   '@radix-ui/react-use-callback-ref': [ '1.1.1' ],
15 silly audit   '@radix-ui/react-use-controllable-state': [ '1.2.2' ],
15 silly audit   '@radix-ui/react-use-effect-event': [ '0.0.2' ],
15 silly audit   '@radix-ui/react-use-escape-keydown': [ '1.1.1' ],
15 silly audit   '@radix-ui/react-use-layout-effect': [ '1.1.1' ],
15 silly audit   '@react-native-async-storage/async-storage': [ '2.2.0' ],
15 silly audit   '@react-native-google-signin/google-signin': [ '16.1.4' ],
15 silly audit   '@react-native-masked-view/masked-view': [ '0.3.2' ],
15 silly audit   '@react-native/assets-registry': [ '0.86.3' ],
15 silly audit   '@react-native/babel-plugin-codegen': [ '0.86.3' ],
15 silly audit   '@react-native/babel-preset': [ '0.86.3' ],
15 silly audit   'babel-plugin-syntax-hermes-parser': [ '0.36.0', '0.36.1' ],
15 silly audit   '@react-native/codegen': [ '0.86.3' ],
15 silly audit   '@react-native/community-cli-plugin': [ '0.86.3' ],
15 silly audit   '@react-native/debugger-frontend': [ '0.86.3' ],
15 silly audit   '@react-native/debugger-shell': [ '0.86.3' ],
15 silly audit   '@react-native/dev-middleware': [ '0.86.3' ],
15 silly audit   '@react-native/gradle-plugin': [ '0.86.3' ],
15 silly audit   '@react-native/js-polyfills': [ '0.86.3' ],
15 silly audit   '@react-native/metro-babel-transformer': [ '0.86.3' ],
15 silly audit   '@react-native/metro-config': [ '0.86.3' ],
15 silly audit   '@react-native/normalize-colors': [ '0.86.3', '0.74.89' ],
15 silly audit   '@rtsao/scc': [ '1.1.0' ],
15 silly audit   '@sinclair/typebox': [ '0.27.10' ],
15 silly audit   '@sindresorhus/is': [ '4.6.0' ],
15 silly audit   '@socket.io/component-emitter': [ '3.1.2' ],
15 silly audit   '@szmarczak/http-timer': [ '4.0.6' ],
15 silly audit   '@tybys/wasm-util': [ '0.10.2' ],
15 silly audit   '@types/cacheable-request': [ '6.0.3' ],
15 silly audit   '@types/emscripten': [ '1.41.6' ],
15 silly audit   '@types/estree': [ '1.0.9' ],
15 silly audit   '@types/hammerjs': [ '2.0.46' ],
15 silly audit   '@types/http-cache-semantics': [ '4.2.0' ],
15 silly audit   '@types/istanbul-lib-coverage': [ '2.0.6' ],
15 silly audit   '@types/istanbul-lib-report': [ '3.0.3' ],
15 silly audit   '@types/istanbul-reports': [ '3.0.4' ],
15 silly audit   '@types/json-schema': [ '7.0.15' ],
15 silly audit   '@types/json5': [ '0.0.29' ],
15 silly audit   '@types/keyv': [ '3.1.4' ],
15 silly audit   '@types/node': [ '25.6.2' ],
15 silly audit   '@types/react': [ '19.2.18' ],
15 silly audit   '@types/react-test-renderer': [ '19.3.0' ],
15 silly audit   '@types/responselike': [ '1.0.3' ],
15 silly audit   '@types/yargs': [ '17.0.35' ],
15 silly audit   '@types/yargs-parser': [ '21.0.3' ],
15 silly audit   '@typescript-eslint/eslint-plugin': [ '8.59.3' ],
15 silly audit   ignore: [ '7.0.5', '5.3.2' ],
15 silly audit   '@typescript-eslint/parser': [ '8.59.3' ],
15 silly audit   '@typescript-eslint/project-service': [ '8.59.3' ],
15 silly audit   '@typescript-eslint/scope-manager': [ '8.59.3' ],
15 silly audit   '@typescript-eslint/tsconfig-utils': [ '8.59.3' ],
15 silly audit   '@typescript-eslint/type-utils': [ '8.59.3' ],
15 silly audit   '@typescript-eslint/types': [ '8.59.3' ],
15 silly audit   '@typescript-eslint/typescript-estree': [ '8.59.3' ],
15 silly audit   '@typescript-eslint/utils': [ '8.59.3' ],
15 silly audit   '@typescript-eslint/visitor-keys': [ '8.59.3' ],
15 silly audit   '@ungap/structured-clone': [ '1.3.1' ],
15 silly audit   '@unrs/resolver-binding-android-arm-eabi': [ '1.11.1' ],
15 silly audit   '@unrs/resolver-binding-android-arm64': [ '1.11.1' ],
15 silly audit   '@unrs/resolver-binding-darwin-arm64': [ '1.11.1' ],
15 silly audit   '@unrs/resolver-binding-darwin-x64': [ '1.11.1' ],
15 silly audit   '@unrs/resolver-binding-freebsd-x64': [ '1.11.1' ],
15 silly audit   '@unrs/resolver-binding-linux-arm-gnueabihf': [ '1.11.1' ],
15 silly audit   '@unrs/resolver-binding-linux-arm-musleabihf': [ '1.11.1' ],
15 silly audit   '@unrs/resolver-binding-linux-arm64-gnu': [ '1.11.1' ],
15 silly audit   '@unrs/resolver-binding-linux-arm64-musl': [ '1.11.1' ],
15 silly audit   '@unrs/resolver-binding-linux-ppc64-gnu': [ '1.11.1' ],
15 silly audit   '@unrs/resolver-binding-linux-riscv64-gnu': [ '1.11.1' ],
15 silly audit   '@unrs/resolver-binding-linux-riscv64-musl': [ '1.11.1' ],
15 silly audit   '@unrs/resolver-binding-linux-s390x-gnu': [ '1.11.1' ],
15 silly audit   '@unrs/resolver-binding-linux-x64-gnu': [ '1.11.1' ],
15 silly audit   '@unrs/resolver-binding-linux-x64-musl': [ '1.11.1' ],
15 silly audit   '@unrs/resolver-binding-wasm32-wasi': [ '1.11.1' ],
15 silly audit   '@unrs/resolver-binding-win32-arm64-msvc': [ '1.11.1' ],
15 silly audit   '@unrs/resolver-binding-win32-ia32-msvc': [ '1.11.1' ],
15 silly audit   '@unrs/resolver-binding-win32-x64-msvc': [ '1.11.1' ],
15 silly audit   '@xmldom/xmldom': [ '0.8.13', '0.9.10' ],
15 silly audit   'abort-controller': [ '3.0.0' ],
15 silly audit   accepts: [ '2.0.0', '1.3.8' ],
15 silly audit   acorn: [ '8.16.0' ],
15 silly audit   'acorn-jsx': [ '5.3.2' ],
15 silly audit   'agent-base': [ '7.1.4' ],
15 silly audit   'agent-cli-detector': [ '0.1.7' ],
15 silly audit   ajv: [ '6.15.0' ],
15 silly audit   anser: [ '1.4.10' ],
15 silly audit   'ansi-escapes': [ '4.3.2' ],
15 silly audit   'type-fest': [ '0.21.3', '0.7.1', '5.9.0' ],
15 silly audit   'ansi-regex': [ '5.0.1', '4.1.1' ],
15 silly audit   'ansi-styles': [ '4.3.0', '3.2.1', '5.2.0' ],
15 silly audit   arg: [ '5.0.2' ],
15 silly audit   argparse: [ '2.0.1' ],
15 silly audit   'aria-hidden': [ '1.2.6' ],
15 silly audit   'array-buffer-byte-length': [ '1.0.2' ],
15 silly audit   'array-includes': [ '3.1.9' ],
15 silly audit   'array.prototype.findlast': [ '1.2.5' ],
15 silly audit   'array.prototype.findlastindex': [ '1.2.6' ],
15 silly audit   'array.prototype.flat': [ '1.3.3' ],
15 silly audit   'array.prototype.flatmap': [ '1.3.3' ],
15 silly audit   'array.prototype.tosorted': [ '1.1.4' ],
15 silly audit   'arraybuffer.prototype.slice': [ '1.0.4' ],
15 silly audit   asap: [ '2.0.6' ],
15 silly audit   'async-function': [ '1.0.0' ],
15 silly audit   'available-typed-arrays': [ '1.0.7' ],
15 silly audit   'babel-plugin-polyfill-corejs2': [ '0.4.17' ],
15 silly audit   'babel-plugin-polyfill-corejs3': [ '0.13.0' ],
15 silly audit   'babel-plugin-polyfill-regenerator': [ '0.6.8' ],
15 silly audit   'babel-plugin-react-compiler': [ '1.0.0' ],
15 silly audit   'babel-plugin-react-native-web': [ '0.21.2' ],
15 silly audit   'babel-plugin-transform-flow-enums': [ '0.0.2' ],
15 silly audit   'babel-preset-expo': [ '57.0.11' ],
15 silly audit   badgin: [ '1.2.3' ],
15 silly audit   'barcode-detector': [ '3.2.2' ],
15 silly audit   'base64-js': [ '1.5.1' ],
15 silly audit   'baseline-browser-mapping': [ '2.11.22' ],
15 silly audit   'big-integer': [ '1.6.52' ],
15 silly audit   boolbase: [ '1.0.0' ],
15 silly audit   'bplist-creator': [ '0.1.0' ],
15 silly audit   'bplist-parser': [ '0.3.1' ],
15 silly audit   braces: [ '3.0.3' ],
15 silly audit   browserslist: [ '4.28.9' ],
15 silly audit   bser: [ '2.1.1' ],
15 silly audit   'buffer-from': [ '1.1.2' ],
15 silly audit   bytes: [ '3.1.2' ],
15 silly audit   'cacheable-lookup': [ '5.0.4' ],
15 silly audit   'cacheable-request': [ '7.0.4' ],
15 silly audit   'call-bind': [ '1.0.9' ],
15 silly audit   'call-bind-apply-helpers': [ '1.0.2' ],
15 silly audit   'call-bound': [ '1.0.4' ],
15 silly audit   callsites: [ '3.1.0' ],
15 silly audit   camelcase: [ '6.3.0' ],
15 silly audit   'caniuse-lite': [ '1.0.30001810' ],
15 silly audit   chalk: [ '4.1.2', '2.4.2' ],
15 silly audit   'chrome-launcher': [ '0.15.2' ],
15 silly audit   'chromium-edge-launcher': [ '0.3.0' ],
15 silly audit   'ci-info': [ '2.0.0', '3.9.0' ],
15 silly audit   'cli-cursor': [ '2.1.0' ],
15 silly audit   'cli-spinners': [ '2.9.2' ],
15 silly audit   'client-only': [ '0.0.1' ],
15 silly audit   cliui: [ '8.0.1' ],
15 silly audit   clone: [ '1.0.4' ],
15 silly audit   'clone-response': [ '1.0.3' ],
15 silly audit   color: [ '4.2.3' ],
15 silly audit   'color-convert': [ '2.0.1', '1.9.3' ],
15 silly audit   'color-name': [ '1.1.4', '1.1.3' ],
15 silly audit   'color-string': [ '1.9.1' ],
15 silly audit   commander: [ '7.2.0', '12.1.0', '2.20.3' ],
15 silly audit   compressible: [ '2.0.18' ],
15 silly audit   compression: [ '1.8.1' ],
15 silly audit   ms: [ '2.0.0', '2.1.3', '2.1.2' ],
15 silly audit   negotiator: [ '0.6.4', '0.6.3', '1.1.0' ],
15 silly audit   'concat-map': [ '0.0.1' ],
15 silly audit   connect: [ '3.7.0' ],
15 silly audit   'content-type': [ '2.1.0' ],
15 silly audit   'convert-source-map': [ '2.0.0' ],
15 silly audit   'core-js-compat': [ '3.50.0' ],
15 silly audit   'cross-fetch': [ '3.2.0' ],
15 silly audit   'cross-spawn': [ '7.0.6' ],
15 silly audit   'css-in-js-utils': [ '3.1.0' ],
15 silly audit   'css-select': [ '5.2.2' ],
15 silly audit   'css-tree': [ '1.1.3' ],
15 silly audit   'source-map': [ '0.6.1', '0.5.7' ],
15 silly audit   'css-what': [ '6.2.2' ],
15 silly audit   csstype: [ '3.2.3' ],
15 silly audit   'data-view-buffer': [ '1.0.2' ],
15 silly audit   'data-view-byte-length': [ '1.0.2' ],
15 silly audit   'data-view-byte-offset': [ '1.0.1' ],
15 silly audit   'decode-uri-component': [ '0.2.2' ],
15 silly audit   'decompress-response': [ '6.0.0' ],
15 silly audit   'mimic-response': [ '3.1.0', '1.0.1' ],
15 silly audit   'deep-is': [ '0.1.4' ],
15 silly audit   deepmerge: [ '4.3.1' ],
15 silly audit   defaults: [ '1.0.4' ],
15 silly audit   'defer-to-connect': [ '2.0.1' ],
15 silly audit   'define-data-property': [ '1.1.4' ],
15 silly audit   'define-properties': [ '1.2.1' ],
15 silly audit   depd: [ '2.0.0' ],
15 silly audit   destroy: [ '1.2.0' ],
15 silly audit   'detect-libc': [ '2.1.2' ],
15 silly audit   'detect-node-es': [ '1.1.0' ],
15 silly audit   'dnssd-advertise': [ '1.1.6' ],
15 silly audit   doctrine: [ '2.1.0' ],
15 silly audit   'dom-serializer': [ '2.0.0' ],
15 silly audit   domelementtype: [ '2.3.0' ],
15 silly audit   domhandler: [ '5.0.3' ],
15 silly audit   domutils: [ '3.2.2' ],
15 silly audit   'dunder-proto': [ '1.0.1' ],
15 silly audit   'ee-first': [ '1.1.1' ],
15 silly audit   'electron-to-chromium': [ '1.5.427' ],
15 silly audit   'emoji-regex': [ '8.0.0' ],
15 silly audit   encodeurl: [ '1.0.2', '2.0.0' ],
15 silly audit   'end-of-stream': [ '1.4.5' ],
15 silly audit   'engine.io-client': [ '6.6.6' ],
15 silly audit   ws: [ '8.21.0', '8.21.3', '7.5.10' ],
15 silly audit   'engine.io-parser': [ '5.2.3' ],
15 silly audit   entities: [ '4.5.0' ],
15 silly audit   'error-stack-parser': [ '2.1.4' ],
15 silly audit   'es-abstract': [ '1.24.2' ],
15 silly audit   'es-define-property': [ '1.0.1' ],
15 silly audit   'es-errors': [ '1.3.0' ],
15 silly audit   'es-iterator-helpers': [ '1.3.2' ],
15 silly audit   'es-object-atoms': [ '1.1.1' ],
15 silly audit   'es-set-tostringtag': [ '2.1.0' ],
15 silly audit   'es-shim-unscopables': [ '1.1.0' ],
15 silly audit   'es-to-primitive': [ '1.3.0' ],
15 silly audit   escalade: [ '3.2.0' ],
15 silly audit   'escape-html': [ '1.0.3' ],
15 silly audit   'escape-string-regexp': [ '4.0.0', '1.0.5' ],
15 silly audit   eslint: [ '9.39.4' ],
15 silly audit   'eslint-config-expo': [ '57.0.2' ],
15 silly audit   globals: [ '16.5.0', '14.0.0' ],
15 silly audit   'eslint-import-resolver-node': [ '0.3.10' ],
15 silly audit   'eslint-import-resolver-typescript': [ '3.10.1' ],
15 silly audit   'eslint-module-utils': [ '2.12.1' ],
15 silly audit   'eslint-plugin-expo': [ '1.1.0' ],
15 silly audit   'eslint-plugin-import': [ '2.32.0' ],
15 silly audit   'eslint-plugin-react': [ '7.37.5' ],
15 silly audit   'eslint-plugin-react-hooks': [ '7.1.1' ],
15 silly audit   'eslint-scope': [ '8.4.0' ],
15 silly audit   espree: [ '10.4.0' ],
15 silly audit   esquery: [ '1.7.0' ],
15 silly audit   esrecurse: [ '4.3.0' ],
15 silly audit   estraverse: [ '5.3.0' ],
15 silly audit   esutils: [ '2.0.3' ],
15 silly audit   etag: [ '1.8.1' ],
15 silly audit   'event-target-shim': [ '5.0.1', '6.0.2' ],
15 silly audit   expo: [ '57.0.21' ],
15 silly audit   'expo-application': [ '57.0.2' ],
15 silly audit   'expo-asset': [ '57.0.16' ],
15 silly audit   'expo-audio': [ '57.0.4' ],
15 silly audit   'expo-auth-session': [ '57.0.11' ],
15 silly audit   'expo-blur': [ '57.0.2' ],
15 silly audit   'expo-build-properties': [ '57.0.17' ],
15 silly audit   'expo-camera': [ '57.0.5' ],
15 silly audit   'expo-clipboard': [ '57.0.1' ],
15 silly audit   'expo-constants': [ '57.0.17' ],
15 silly audit   'expo-crypto': [ '57.0.2' ],
15 silly audit   'expo-device': [ '57.0.1' ],
15 silly audit   'ua-parser-js': [ '0.7.41', '1.0.41' ],
15 silly audit   'expo-file-system': [ '57.0.6' ],
15 silly audit   'expo-font': [ '57.0.3' ],
15 silly audit   'expo-glass-effect': [ '57.0.2' ],
15 silly audit   'expo-haptics': [ '57.0.2' ],
15 silly audit   'expo-image': [ '57.0.4' ],
15 silly audit   'expo-image-loader': [ '57.0.1' ],
15 silly audit   'expo-image-manipulator': [ '57.0.16' ],
15 silly audit   'expo-image-picker': [ '57.0.16' ],
15 silly audit   'expo-keep-awake': [ '57.0.1' ],
15 silly audit   'expo-linear-gradient': [ '57.0.1' ],
15 silly audit   'expo-linking': [ '57.0.9' ],
15 silly audit   'expo-location': [ '57.0.16' ],
15 silly audit   'expo-modules-autolinking': [ '57.0.12' ],
15 silly audit   'expo-modules-jsi': [ '57.1.0' ],
15 silly audit   'expo-notifications': [ '57.0.17' ],
15 silly audit   'expo-router': [ '57.0.20' ],
15 silly audit   '@radix-ui/react-collection': [ '1.1.7' ],
15 silly audit   '@radix-ui/react-presence': [ '1.1.5' ],
15 silly audit   '@radix-ui/react-primitive': [ '2.1.3' ],
15 silly audit   '@radix-ui/react-roving-focus': [ '1.1.11' ],
15 silly audit   '@radix-ui/react-tabs': [ '1.1.13' ],
15 silly audit   'expo-screen-capture': [ '57.0.2' ],
15 silly audit   'expo-server': [ '57.0.3' ],
15 silly audit   'expo-splash-screen': [ '57.0.8' ],
15 silly audit   'expo-status-bar': [ '57.0.1' ],
15 silly audit   'expo-symbols': [ '57.0.2' ],
15 silly audit   'expo-system-ui': [ '57.0.3' ],
15 silly audit   'expo-web-browser': [ '57.0.2' ],
15 silly audit   '@expo/cli': [ '57.0.23' ],
15 silly audit   '@expo/router-server': [ '57.0.9' ],
15 silly audit   '@expo/ws-tunnel': [ '2.0.0' ],
15 silly audit   'expo-modules-core': [ '57.0.17' ],
15 silly audit   'mime-db': [ '1.52.0', '1.54.0' ],
15 silly audit   'mime-types': [ '2.1.35', '3.0.2' ],
15 silly audit   'exponential-backoff': [ '3.1.3' ],
15 silly audit   'fast-deep-equal': [ '3.1.3' ],
15 silly audit   'fast-json-stable-stringify': [ '2.1.0' ],
15 silly audit   'fast-levenshtein': [ '2.0.6' ],
15 silly audit   'fb-dotslash': [ '0.5.8' ],
15 silly audit   'fb-watchman': [ '2.0.2' ],
15 silly audit   fbjs: [ '3.0.5' ],
15 silly audit   'fbjs-css-vars': [ '1.0.2' ],
15 silly audit   promise: [ '7.3.1', '8.3.0' ],
15 silly audit   fdir: [ '6.5.0' ],
15 silly audit   'fetch-nodeshim': [ '0.4.10' ],
15 silly audit   'file-entry-cache': [ '8.0.0' ],
15 silly audit   'fill-range': [ '7.1.1' ],
15 silly audit   'filter-obj': [ '1.1.0' ],
15 silly audit   finalhandler: [ '1.1.2' ],
15 silly audit   'find-up': [ '5.0.0' ],
15 silly audit   'flat-cache': [ '4.0.1' ],
15 silly audit   flatted: [ '3.4.2' ],
15 silly audit   'flow-enums-runtime': [ '0.0.6' ],
15 silly audit   fontfaceobserver: [ '2.3.0' ],
15 silly audit   'for-each': [ '0.3.5' ],
15 silly audit   fresh: [ '0.5.2' ],
15 silly audit   'function-bind': [ '1.1.2' ],
15 silly audit   'function.prototype.name': [ '1.1.8' ],
15 silly audit   'functions-have-names': [ '1.2.3' ],
15 silly audit   'generator-function': [ '2.0.1' ],
15 silly audit   gensync: [ '1.0.0-beta.2' ],
15 silly audit   'get-caller-file': [ '2.0.5' ],
15 silly audit   'get-intrinsic': [ '1.3.0' ],
15 silly audit   'get-nonce': [ '1.0.1' ],
15 silly audit   'get-proto': [ '1.0.1' ],
15 silly audit   'get-stream': [ '5.2.0' ],
15 silly audit   'get-symbol-description': [ '1.1.0' ],
15 silly audit   'get-tsconfig': [ '4.14.0' ],
15 silly audit   getenv: [ '2.0.0' ],
15 silly audit   glob: [ '13.0.6' ],
15 silly audit   'glob-parent': [ '6.0.2' ],
15 silly audit   globalthis: [ '1.0.4' ],
15 silly audit   gopd: [ '1.2.0' ],
15 silly audit   got: [ '11.8.6' ],
15 silly audit   'graceful-fs': [ '4.2.11' ],
15 silly audit   'has-bigints': [ '1.1.0' ],
15 silly audit   'has-flag': [ '4.0.0', '3.0.0' ],
15 silly audit   'has-property-descriptors': [ '1.0.2' ],
15 silly audit   'has-proto': [ '1.2.0' ],
15 silly audit   'has-symbols': [ '1.1.0' ],
15 silly audit   'has-tostringtag': [ '1.0.2' ],
15 silly audit   hasown: [ '2.0.3' ],
15 silly audit   'hermes-compiler': [ '250829098.0.17' ],
15 silly audit   'hoist-non-react-statics': [ '3.3.2' ],
15 silly audit   'react-is': [ '16.13.1', '18.3.1', '19.2.6' ],
15 silly audit   'hosted-git-info': [ '7.0.2' ],
15 silly audit   'lru-cache': [ '10.4.3', '5.1.1', '11.3.6' ],
15 silly audit   'http-cache-semantics': [ '4.2.0' ],
15 silly audit   'http-errors': [ '2.0.1' ],
15 silly audit   statuses: [ '2.0.2', '1.5.0' ],
15 silly audit   'http2-wrapper': [ '1.0.3' ],
15 silly audit   'https-proxy-agent': [ '7.0.6' ],
15 silly audit   'hyphenate-style-name': [ '1.1.0' ],
15 silly audit   'import-fresh': [ '3.3.1' ],
15 silly audit   'resolve-from': [ '4.0.0', '5.0.0' ],
15 silly audit   imurmurhash: [ '0.1.4' ],
15 silly audit   inherits: [ '2.0.4' ],
15 silly audit   'inline-style-prefixer': [ '7.0.1' ],
15 silly audit   'internal-slot': [ '1.1.0' ],
15 silly audit   invariant: [ '2.2.4' ],
15 silly audit   'is-array-buffer': [ '3.0.5' ],
15 silly audit   'is-arrayish': [ '0.3.4' ],
15 silly audit   'is-async-function': [ '2.1.1' ],
15 silly audit   'is-bigint': [ '1.1.0' ],
15 silly audit   'is-boolean-object': [ '1.2.2' ],
15 silly audit   'is-bun-module': [ '2.0.0' ],
15 silly audit   'is-callable': [ '1.2.7' ],
15 silly audit   'is-core-module': [ '2.16.2' ],
15 silly audit   'is-data-view': [ '1.0.2' ],
15 silly audit   'is-date-object': [ '1.1.0' ],
15 silly audit   'is-docker': [ '2.2.1' ],
15 silly audit   'is-extglob': [ '2.1.1' ],
15 silly audit   'is-finalizationregistry': [ '1.1.1' ],
15 silly audit   'is-fullwidth-code-point': [ '3.0.0' ],
15 silly audit   'is-generator-function': [ '1.1.2' ],
15 silly audit   'is-glob': [ '4.0.3' ],
15 silly audit   'is-map': [ '2.0.3' ],
15 silly audit   'is-negative-zero': [ '2.0.3' ],
15 silly audit   'is-number': [ '7.0.0' ],
15 silly audit   'is-number-object': [ '1.1.1' ],
15 silly audit   'is-plain-obj': [ '2.1.0' ],
15 silly audit   'is-regex': [ '1.2.1' ],
15 silly audit   'is-set': [ '2.0.3' ],
15 silly audit   'is-shared-array-buffer': [ '1.0.4' ],
15 silly audit   'is-string': [ '1.1.1' ],
15 silly audit   'is-symbol': [ '1.1.1' ],
15 silly audit   'is-typed-array': [ '1.1.15' ],
15 silly audit   'is-weakmap': [ '2.0.2' ],
15 silly audit   'is-weakref': [ '1.1.1' ],
15 silly audit   'is-weakset': [ '2.0.4' ],
15 silly audit   'is-wsl': [ '2.2.0' ],
15 silly audit   isarray: [ '2.0.5' ],
15 silly audit   isexe: [ '2.0.0' ],
15 silly audit   'iterator.prototype': [ '1.1.5' ],
15 silly audit   'jest-get-type': [ '29.6.3' ],
15 silly audit   'jest-util': [ '29.7.0' ],
15 silly audit   picomatch: [ '2.3.2', '4.0.4' ],
15 silly audit   'jest-validate': [ '29.7.0' ],
15 silly audit   'jest-worker': [ '29.7.0' ],
15 silly audit   'supports-color': [ '8.1.1', '5.5.0', '7.2.0' ],
15 silly audit   'jimp-compact': [ '0.16.1' ],
15 silly audit   'js-tokens': [ '4.0.0' ],
15 silly audit   'js-yaml': [ '4.1.1' ],
15 silly audit   'jsc-safe-url': [ '0.2.4' ],
15 silly audit   jsesc: [ '3.1.0' ],
15 silly audit   'json-buffer': [ '3.0.1' ],
15 silly audit   'json-schema-traverse': [ '0.4.1' ],
15 silly audit   'json-stable-stringify-without-jsonify': [ '1.0.1' ],
15 silly audit   json5: [ '2.2.3', '1.0.2' ],
15 silly audit   'jsx-ast-utils': [ '3.3.5' ],
15 silly audit   keyv: [ '4.5.4' ],
15 silly audit   kleur: [ '3.0.3' ],
15 silly audit   'lan-network': [ '0.2.1' ],
15 silly audit   leven: [ '3.1.0' ],
15 silly audit   levn: [ '0.4.1' ],
15 silly audit   'lighthouse-logger': [ '1.4.2' ],
15 silly audit   lightningcss: [ '1.33.0' ],
15 silly audit   'lightningcss-android-arm64': [ '1.33.0' ],
15 silly audit   'lightningcss-darwin-arm64': [ '1.33.0' ],
15 silly audit   'lightningcss-darwin-x64': [ '1.33.0' ],
15 silly audit   'lightningcss-freebsd-x64': [ '1.33.0' ],
15 silly audit   'lightningcss-linux-arm-gnueabihf': [ '1.33.0' ],
15 silly audit   'lightningcss-linux-arm64-gnu': [ '1.33.0' ],
15 silly audit   'lightningcss-linux-arm64-musl': [ '1.33.0' ],
15 silly audit   'lightningcss-linux-x64-gnu': [ '1.33.0' ],
15 silly audit   'lightningcss-linux-x64-musl': [ '1.33.0' ],
15 silly audit   'lightningcss-win32-arm64-msvc': [ '1.33.0' ],
15 silly audit   'lightningcss-win32-x64-msvc': [ '1.33.0' ],
15 silly audit   'locate-path': [ '6.0.0' ],
15 silly audit   'lodash.debounce': [ '4.0.8' ],
15 silly audit   'lodash.merge': [ '4.6.2' ],
15 silly audit   'lodash.throttle': [ '4.1.1' ],
15 silly audit   'log-symbols': [ '2.2.0' ],
15 silly audit   'loose-envify': [ '1.4.0' ],
15 silly audit   'lowercase-keys': [ '2.0.0' ],
15 silly audit   makeerror: [ '1.0.12' ],
15 silly audit   marky: [ '1.3.0' ],
15 silly audit   'math-intrinsics': [ '1.1.0' ],
15 silly audit   'mdn-data': [ '2.0.14' ],
15 silly audit   'memoize-one': [ '5.2.1', '6.0.0' ],
15 silly audit   'merge-options': [ '3.0.4' ],
15 silly audit   'merge-stream': [ '2.0.0' ],
15 silly audit   micromatch: [ '4.0.8' ],
15 silly audit   mime: [ '1.6.0' ],
15 silly audit   'mimic-fn': [ '1.2.0' ],
15 silly audit   minimist: [ '1.2.8' ],
15 silly audit   minipass: [ '7.1.3' ],
15 silly audit   mkdirp: [ '1.0.4' ],
15 silly audit   multitars: [ '1.0.2' ],
15 silly audit   nanoid: [ '3.3.19' ],
15 silly audit   'napi-postinstall': [ '0.3.4' ],
15 silly audit   'natural-compare': [ '1.4.0' ],
15 silly audit   'node-exports-info': [ '1.6.0' ],
15 silly audit   'node-fetch': [ '2.7.0' ],
15 silly audit   'node-forge': [ '1.4.0' ],
15 silly audit   'node-int64': [ '0.4.0' ],
15 silly audit   'node-releases': [ '2.0.55' ],
15 silly audit   'normalize-url': [ '6.1.0' ],
15 silly audit   'npm-package-arg': [ '11.0.3' ],
15 silly audit   'nth-check': [ '2.1.1' ],
15 silly audit   nullthrows: [ '1.1.1' ],
15 silly audit   'object-assign': [ '4.1.1' ],
15 silly audit   'object-inspect': [ '1.13.4' ],
15 silly audit   'object-keys': [ '1.1.1' ],
15 silly audit   'object.assign': [ '4.1.7' ],
15 silly audit   'object.entries': [ '1.1.9' ],
15 silly audit   'object.fromentries': [ '2.0.8' ],
15 silly audit   'object.groupby': [ '1.0.3' ],
15 silly audit   'object.values': [ '1.2.1' ],
15 silly audit   'on-finished': [ '2.3.0', '2.4.1' ],
15 silly audit   'on-headers': [ '1.1.0' ],
15 silly audit   once: [ '1.4.0' ],
15 silly audit   onetime: [ '2.0.1' ],
15 silly audit   open: [ '7.4.2' ],
15 silly audit   optionator: [ '0.9.4' ],
15 silly audit   ora: [ '3.4.0' ],
15 silly audit   'strip-ansi': [ '5.2.0', '6.0.1' ],
15 silly audit   'own-keys': [ '1.0.1' ],
15 silly audit   'p-cancelable': [ '2.1.1' ],
15 silly audit   'p-limit': [ '3.1.0' ],
15 silly audit   'p-locate': [ '5.0.0' ],
15 silly audit   'parent-module': [ '1.0.1' ],
15 silly audit   'parse-png': [ '2.1.0' ],
15 silly audit   parseurl: [ '1.3.3' ],
15 silly audit   'path-exists': [ '4.0.0' ],
15 silly audit   'path-key': [ '3.1.1' ],
15 silly audit   'path-parse': [ '1.0.7' ],
15 silly audit   'path-scurry': [ '2.0.2' ],
15 silly audit   picocolors: [ '1.1.1' ],
15 silly audit   plist: [ '3.1.1' ],
15 silly audit   pngjs: [ '3.4.0' ],
15 silly audit   'possible-typed-array-names': [ '1.1.0' ],
15 silly audit   postcss: [ '8.5.28' ],
15 silly audit   'postcss-value-parser': [ '4.2.0' ],
15 silly audit   'prelude-ls': [ '1.2.1' ],
15 silly audit   'pretty-format': [ '29.7.0' ],
15 silly audit   'proc-log': [ '4.2.0' ],
15 silly audit   progress: [ '2.0.3' ],
15 silly audit   prompts: [ '2.4.2' ],
15 silly audit   'prop-types': [ '15.8.1' ],
15 silly audit   pump: [ '3.0.4' ],
15 silly audit   punycode: [ '2.3.1' ],
15 silly audit   'query-string': [ '7.1.3' ],
15 silly audit   'quick-lru': [ '5.1.1' ],
15 silly audit   'range-parser': [ '1.2.1' ],
15 silly audit   react: [ '19.2.3' ],
15 silly audit   'react-devtools-core': [ '6.1.5' ],
15 silly audit   'react-dom': [ '19.2.3' ],
15 silly audit   'react-fast-compare': [ '3.2.2' ],
15 silly audit   'react-freeze': [ '1.0.4' ],
15 silly audit   'react-native': [ '0.86.3' ],
15 silly audit   'react-native-drawer-layout': [ '4.2.10' ],
15 silly audit   'react-native-gesture-handler': [ '2.32.0' ],
15 silly audit   'react-native-is-edge-to-edge': [ '1.3.1' ],
15 silly audit   'react-native-keyboard-controller': [ '1.21.9' ],
15 silly audit   'react-native-razorpay': [ '3.0.0' ],
15 silly audit   'react-native-reanimated': [ '4.5.1' ],
15 silly audit   'react-native-safe-area-context': [ '5.7.0' ],
15 silly audit   'react-native-screens': [ '4.26.2' ],
15 silly audit   'react-native-svg': [ '15.15.4' ],
15 silly audit   'react-native-web': [ '0.21.2' ],
15 silly audit   'react-native-webrtc': [ '124.0.5' ],
15 silly audit   'react-native-worklets': [ '0.10.1' ],
15 silly audit   '@react-native/virtualized-lists': [ '0.86.3' ],
15 silly audit   'react-refresh': [ '0.14.2' ],
15 silly audit   'react-remove-scroll': [ '2.7.2' ],
15 silly audit   'react-remove-scroll-bar': [ '2.3.8' ],
15 silly audit   'react-style-singleton': [ '2.2.3' ],
15 silly audit   'reflect.getprototypeof': [ '1.0.10' ],
15 silly audit   regenerate: [ '1.4.2' ],
15 silly audit   'regenerate-unicode-properties': [ '10.2.2' ],
15 silly audit   'regenerator-runtime': [ '0.13.11' ],
15 silly audit   'regexp.prototype.flags': [ '1.5.4' ],
15 silly audit   'regexpu-core': [ '6.4.0' ],
15 silly audit   regjsgen: [ '0.8.0' ],
15 silly audit   regjsparser: [ '0.13.1' ],
15 silly audit   'require-directory': [ '2.1.1' ],
15 silly audit   'resolve-alpn': [ '1.2.1' ],
15 silly audit   'resolve-pkg-maps': [ '1.0.0' ],
15 silly audit   'resolve-workspace-root': [ '2.0.1' ],
15 silly audit   responselike: [ '2.0.1' ],
15 silly audit   'restore-cursor': [ '2.0.0' ],
15 silly audit   'safe-array-concat': [ '1.1.4' ],
15 silly audit   'safe-buffer': [ '5.2.1' ],
15 silly audit   'safe-push-apply': [ '1.0.0' ],
15 silly audit   'safe-regex-test': [ '1.1.0' ],
15 silly audit   'sandbox-cli-detector': [ '0.2.0' ],
15 silly audit   sax: [ '1.6.0' ],
15 silly audit   scheduler: [ '0.27.0' ],
15 silly audit   send: [ '0.19.2' ],
15 silly audit   'serialize-error': [ '2.1.0' ],
15 silly audit   'serve-static': [ '1.16.3' ],
15 silly audit   'server-only': [ '0.0.1' ],
15 silly audit   'set-function-length': [ '1.2.2' ],
15 silly audit   'set-function-name': [ '2.0.2' ],
15 silly audit   'set-proto': [ '1.0.0' ],
15 silly audit   setimmediate: [ '1.0.5' ],
15 silly audit   setprototypeof: [ '1.2.0' ],
15 silly audit   'sf-symbols-typescript': [ '2.2.0' ],
15 silly audit   shallowequal: [ '1.1.0' ],
15 silly audit   'shebang-command': [ '2.0.0' ],
15 silly audit   'shebang-regex': [ '3.0.0' ],
15 silly audit   'shell-quote': [ '1.8.3' ],
15 silly audit   'side-channel': [ '1.1.0' ],
15 silly audit   'side-channel-list': [ '1.0.1' ],
15 silly audit   'side-channel-map': [ '1.0.1' ],
15 silly audit   'side-channel-weakmap': [ '1.0.2' ],
15 silly audit   'signal-exit': [ '3.0.7' ],
15 silly audit   'simple-plist': [ '1.3.1' ],
15 silly audit   'simple-swizzle': [ '0.2.4' ],
15 silly audit   sisteransi: [ '1.0.5' ],
15 silly audit   slugify: [ '1.6.9' ],
15 silly audit   'socket.io-client': [ '4.8.3' ],
15 silly audit   'socket.io-parser': [ '4.2.6' ],
15 silly audit   'source-map-js': [ '1.2.1' ],
15 silly audit   'source-map-support': [ '0.5.21' ],
15 silly audit   'split-on-first': [ '1.1.0' ],
15 silly audit   'stable-hash': [ '0.0.5' ],
15 silly audit   stackframe: [ '1.3.4' ],
15 silly audit   'stacktrace-parser': [ '0.1.11' ],
15 silly audit   'standard-navigation': [ '0.0.5' ],
15 silly audit   'stop-iteration-iterator': [ '1.1.0' ],
15 silly audit   'stream-buffers': [ '2.2.0' ],
15 silly audit   'strict-uri-encode': [ '2.0.0' ],
15 silly audit   'string-width': [ '4.2.3' ],
15 silly audit   'string.prototype.matchall': [ '4.0.12' ],
15 silly audit   'string.prototype.repeat': [ '1.0.0' ],
15 silly audit   'string.prototype.trim': [ '1.2.10' ],
15 silly audit   'string.prototype.trimend': [ '1.0.9' ],
15 silly audit   'string.prototype.trimstart': [ '1.0.8' ],
15 silly audit   'strip-bom': [ '3.0.0' ],
15 silly audit   'strip-json-comments': [ '3.1.1' ],
15 silly audit   'structured-headers': [ '0.4.1' ],
15 silly audit   styleq: [ '0.1.3' ],
15 silly audit   'supports-hyperlinks': [ '2.3.0' ],
15 silly audit   'supports-preserve-symlinks-flag': [ '1.0.0' ],
15 silly audit   'tagged-tag': [ '1.0.0' ],
15 silly audit   'terminal-link': [ '2.1.1' ],
15 silly audit   terser: [ '5.47.1' ],
15 silly audit   throat: [ '5.0.0' ],
15 silly audit   tinyglobby: [ '0.2.16' ],
15 silly audit   tmpl: [ '1.0.5' ],
15 silly audit   'to-regex-range': [ '5.0.1' ],
15 silly audit   toidentifier: [ '1.0.1' ],
15 silly audit   toqr: [ '0.1.1' ],
15 silly audit   tr46: [ '0.0.3' ],
15 silly audit   'ts-api-utils': [ '2.5.0' ],
15 silly audit   'tsconfig-paths': [ '3.15.0' ],
15 silly audit   tslib: [ '2.8.1' ],
15 silly audit   'type-check': [ '0.4.0' ],
15 silly audit   'typed-array-buffer': [ '1.0.3' ],
15 silly audit   'typed-array-byte-length': [ '1.0.3' ],
15 silly audit   'typed-array-byte-offset': [ '1.0.4' ],
15 silly audit   'typed-array-length': [ '1.0.7' ],
15 silly audit   typescript: [ '6.0.3' ],
15 silly audit   'unbox-primitive': [ '1.1.0' ],
15 silly audit   'undici-types': [ '7.19.2' ],
15 silly audit   'unicode-canonical-property-names-ecmascript': [ '2.0.1' ],
15 silly audit   'unicode-match-property-ecmascript': [ '2.0.0' ],
15 silly audit   'unicode-match-property-value-ecmascript': [ '2.2.1' ],
15 silly audit   'unicode-property-aliases-ecmascript': [ '2.2.0' ],
15 silly audit   unpipe: [ '1.0.0' ],
15 silly audit   'unrs-resolver': [ '1.11.1' ],
15 silly audit   'update-browserslist-db': [ '1.3.3' ],
15 silly audit   'uri-js': [ '4.4.1' ],
15 silly audit   'use-callback-ref': [ '1.3.3' ],
15 silly audit   'use-latest-callback': [ '0.2.6' ],
15 silly audit   'use-sidecar': [ '1.1.3' ],
15 silly audit   'utils-merge': [ '1.0.1' ],
15 silly audit   'validate-npm-package-name': [ '5.0.1' ],
15 silly audit   vary: [ '1.1.2' ],
15 silly audit   vaul: [ '1.1.2' ],
15 silly audit   '@radix-ui/react-dialog': [ '1.1.15' ],
15 silly audit   '@radix-ui/react-dismissable-layer': [ '1.1.11' ],
15 silly audit   '@radix-ui/react-focus-scope': [ '1.1.7' ],
15 silly audit   '@radix-ui/react-portal': [ '1.1.9' ],
15 silly audit   vlq: [ '1.0.1' ],
15 silly audit   walker: [ '1.0.8' ],
15 silly audit   'warn-once': [ '0.1.1' ],
15 silly audit   wcwidth: [ '1.0.1' ],
15 silly audit   'webidl-conversions': [ '3.0.1' ],
15 silly audit   'whatwg-fetch': [ '3.6.20' ],
15 silly audit   'whatwg-url': [ '5.0.0' ],
15 silly audit   'whatwg-url-minimum': [ '0.1.2' ],
15 silly audit   which: [ '2.0.2' ],
15 silly audit   'which-boxed-primitive': [ '1.1.1' ],
15 silly audit   'which-builtin-type': [ '1.2.1' ],
15 silly audit   'which-collection': [ '1.0.2' ],
15 silly audit   'which-typed-array': [ '1.1.20' ],
15 silly audit   'word-wrap': [ '1.2.5' ],
15 silly audit   'wrap-ansi': [ '7.0.0' ],
15 silly audit   wrappy: [ '1.0.2' ],
15 silly audit   xcode: [ '3.0.1' ],
15 silly audit   xml2js: [ '0.6.0' ],
15 silly audit   xmlbuilder: [ '11.0.1', '15.1.1' ],
15 silly audit   'xmlhttprequest-ssl': [ '2.1.2' ],
15 silly audit   y18n: [ '5.0.8' ],
15 silly audit   yallist: [ '3.1.1' ],
15 silly audit   yargs: [ '17.7.2' ],
15 silly audit   'yargs-parser': [ '21.1.1' ],
15 silly audit   'yocto-queue': [ '0.1.0' ],
15 silly audit   zod: [ '3.25.76' ],
15 silly audit   'zod-validation-error': [ '4.0.2' ],
15 silly audit   'zxing-wasm': [ '3.1.3' ]
15 silly audit }
16 http cache zxing-wasm@https://registry.npmjs.org/zxing-wasm/-/zxing-wasm-3.1.3.tgz 0ms (cache hit)
17 http cache yargs-parser@https://registry.npmjs.org/yargs-parser/-/yargs-parser-21.1.1.tgz 0ms (cache hit)
18 http cache yargs@https://registry.npmjs.org/yargs/-/yargs-17.7.2.tgz 0ms (cache hit)
19 http cache zod@https://registry.npmjs.org/zod/-/zod-3.25.76.tgz 0ms (cache hit)
20 http cache yaml@https://registry.npmjs.org/yaml/-/yaml-2.9.0.tgz 0ms (cache hit)
21 http cache zod-validation-error@https://registry.npmjs.org/zod-validation-error/-/zod-validation-error-4.0.2.tgz 0ms (cache hit)
22 http cache yallist@https://registry.npmjs.org/yallist/-/yallist-3.1.1.tgz 0ms (cache hit)
23 http cache yocto-queue@https://registry.npmjs.org/yocto-queue/-/yocto-queue-0.1.0.tgz 0ms (cache hit)
24 http cache xmlbuilder@https://registry.npmjs.org/xmlbuilder/-/xmlbuilder-15.1.1.tgz 0ms (cache hit)
25 http cache xmlhttprequest-ssl@https://registry.npmjs.org/xmlhttprequest-ssl/-/xmlhttprequest-ssl-2.1.2.tgz 0ms (cache hit)
26 http cache y18n@https://registry.npmjs.org/y18n/-/y18n-5.0.8.tgz 0ms (cache hit)
27 http cache xml2js@https://registry.npmjs.org/xml2js/-/xml2js-0.6.0.tgz 0ms (cache hit)
28 http cache wrappy@https://registry.npmjs.org/wrappy/-/wrappy-1.0.2.tgz 0ms (cache hit)
29 http cache xcode@https://registry.npmjs.org/xcode/-/xcode-3.0.1.tgz 0ms (cache hit)
30 http cache ws@https://registry.npmjs.org/ws/-/ws-7.5.10.tgz 0ms (cache hit)
31 http cache word-wrap@https://registry.npmjs.org/word-wrap/-/word-wrap-1.2.5.tgz 0ms (cache hit)
32 http cache which-collection@https://registry.npmjs.org/which-collection/-/which-collection-1.0.2.tgz 0ms (cache hit)
33 http cache wrap-ansi@https://registry.npmjs.org/wrap-ansi/-/wrap-ansi-7.0.0.tgz 0ms (cache hit)
34 http cache which-builtin-type@https://registry.npmjs.org/which-builtin-type/-/which-builtin-type-1.2.1.tgz 0ms (cache hit)
35 http cache whatwg-url-minimum@https://registry.npmjs.org/whatwg-url-minimum/-/whatwg-url-minimum-0.1.2.tgz 0ms (cache hit)
36 http cache which-typed-array@https://registry.npmjs.org/which-typed-array/-/which-typed-array-1.1.20.tgz 0ms (cache hit)
37 http cache whatwg-url@https://registry.npmjs.org/whatwg-url/-/whatwg-url-5.0.0.tgz 0ms (cache hit)
38 http cache whatwg-fetch@https://registry.npmjs.org/whatwg-fetch/-/whatwg-fetch-3.6.20.tgz 0ms (cache hit)
39 http cache which@https://registry.npmjs.org/which/-/which-2.0.2.tgz 0ms (cache hit)
40 http cache webidl-conversions@https://registry.npmjs.org/webidl-conversions/-/webidl-conversions-3.0.1.tgz 0ms (cache hit)
41 http cache walker@https://registry.npmjs.org/walker/-/walker-1.0.8.tgz 0ms (cache hit)
42 http cache vlq@https://registry.npmjs.org/vlq/-/vlq-1.0.1.tgz 0ms (cache hit)
43 http cache which-boxed-primitive@https://registry.npmjs.org/which-boxed-primitive/-/which-boxed-primitive-1.1.1.tgz 0ms (cache hit)
44 http cache wcwidth@https://registry.npmjs.org/wcwidth/-/wcwidth-1.0.1.tgz 0ms (cache hit)
45 http cache vaul@https://registry.npmjs.org/vaul/-/vaul-1.1.2.tgz 0ms (cache hit)
46 http cache warn-once@https://registry.npmjs.org/warn-once/-/warn-once-0.1.1.tgz 0ms (cache hit)
47 http cache uuid@https://registry.npmjs.org/uuid/-/uuid-7.0.3.tgz 0ms (cache hit)
48 http cache vary@https://registry.npmjs.org/vary/-/vary-1.1.2.tgz 0ms (cache hit)
49 http cache validate-npm-package-name@https://registry.npmjs.org/validate-npm-package-name/-/validate-npm-package-name-5.0.1.tgz 0ms (cache hit)
50 http cache utils-merge@https://registry.npmjs.org/utils-merge/-/utils-merge-1.0.1.tgz 0ms (cache hit)
51 http cache use-sidecar@https://registry.npmjs.org/use-sidecar/-/use-sidecar-1.1.3.tgz 0ms (cache hit)
52 http cache use-latest-callback@https://registry.npmjs.org/use-latest-callback/-/use-latest-callback-0.2.6.tgz 0ms (cache hit)
53 http cache use-callback-ref@https://registry.npmjs.org/use-callback-ref/-/use-callback-ref-1.3.3.tgz 0ms (cache hit)
54 http cache unrs-resolver@https://registry.npmjs.org/unrs-resolver/-/unrs-resolver-1.11.1.tgz 0ms (cache hit)
55 http cache update-browserslist-db@https://registry.npmjs.org/update-browserslist-db/-/update-browserslist-db-1.3.3.tgz 0ms (cache hit)
56 http cache uri-js@https://registry.npmjs.org/uri-js/-/uri-js-4.4.1.tgz 0ms (cache hit)
57 http cache unicode-property-aliases-ecmascript@https://registry.npmjs.org/unicode-property-aliases-ecmascript/-/unicode-property-aliases-ecmascript-2.2.0.tgz 0ms (cache hit)
58 http cache unicode-canonical-property-names-ecmascript@https://registry.npmjs.org/unicode-canonical-property-names-ecmascript/-/unicode-canonical-property-names-ecmascript-2.0.1.tgz 0ms (cache hit)
59 http cache unicode-match-property-value-ecmascript@https://registry.npmjs.org/unicode-match-property-value-ecmascript/-/unicode-match-property-value-ecmascript-2.2.1.tgz 0ms (cache hit)
60 http cache unicode-match-property-ecmascript@https://registry.npmjs.org/unicode-match-property-ecmascript/-/unicode-match-property-ecmascript-2.0.0.tgz 0ms (cache hit)
61 http cache unpipe@https://registry.npmjs.org/unpipe/-/unpipe-1.0.0.tgz 0ms (cache hit)
62 http cache undici-types@https://registry.npmjs.org/undici-types/-/undici-types-7.19.2.tgz 0ms (cache hit)
63 http cache typed-array-byte-length@https://registry.npmjs.org/typed-array-byte-length/-/typed-array-byte-length-1.0.3.tgz 0ms (cache hit)
64 http cache typescript@https://registry.npmjs.org/typescript/-/typescript-6.0.3.tgz 0ms (cache hit)
65 http cache ua-parser-js@https://registry.npmjs.org/ua-parser-js/-/ua-parser-js-1.0.41.tgz 0ms (cache hit)
66 http cache typed-array-buffer@https://registry.npmjs.org/typed-array-buffer/-/typed-array-buffer-1.0.3.tgz 0ms (cache hit)
67 http cache typed-array-byte-offset@https://registry.npmjs.org/typed-array-byte-offset/-/typed-array-byte-offset-1.0.4.tgz 0ms (cache hit)
68 http cache typed-array-length@https://registry.npmjs.org/typed-array-length/-/typed-array-length-1.0.7.tgz 0ms (cache hit)
69 http cache tsconfig-paths@https://registry.npmjs.org/tsconfig-paths/-/tsconfig-paths-3.15.0.tgz 0ms (cache hit)
70 http cache tslib@https://registry.npmjs.org/tslib/-/tslib-2.8.1.tgz 0ms (cache hit)
71 http cache type-fest@https://registry.npmjs.org/type-fest/-/type-fest-0.7.1.tgz 0ms (cache hit)
72 http cache unbox-primitive@https://registry.npmjs.org/unbox-primitive/-/unbox-primitive-1.1.0.tgz 0ms (cache hit)
73 http cache type-check@https://registry.npmjs.org/type-check/-/type-check-0.4.0.tgz 0ms (cache hit)
74 http cache toidentifier@https://registry.npmjs.org/toidentifier/-/toidentifier-1.0.1.tgz 0ms (cache hit)
75 http cache to-regex-range@https://registry.npmjs.org/to-regex-range/-/to-regex-range-5.0.1.tgz 0ms (cache hit)
76 http cache tinyglobby@https://registry.npmjs.org/tinyglobby/-/tinyglobby-0.2.16.tgz 0ms (cache hit)
77 http cache tr46@https://registry.npmjs.org/tr46/-/tr46-0.0.3.tgz 0ms (cache hit)
78 http cache ts-api-utils@https://registry.npmjs.org/ts-api-utils/-/ts-api-utils-2.5.0.tgz 0ms (cache hit)
79 http cache tmpl@https://registry.npmjs.org/tmpl/-/tmpl-1.0.5.tgz 0ms (cache hit)
80 http cache throat@https://registry.npmjs.org/throat/-/throat-5.0.0.tgz 0ms (cache hit)
81 http cache terminal-link@https://registry.npmjs.org/terminal-link/-/terminal-link-2.1.1.tgz 0ms (cache hit)
82 http cache toqr@https://registry.npmjs.org/toqr/-/toqr-0.1.1.tgz 0ms (cache hit)
83 http cache tagged-tag@https://registry.npmjs.org/tagged-tag/-/tagged-tag-1.0.0.tgz 0ms (cache hit)
84 http cache terser@https://registry.npmjs.org/terser/-/terser-5.47.1.tgz 0ms (cache hit)
85 http cache supports-preserve-symlinks-flag@https://registry.npmjs.org/supports-preserve-symlinks-flag/-/supports-preserve-symlinks-flag-1.0.0.tgz 0ms (cache hit)
86 http cache supports-hyperlinks@https://registry.npmjs.org/supports-hyperlinks/-/supports-hyperlinks-2.3.0.tgz 0ms (cache hit)
87 http cache supports-color@https://registry.npmjs.org/supports-color/-/supports-color-7.2.0.tgz 0ms (cache hit)
88 http cache styleq@https://registry.npmjs.org/styleq/-/styleq-0.1.3.tgz 0ms (cache hit)
89 http cache strip-bom@https://registry.npmjs.org/strip-bom/-/strip-bom-3.0.0.tgz 0ms (cache hit)
90 http cache strip-json-comments@https://registry.npmjs.org/strip-json-comments/-/strip-json-comments-3.1.1.tgz 0ms (cache hit)
91 http cache structured-headers@https://registry.npmjs.org/structured-headers/-/structured-headers-0.4.1.tgz 0ms (cache hit)
92 http cache string.prototype.trimstart@https://registry.npmjs.org/string.prototype.trimstart/-/string.prototype.trimstart-1.0.8.tgz 0ms (cache hit)
93 http cache string.prototype.trimend@https://registry.npmjs.org/string.prototype.trimend/-/string.prototype.trimend-1.0.9.tgz 0ms (cache hit)
94 http cache strip-ansi@https://registry.npmjs.org/strip-ansi/-/strip-ansi-6.0.1.tgz 0ms (cache hit)
95 http cache string.prototype.trim@https://registry.npmjs.org/string.prototype.trim/-/string.prototype.trim-1.2.10.tgz 0ms (cache hit)
96 http cache strict-uri-encode@https://registry.npmjs.org/strict-uri-encode/-/strict-uri-encode-2.0.0.tgz 0ms (cache hit)
97 http cache string.prototype.repeat@https://registry.npmjs.org/string.prototype.repeat/-/string.prototype.repeat-1.0.0.tgz 0ms (cache hit)
98 http cache string.prototype.matchall@https://registry.npmjs.org/string.prototype.matchall/-/string.prototype.matchall-4.0.12.tgz 0ms (cache hit)
99 http cache statuses@https://registry.npmjs.org/statuses/-/statuses-1.5.0.tgz 0ms (cache hit)
100 http cache string-width@https://registry.npmjs.org/string-width/-/string-width-4.2.3.tgz 0ms (cache hit)
101 http cache stop-iteration-iterator@https://registry.npmjs.org/stop-iteration-iterator/-/stop-iteration-iterator-1.1.0.tgz 0ms (cache hit)
102 http cache standard-navigation@https://registry.npmjs.org/standard-navigation/-/standard-navigation-0.0.5.tgz 0ms (cache hit)
103 http cache stream-buffers@https://registry.npmjs.org/stream-buffers/-/stream-buffers-2.2.0.tgz 0ms (cache hit)
104 http cache stackframe@https://registry.npmjs.org/stackframe/-/stackframe-1.3.4.tgz 0ms (cache hit)
105 http cache split-on-first@https://registry.npmjs.org/split-on-first/-/split-on-first-1.1.0.tgz 0ms (cache hit)
106 http cache stable-hash@https://registry.npmjs.org/stable-hash/-/stable-hash-0.0.5.tgz 0ms (cache hit)
107 http cache stacktrace-parser@https://registry.npmjs.org/stacktrace-parser/-/stacktrace-parser-0.1.11.tgz 0ms (cache hit)
108 http cache source-map-support@https://registry.npmjs.org/source-map-support/-/source-map-support-0.5.21.tgz 0ms (cache hit)
109 http cache socket.io-client@https://registry.npmjs.org/socket.io-client/-/socket.io-client-4.8.3.tgz 0ms (cache hit)
110 http cache slugify@https://registry.npmjs.org/slugify/-/slugify-1.6.9.tgz 0ms (cache hit)
111 http cache socket.io-parser@https://registry.npmjs.org/socket.io-parser/-/socket.io-parser-4.2.6.tgz 0ms (cache hit)
112 http cache source-map@https://registry.npmjs.org/source-map/-/source-map-0.5.7.tgz 0ms (cache hit)
113 http cache sisteransi@https://registry.npmjs.org/sisteransi/-/sisteransi-1.0.5.tgz 0ms (cache hit)
114 http cache simple-plist@https://registry.npmjs.org/simple-plist/-/simple-plist-1.3.1.tgz 0ms (cache hit)
115 http cache source-map-js@https://registry.npmjs.org/source-map-js/-/source-map-js-1.2.1.tgz 0ms (cache hit)
116 http cache side-channel-weakmap@https://registry.npmjs.org/side-channel-weakmap/-/side-channel-weakmap-1.0.2.tgz 0ms (cache hit)
117 http cache simple-swizzle@https://registry.npmjs.org/simple-swizzle/-/simple-swizzle-0.2.4.tgz 0ms (cache hit)
118 http cache signal-exit@https://registry.npmjs.org/signal-exit/-/signal-exit-3.0.7.tgz 0ms (cache hit)
119 http cache side-channel-map@https://registry.npmjs.org/side-channel-map/-/side-channel-map-1.0.1.tgz 0ms (cache hit)
120 http cache shell-quote@https://registry.npmjs.org/shell-quote/-/shell-quote-1.8.3.tgz 0ms (cache hit)
121 http cache side-channel-list@https://registry.npmjs.org/side-channel-list/-/side-channel-list-1.0.1.tgz 0ms (cache hit)
122 http cache shebang-regex@https://registry.npmjs.org/shebang-regex/-/shebang-regex-3.0.0.tgz 0ms (cache hit)
123 http cache shebang-command@https://registry.npmjs.org/shebang-command/-/shebang-command-2.0.0.tgz 0ms (cache hit)
124 http cache setprototypeof@https://registry.npmjs.org/setprototypeof/-/setprototypeof-1.2.0.tgz 0ms (cache hit)
125 http cache side-channel@https://registry.npmjs.org/side-channel/-/side-channel-1.1.0.tgz 0ms (cache hit)
126 http cache shallowequal@https://registry.npmjs.org/shallowequal/-/shallowequal-1.1.0.tgz 0ms (cache hit)
127 http cache set-proto@https://registry.npmjs.org/set-proto/-/set-proto-1.0.0.tgz 0ms (cache hit)
128 http cache set-function-length@https://registry.npmjs.org/set-function-length/-/set-function-length-1.2.2.tgz 0ms (cache hit)
129 http cache set-function-name@https://registry.npmjs.org/set-function-name/-/set-function-name-2.0.2.tgz 0ms (cache hit)
130 http cache server-only@https://registry.npmjs.org/server-only/-/server-only-0.0.1.tgz 0ms (cache hit)
131 http cache setimmediate@https://registry.npmjs.org/setimmediate/-/setimmediate-1.0.5.tgz 0ms (cache hit)
132 http cache sf-symbols-typescript@https://registry.npmjs.org/sf-symbols-typescript/-/sf-symbols-typescript-2.2.0.tgz 0ms (cache hit)
133 http cache serve-static@https://registry.npmjs.org/serve-static/-/serve-static-1.16.3.tgz 0ms (cache hit)
134 http cache serialize-error@https://registry.npmjs.org/serialize-error/-/serialize-error-2.1.0.tgz 0ms (cache hit)
135 http cache scheduler@https://registry.npmjs.org/scheduler/-/scheduler-0.27.0.tgz 0ms (cache hit)
136 http cache send@https://registry.npmjs.org/send/-/send-0.19.2.tgz 0ms (cache hit)
137 http cache sax@https://registry.npmjs.org/sax/-/sax-1.6.0.tgz 0ms (cache hit)
138 http cache semver@https://registry.npmjs.org/semver/-/semver-6.3.1.tgz 0ms (cache hit)
139 http cache safe-push-apply@https://registry.npmjs.org/safe-push-apply/-/safe-push-apply-1.0.0.tgz 0ms (cache hit)
140 http cache safe-regex-test@https://registry.npmjs.org/safe-regex-test/-/safe-regex-test-1.1.0.tgz 0ms (cache hit)
141 http cache sandbox-cli-detector@https://registry.npmjs.org/sandbox-cli-detector/-/sandbox-cli-detector-0.2.0.tgz 0ms (cache hit)
142 http cache restore-cursor@https://registry.npmjs.org/restore-cursor/-/restore-cursor-2.0.0.tgz 0ms (cache hit)
143 http cache safe-buffer@https://registry.npmjs.org/safe-buffer/-/safe-buffer-5.2.1.tgz 0ms (cache hit)
144 http cache responselike@https://registry.npmjs.org/responselike/-/responselike-2.0.1.tgz 0ms (cache hit)
145 http cache resolve-workspace-root@https://registry.npmjs.org/resolve-workspace-root/-/resolve-workspace-root-2.0.1.tgz 0ms (cache hit)
146 http cache resolve-alpn@https://registry.npmjs.org/resolve-alpn/-/resolve-alpn-1.2.1.tgz 0ms (cache hit)
147 http cache resolve@https://registry.npmjs.org/resolve/-/resolve-2.0.0-next.6.tgz 0ms (cache hit)
148 http cache require-directory@https://registry.npmjs.org/require-directory/-/require-directory-2.1.1.tgz 0ms (cache hit)
149 http cache resolve-pkg-maps@https://registry.npmjs.org/resolve-pkg-maps/-/resolve-pkg-maps-1.0.0.tgz 0ms (cache hit)
150 http cache regjsparser@https://registry.npmjs.org/regjsparser/-/regjsparser-0.13.1.tgz 0ms (cache hit)
151 http cache regjsgen@https://registry.npmjs.org/regjsgen/-/regjsgen-0.8.0.tgz 0ms (cache hit)
152 http cache regenerator-runtime@https://registry.npmjs.org/regenerator-runtime/-/regenerator-runtime-0.13.11.tgz 0ms (cache hit)
153 http cache regexp.prototype.flags@https://registry.npmjs.org/regexp.prototype.flags/-/regexp.prototype.flags-1.5.4.tgz 0ms (cache hit)
154 http cache regexpu-core@https://registry.npmjs.org/regexpu-core/-/regexpu-core-6.4.0.tgz 0ms (cache hit)
155 http cache regenerate@https://registry.npmjs.org/regenerate/-/regenerate-1.4.2.tgz 0ms (cache hit)
156 http cache resolve-from@https://registry.npmjs.org/resolve-from/-/resolve-from-5.0.0.tgz 0ms (cache hit)
157 http cache react-remove-scroll-bar@https://registry.npmjs.org/react-remove-scroll-bar/-/react-remove-scroll-bar-2.3.8.tgz 0ms (cache hit)
158 http cache regenerate-unicode-properties@https://registry.npmjs.org/regenerate-unicode-properties/-/regenerate-unicode-properties-10.2.2.tgz 0ms (cache hit)
159 http cache safe-array-concat@https://registry.npmjs.org/safe-array-concat/-/safe-array-concat-1.1.4.tgz 0ms (cache hit)
160 http cache react-refresh@https://registry.npmjs.org/react-refresh/-/react-refresh-0.14.2.tgz 0ms (cache hit)
161 http cache react-style-singleton@https://registry.npmjs.org/react-style-singleton/-/react-style-singleton-2.2.3.tgz 0ms (cache hit)
162 http cache react-native-worklets@https://registry.npmjs.org/react-native-worklets/-/react-native-worklets-0.10.1.tgz 0ms (cache hit)
163 http cache react-remove-scroll@https://registry.npmjs.org/react-remove-scroll/-/react-remove-scroll-2.7.2.tgz 0ms (cache hit)
164 http cache react-native-screens@https://registry.npmjs.org/react-native-screens/-/react-native-screens-4.26.2.tgz 0ms (cache hit)
165 http cache react-native-webrtc@https://registry.npmjs.org/react-native-webrtc/-/react-native-webrtc-124.0.5.tgz 0ms (cache hit)
166 http cache react-native-web@https://registry.npmjs.org/react-native-web/-/react-native-web-0.21.2.tgz 0ms (cache hit)
167 http cache reflect.getprototypeof@https://registry.npmjs.org/reflect.getprototypeof/-/reflect.getprototypeof-1.0.10.tgz 0ms (cache hit)
168 http cache react-native-keyboard-controller@https://registry.npmjs.org/react-native-keyboard-controller/-/react-native-keyboard-controller-1.21.9.tgz 1ms (cache hit)
169 http cache react-native-svg@https://registry.npmjs.org/react-native-svg/-/react-native-svg-15.15.4.tgz 0ms (cache hit)
170 http cache react-native-reanimated@https://registry.npmjs.org/react-native-reanimated/-/react-native-reanimated-4.5.1.tgz 0ms (cache hit)
171 http cache react-native-safe-area-context@https://registry.npmjs.org/react-native-safe-area-context/-/react-native-safe-area-context-5.7.0.tgz 0ms (cache hit)
172 http cache react-native-is-edge-to-edge@https://registry.npmjs.org/react-native-is-edge-to-edge/-/react-native-is-edge-to-edge-1.3.1.tgz 0ms (cache hit)
173 http cache react-native-drawer-layout@https://registry.npmjs.org/react-native-drawer-layout/-/react-native-drawer-layout-4.2.10.tgz 0ms (cache hit)
174 http cache react-fast-compare@https://registry.npmjs.org/react-fast-compare/-/react-fast-compare-3.2.2.tgz 0ms (cache hit)
175 http cache react-native-gesture-handler@https://registry.npmjs.org/react-native-gesture-handler/-/react-native-gesture-handler-2.32.0.tgz 0ms (cache hit)
176 http cache react-native@https://registry.npmjs.org/react-native/-/react-native-0.86.3.tgz 0ms (cache hit)
177 http cache react-freeze@https://registry.npmjs.org/react-freeze/-/react-freeze-1.0.4.tgz 0ms (cache hit)
178 http cache react-is@https://registry.npmjs.org/react-is/-/react-is-19.2.6.tgz 0ms (cache hit)
179 http cache react-native-razorpay@https://registry.npmjs.org/react-native-razorpay/-/react-native-razorpay-3.0.0.tgz 0ms (cache hit)
180 http cache react-dom@https://registry.npmjs.org/react-dom/-/react-dom-19.2.3.tgz 0ms (cache hit)
181 http cache quick-lru@https://registry.npmjs.org/quick-lru/-/quick-lru-5.1.1.tgz 0ms (cache hit)
182 http cache react-devtools-core@https://registry.npmjs.org/react-devtools-core/-/react-devtools-core-6.1.5.tgz 0ms (cache hit)
183 http cache prop-types@https://registry.npmjs.org/prop-types/-/prop-types-15.8.1.tgz 0ms (cache hit)
184 http cache react@https://registry.npmjs.org/react/-/react-19.2.3.tgz 0ms (cache hit)
185 http cache prompts@https://registry.npmjs.org/prompts/-/prompts-2.4.2.tgz 0ms (cache hit)
186 http cache punycode@https://registry.npmjs.org/punycode/-/punycode-2.3.1.tgz 0ms (cache hit)
187 http cache query-string@https://registry.npmjs.org/query-string/-/query-string-7.1.3.tgz 0ms (cache hit)
188 http cache progress@https://registry.npmjs.org/progress/-/progress-2.0.3.tgz 0ms (cache hit)
189 http cache promise@https://registry.npmjs.org/promise/-/promise-8.3.0.tgz 0ms (cache hit)
190 http cache pretty-format@https://registry.npmjs.org/pretty-format/-/pretty-format-29.7.0.tgz 0ms (cache hit)
191 http cache proc-log@https://registry.npmjs.org/proc-log/-/proc-log-4.2.0.tgz 0ms (cache hit)
192 http cache prelude-ls@https://registry.npmjs.org/prelude-ls/-/prelude-ls-1.2.1.tgz 0ms (cache hit)
193 http cache range-parser@https://registry.npmjs.org/range-parser/-/range-parser-1.2.1.tgz 0ms (cache hit)
194 http cache postcss-value-parser@https://registry.npmjs.org/postcss-value-parser/-/postcss-value-parser-4.2.0.tgz 0ms (cache hit)
195 http cache postcss@https://registry.npmjs.org/postcss/-/postcss-8.5.28.tgz 0ms (cache hit)
196 http cache pump@https://registry.npmjs.org/pump/-/pump-3.0.4.tgz 0ms (cache hit)
197 http cache possible-typed-array-names@https://registry.npmjs.org/possible-typed-array-names/-/possible-typed-array-names-1.1.0.tgz 0ms (cache hit)
198 http cache pngjs@https://registry.npmjs.org/pngjs/-/pngjs-3.4.0.tgz 0ms (cache hit)
199 http cache picomatch@https://registry.npmjs.org/picomatch/-/picomatch-4.0.4.tgz 0ms (cache hit)
200 http cache path-parse@https://registry.npmjs.org/path-parse/-/path-parse-1.0.7.tgz 0ms (cache hit)
201 http cache picocolors@https://registry.npmjs.org/picocolors/-/picocolors-1.1.1.tgz 0ms (cache hit)
202 http cache plist@https://registry.npmjs.org/plist/-/plist-3.1.1.tgz 0ms (cache hit)
203 http cache path-scurry@https://registry.npmjs.org/path-scurry/-/path-scurry-2.0.2.tgz 0ms (cache hit)
204 http cache parseurl@https://registry.npmjs.org/parseurl/-/parseurl-1.3.3.tgz 0ms (cache hit)
205 http cache path-key@https://registry.npmjs.org/path-key/-/path-key-3.1.1.tgz 0ms (cache hit)
206 http cache path-exists@https://registry.npmjs.org/path-exists/-/path-exists-4.0.0.tgz 0ms (cache hit)
207 http cache p-limit@https://registry.npmjs.org/p-limit/-/p-limit-3.1.0.tgz 0ms (cache hit)
208 http cache parent-module@https://registry.npmjs.org/parent-module/-/parent-module-1.0.1.tgz 0ms (cache hit)
209 http cache p-locate@https://registry.npmjs.org/p-locate/-/p-locate-5.0.0.tgz 0ms (cache hit)
210 http cache parse-png@https://registry.npmjs.org/parse-png/-/parse-png-2.1.0.tgz 0ms (cache hit)
211 http cache own-keys@https://registry.npmjs.org/own-keys/-/own-keys-1.0.1.tgz 0ms (cache hit)
212 http cache ora@https://registry.npmjs.org/ora/-/ora-3.4.0.tgz 0ms (cache hit)
213 http cache open@https://registry.npmjs.org/open/-/open-7.4.2.tgz 0ms (cache hit)
214 http cache p-cancelable@https://registry.npmjs.org/p-cancelable/-/p-cancelable-2.1.1.tgz 0ms (cache hit)
215 http cache optionator@https://registry.npmjs.org/optionator/-/optionator-0.9.4.tgz 0ms (cache hit)
216 http cache on-headers@https://registry.npmjs.org/on-headers/-/on-headers-1.1.0.tgz 0ms (cache hit)
217 http cache on-finished@https://registry.npmjs.org/on-finished/-/on-finished-2.3.0.tgz 0ms (cache hit)
218 http cache once@https://registry.npmjs.org/once/-/once-1.4.0.tgz 0ms (cache hit)
219 http cache object.fromentries@https://registry.npmjs.org/object.fromentries/-/object.fromentries-2.0.8.tgz 0ms (cache hit)
220 http cache object.groupby@https://registry.npmjs.org/object.groupby/-/object.groupby-1.0.3.tgz 0ms (cache hit)
221 http cache object.entries@https://registry.npmjs.org/object.entries/-/object.entries-1.1.9.tgz 0ms (cache hit)
222 http cache object.assign@https://registry.npmjs.org/object.assign/-/object.assign-4.1.7.tgz 0ms (cache hit)
223 http cache object-keys@https://registry.npmjs.org/object-keys/-/object-keys-1.1.1.tgz 0ms (cache hit)
224 http cache object-assign@https://registry.npmjs.org/object-assign/-/object-assign-4.1.1.tgz 0ms (cache hit)
225 http cache object-inspect@https://registry.npmjs.org/object-inspect/-/object-inspect-1.13.4.tgz 0ms (cache hit)
226 http cache ob1@https://registry.npmjs.org/ob1/-/ob1-0.84.6.tgz 0ms (cache hit)
227 http cache object.values@https://registry.npmjs.org/object.values/-/object.values-1.2.1.tgz 0ms (cache hit)
228 http cache npm-package-arg@https://registry.npmjs.org/npm-package-arg/-/npm-package-arg-11.0.3.tgz 0ms (cache hit)
229 http cache nth-check@https://registry.npmjs.org/nth-check/-/nth-check-2.1.1.tgz 0ms (cache hit)
230 http cache nullthrows@https://registry.npmjs.org/nullthrows/-/nullthrows-1.1.1.tgz 0ms (cache hit)
231 http cache onetime@https://registry.npmjs.org/onetime/-/onetime-2.0.1.tgz 0ms (cache hit)
232 http cache normalize-url@https://registry.npmjs.org/normalize-url/-/normalize-url-6.1.0.tgz 0ms (cache hit)
233 http cache node-releases@https://registry.npmjs.org/node-releases/-/node-releases-2.0.55.tgz 0ms (cache hit)
234 http cache node-int64@https://registry.npmjs.org/node-int64/-/node-int64-0.4.0.tgz 0ms (cache hit)
235 http cache node-fetch@https://registry.npmjs.org/node-fetch/-/node-fetch-2.7.0.tgz 0ms (cache hit)
236 http cache negotiator@https://registry.npmjs.org/negotiator/-/negotiator-1.1.0.tgz 0ms (cache hit)
237 http cache node-exports-info@https://registry.npmjs.org/node-exports-info/-/node-exports-info-1.6.0.tgz 0ms (cache hit)
238 http cache nanoid@https://registry.npmjs.org/nanoid/-/nanoid-3.3.19.tgz 0ms (cache hit)
239 http cache node-forge@https://registry.npmjs.org/node-forge/-/node-forge-1.4.0.tgz 0ms (cache hit)
240 http cache napi-postinstall@https://registry.npmjs.org/napi-postinstall/-/napi-postinstall-0.3.4.tgz 0ms (cache hit)
241 http cache natural-compare@https://registry.npmjs.org/natural-compare/-/natural-compare-1.4.0.tgz 0ms (cache hit)
242 http cache multitars@https://registry.npmjs.org/multitars/-/multitars-1.0.2.tgz 0ms (cache hit)
243 http cache minipass@https://registry.npmjs.org/minipass/-/minipass-7.1.3.tgz 0ms (cache hit)
244 http cache ms@https://registry.npmjs.org/ms/-/ms-2.1.3.tgz 0ms (cache hit)
245 http cache minimatch@https://registry.npmjs.org/minimatch/-/minimatch-3.1.5.tgz 0ms (cache hit)
246 http cache mkdirp@https://registry.npmjs.org/mkdirp/-/mkdirp-1.0.4.tgz 0ms (cache hit)
247 http cache minimist@https://registry.npmjs.org/minimist/-/minimist-1.2.8.tgz 0ms (cache hit)
248 http cache mimic-response@https://registry.npmjs.org/mimic-response/-/mimic-response-1.0.1.tgz 0ms (cache hit)
249 http cache mime-types@https://registry.npmjs.org/mime-types/-/mime-types-3.0.2.tgz 0ms (cache hit)
250 http cache mime@https://registry.npmjs.org/mime/-/mime-1.6.0.tgz 0ms (cache hit)
251 http cache micromatch@https://registry.npmjs.org/micromatch/-/micromatch-4.0.8.tgz 0ms (cache hit)
252 http cache mimic-fn@https://registry.npmjs.org/mimic-fn/-/mimic-fn-1.2.0.tgz 0ms (cache hit)
253 http cache metro-transform-worker@https://registry.npmjs.org/metro-transform-worker/-/metro-transform-worker-0.84.6.tgz 0ms (cache hit)
254 http cache mime-db@https://registry.npmjs.org/mime-db/-/mime-db-1.54.0.tgz 0ms (cache hit)
255 http cache metro-source-map@https://registry.npmjs.org/metro-source-map/-/metro-source-map-0.84.6.tgz 0ms (cache hit)
256 http cache metro-resolver@https://registry.npmjs.org/metro-resolver/-/metro-resolver-0.84.6.tgz 0ms (cache hit)
257 http cache metro-symbolicate@https://registry.npmjs.org/metro-symbolicate/-/metro-symbolicate-0.84.6.tgz 0ms (cache hit)
258 http cache metro-transform-plugins@https://registry.npmjs.org/metro-transform-plugins/-/metro-transform-plugins-0.84.6.tgz 0ms (cache hit)
259 http cache metro-runtime@https://registry.npmjs.org/metro-runtime/-/metro-runtime-0.84.6.tgz 0ms (cache hit)
260 http cache metro-file-map@https://registry.npmjs.org/metro-file-map/-/metro-file-map-0.84.6.tgz 0ms (cache hit)
261 http cache metro-cache-key@https://registry.npmjs.org/metro-cache-key/-/metro-cache-key-0.84.6.tgz 0ms (cache hit)
262 http cache metro-minify-terser@https://registry.npmjs.org/metro-minify-terser/-/metro-minify-terser-0.84.6.tgz 0ms (cache hit)
263 http cache metro-cache@https://registry.npmjs.org/metro-cache/-/metro-cache-0.84.6.tgz 0ms (cache hit)
264 http cache metro-babel-transformer@https://registry.npmjs.org/metro-babel-transformer/-/metro-babel-transformer-0.84.6.tgz 0ms (cache hit)
265 http cache merge-options@https://registry.npmjs.org/merge-options/-/merge-options-3.0.4.tgz 0ms (cache hit)
266 http cache metro@https://registry.npmjs.org/metro/-/metro-0.84.6.tgz 0ms (cache hit)
267 http cache metro-core@https://registry.npmjs.org/metro-core/-/metro-core-0.84.6.tgz 0ms (cache hit)
268 http cache memoize-one@https://registry.npmjs.org/memoize-one/-/memoize-one-5.2.1.tgz 0ms (cache hit)
269 http cache metro-config@https://registry.npmjs.org/metro-config/-/metro-config-0.84.6.tgz 0ms (cache hit)
270 http cache merge-stream@https://registry.npmjs.org/merge-stream/-/merge-stream-2.0.0.tgz 0ms (cache hit)
271 http cache mdn-data@https://registry.npmjs.org/mdn-data/-/mdn-data-2.0.14.tgz 0ms (cache hit)
272 http cache marky@https://registry.npmjs.org/marky/-/marky-1.3.0.tgz 0ms (cache hit)
273 http cache makeerror@https://registry.npmjs.org/makeerror/-/makeerror-1.0.12.tgz 0ms (cache hit)
274 http cache lru-cache@https://registry.npmjs.org/lru-cache/-/lru-cache-5.1.1.tgz 0ms (cache hit)
275 http cache math-intrinsics@https://registry.npmjs.org/math-intrinsics/-/math-intrinsics-1.1.0.tgz 0ms (cache hit)
276 http cache lowercase-keys@https://registry.npmjs.org/lowercase-keys/-/lowercase-keys-2.0.0.tgz 0ms (cache hit)
277 http cache loose-envify@https://registry.npmjs.org/loose-envify/-/loose-envify-1.4.0.tgz 0ms (cache hit)
278 http cache log-symbols@https://registry.npmjs.org/log-symbols/-/log-symbols-2.2.0.tgz 0ms (cache hit)
279 http cache lodash.merge@https://registry.npmjs.org/lodash.merge/-/lodash.merge-4.6.2.tgz 0ms (cache hit)
280 http cache lodash.throttle@https://registry.npmjs.org/lodash.throttle/-/lodash.throttle-4.1.1.tgz 0ms (cache hit)
281 http cache lodash.debounce@https://registry.npmjs.org/lodash.debounce/-/lodash.debounce-4.0.8.tgz 0ms (cache hit)
282 http cache lightningcss@https://registry.npmjs.org/lightningcss/-/lightningcss-1.33.0.tgz 0ms (cache hit)
283 http cache locate-path@https://registry.npmjs.org/locate-path/-/locate-path-6.0.0.tgz 0ms (cache hit)
284 http cache levn@https://registry.npmjs.org/levn/-/levn-0.4.1.tgz 0ms (cache hit)
285 http cache lighthouse-logger@https://registry.npmjs.org/lighthouse-logger/-/lighthouse-logger-1.4.2.tgz 0ms (cache hit)
286 http cache lightningcss-darwin-arm64@https://registry.npmjs.org/lightningcss-darwin-arm64/-/lightningcss-darwin-arm64-1.33.0.tgz 0ms (cache hit)
287 http cache leven@https://registry.npmjs.org/leven/-/leven-3.1.0.tgz 0ms (cache hit)
288 http cache keyv@https://registry.npmjs.org/keyv/-/keyv-4.5.4.tgz 0ms (cache hit)
289 http cache kleur@https://registry.npmjs.org/kleur/-/kleur-3.0.3.tgz 0ms (cache hit)
290 http cache jsx-ast-utils@https://registry.npmjs.org/jsx-ast-utils/-/jsx-ast-utils-3.3.5.tgz 0ms (cache hit)
291 http cache lan-network@https://registry.npmjs.org/lan-network/-/lan-network-0.2.1.tgz 0ms (cache hit)
292 http cache json-stable-stringify-without-jsonify@https://registry.npmjs.org/json-stable-stringify-without-jsonify/-/json-stable-stringify-without-jsonify-1.0.1.tgz 0ms (cache hit)
293 http cache json-schema-traverse@https://registry.npmjs.org/json-schema-traverse/-/json-schema-traverse-0.4.1.tgz 0ms (cache hit)
294 http cache jsesc@https://registry.npmjs.org/jsesc/-/jsesc-3.1.0.tgz 0ms (cache hit)
295 http cache jsc-safe-url@https://registry.npmjs.org/jsc-safe-url/-/jsc-safe-url-0.2.4.tgz 0ms (cache hit)
296 http cache js-yaml@https://registry.npmjs.org/js-yaml/-/js-yaml-4.1.1.tgz 0ms (cache hit)
297 http cache json5@https://registry.npmjs.org/json5/-/json5-2.2.3.tgz 0ms (cache hit)
298 http cache jimp-compact@https://registry.npmjs.org/jimp-compact/-/jimp-compact-0.16.1.tgz 0ms (cache hit)
299 http cache jest-util@https://registry.npmjs.org/jest-util/-/jest-util-29.7.0.tgz 0ms (cache hit)
300 http cache jest-worker@https://registry.npmjs.org/jest-worker/-/jest-worker-29.7.0.tgz 0ms (cache hit)
301 http cache js-tokens@https://registry.npmjs.org/js-tokens/-/js-tokens-4.0.0.tgz 0ms (cache hit)
302 http cache jest-validate@https://registry.npmjs.org/jest-validate/-/jest-validate-29.7.0.tgz 0ms (cache hit)
303 http cache isexe@https://registry.npmjs.org/isexe/-/isexe-2.0.0.tgz 0ms (cache hit)
304 http cache jest-get-type@https://registry.npmjs.org/jest-get-type/-/jest-get-type-29.6.3.tgz 0ms (cache hit)
305 http cache iterator.prototype@https://registry.npmjs.org/iterator.prototype/-/iterator.prototype-1.1.5.tgz 0ms (cache hit)
306 http cache is-wsl@https://registry.npmjs.org/is-wsl/-/is-wsl-2.2.0.tgz 0ms (cache hit)
307 http cache isarray@https://registry.npmjs.org/isarray/-/isarray-2.0.5.tgz 0ms (cache hit)
308 http cache is-weakset@https://registry.npmjs.org/is-weakset/-/is-weakset-2.0.4.tgz 0ms (cache hit)
309 http cache is-weakref@https://registry.npmjs.org/is-weakref/-/is-weakref-1.1.1.tgz 0ms (cache hit)
310 http cache is-weakmap@https://registry.npmjs.org/is-weakmap/-/is-weakmap-2.0.2.tgz 0ms (cache hit)
311 http cache is-symbol@https://registry.npmjs.org/is-symbol/-/is-symbol-1.1.1.tgz 0ms (cache hit)
312 http cache is-string@https://registry.npmjs.org/is-string/-/is-string-1.1.1.tgz 0ms (cache hit)
313 http cache is-typed-array@https://registry.npmjs.org/is-typed-array/-/is-typed-array-1.1.15.tgz 0ms (cache hit)
314 http cache is-shared-array-buffer@https://registry.npmjs.org/is-shared-array-buffer/-/is-shared-array-buffer-1.0.4.tgz 0ms (cache hit)
315 http cache is-set@https://registry.npmjs.org/is-set/-/is-set-2.0.3.tgz 0ms (cache hit)
316 http cache is-regex@https://registry.npmjs.org/is-regex/-/is-regex-1.2.1.tgz 0ms (cache hit)
317 http cache is-plain-obj@https://registry.npmjs.org/is-plain-obj/-/is-plain-obj-2.1.0.tgz 0ms (cache hit)
318 http cache is-number-object@https://registry.npmjs.org/is-number-object/-/is-number-object-1.1.1.tgz 0ms (cache hit)
319 http cache is-negative-zero@https://registry.npmjs.org/is-negative-zero/-/is-negative-zero-2.0.3.tgz 0ms (cache hit)
320 http cache is-map@https://registry.npmjs.org/is-map/-/is-map-2.0.3.tgz 0ms (cache hit)
321 http cache is-number@https://registry.npmjs.org/is-number/-/is-number-7.0.0.tgz 0ms (cache hit)
322 http cache is-generator-function@https://registry.npmjs.org/is-generator-function/-/is-generator-function-1.1.2.tgz 0ms (cache hit)
323 http cache is-glob@https://registry.npmjs.org/is-glob/-/is-glob-4.0.3.tgz 0ms (cache hit)
324 http cache is-extglob@https://registry.npmjs.org/is-extglob/-/is-extglob-2.1.1.tgz 0ms (cache hit)
325 http cache is-fullwidth-code-point@https://registry.npmjs.org/is-fullwidth-code-point/-/is-fullwidth-code-point-3.0.0.tgz 0ms (cache hit)
326 http cache is-docker@https://registry.npmjs.org/is-docker/-/is-docker-2.2.1.tgz 0ms (cache hit)
327 http cache is-date-object@https://registry.npmjs.org/is-date-object/-/is-date-object-1.1.0.tgz 0ms (cache hit)
328 http cache is-callable@https://registry.npmjs.org/is-callable/-/is-callable-1.2.7.tgz 0ms (cache hit)
329 http cache is-core-module@https://registry.npmjs.org/is-core-module/-/is-core-module-2.16.2.tgz 0ms (cache hit)
330 http cache is-data-view@https://registry.npmjs.org/is-data-view/-/is-data-view-1.0.2.tgz 0ms (cache hit)
331 http cache is-boolean-object@https://registry.npmjs.org/is-boolean-object/-/is-boolean-object-1.2.2.tgz 0ms (cache hit)
332 http cache is-bun-module@https://registry.npmjs.org/is-bun-module/-/is-bun-module-2.0.0.tgz 0ms (cache hit)
333 http cache is-bigint@https://registry.npmjs.org/is-bigint/-/is-bigint-1.1.0.tgz 0ms (cache hit)
334 http cache is-async-function@https://registry.npmjs.org/is-async-function/-/is-async-function-2.1.1.tgz 0ms (cache hit)
335 http cache is-arrayish@https://registry.npmjs.org/is-arrayish/-/is-arrayish-0.3.4.tgz 0ms (cache hit)
336 http cache invariant@https://registry.npmjs.org/invariant/-/invariant-2.2.4.tgz 0ms (cache hit)
337 http cache is-finalizationregistry@https://registry.npmjs.org/is-finalizationregistry/-/is-finalizationregistry-1.1.1.tgz 0ms (cache hit)
338 http cache internal-slot@https://registry.npmjs.org/internal-slot/-/internal-slot-1.1.0.tgz 0ms (cache hit)
339 http cache is-array-buffer@https://registry.npmjs.org/is-array-buffer/-/is-array-buffer-3.0.5.tgz 0ms (cache hit)
340 http cache inline-style-prefixer@https://registry.npmjs.org/inline-style-prefixer/-/inline-style-prefixer-7.0.1.tgz 0ms (cache hit)
341 http cache ignore@https://registry.npmjs.org/ignore/-/ignore-5.3.2.tgz 0ms (cache hit)
342 http cache json-buffer@https://registry.npmjs.org/json-buffer/-/json-buffer-3.0.1.tgz 0ms (cache hit)
343 http cache inherits@https://registry.npmjs.org/inherits/-/inherits-2.0.4.tgz 0ms (cache hit)
344 http cache import-fresh@https://registry.npmjs.org/import-fresh/-/import-fresh-3.3.1.tgz 0ms (cache hit)
345 http cache hyphenate-style-name@https://registry.npmjs.org/hyphenate-style-name/-/hyphenate-style-name-1.1.0.tgz 0ms (cache hit)
346 http cache http-cache-semantics@https://registry.npmjs.org/http-cache-semantics/-/http-cache-semantics-4.2.0.tgz 0ms (cache hit)
347 http cache imurmurhash@https://registry.npmjs.org/imurmurhash/-/imurmurhash-0.1.4.tgz 0ms (cache hit)
348 http cache https-proxy-agent@https://registry.npmjs.org/https-proxy-agent/-/https-proxy-agent-7.0.6.tgz 0ms (cache hit)
349 http cache hosted-git-info@https://registry.npmjs.org/hosted-git-info/-/hosted-git-info-7.0.2.tgz 0ms (cache hit)
350 http cache hoist-non-react-statics@https://registry.npmjs.org/hoist-non-react-statics/-/hoist-non-react-statics-3.3.2.tgz 0ms (cache hit)
351 http cache hermes-parser@https://registry.npmjs.org/hermes-parser/-/hermes-parser-0.36.1.tgz 0ms (cache hit)
352 http cache http-errors@https://registry.npmjs.org/http-errors/-/http-errors-2.0.1.tgz 0ms (cache hit)
353 http cache hermes-estree@https://registry.npmjs.org/hermes-estree/-/hermes-estree-0.36.1.tgz 0ms (cache hit)
354 http cache http2-wrapper@https://registry.npmjs.org/http2-wrapper/-/http2-wrapper-1.0.3.tgz 0ms (cache hit)
355 http cache has-tostringtag@https://registry.npmjs.org/has-tostringtag/-/has-tostringtag-1.0.2.tgz 0ms (cache hit)
356 http cache hermes-compiler@https://registry.npmjs.org/hermes-compiler/-/hermes-compiler-250829098.0.17.tgz 0ms (cache hit)
357 http cache has-proto@https://registry.npmjs.org/has-proto/-/has-proto-1.2.0.tgz 0ms (cache hit)
358 http cache has-property-descriptors@https://registry.npmjs.org/has-property-descriptors/-/has-property-descriptors-1.0.2.tgz 0ms (cache hit)
359 http cache has-flag@https://registry.npmjs.org/has-flag/-/has-flag-4.0.0.tgz 0ms (cache hit)
360 http cache has-symbols@https://registry.npmjs.org/has-symbols/-/has-symbols-1.1.0.tgz 0ms (cache hit)
361 http cache graceful-fs@https://registry.npmjs.org/graceful-fs/-/graceful-fs-4.2.11.tgz 0ms (cache hit)
362 http cache has-bigints@https://registry.npmjs.org/has-bigints/-/has-bigints-1.1.0.tgz 0ms (cache hit)
363 http cache gopd@https://registry.npmjs.org/gopd/-/gopd-1.2.0.tgz 0ms (cache hit)
364 http cache hasown@https://registry.npmjs.org/hasown/-/hasown-2.0.3.tgz 0ms (cache hit)
365 http cache glob-parent@https://registry.npmjs.org/glob-parent/-/glob-parent-6.0.2.tgz 0ms (cache hit)
366 http cache got@https://registry.npmjs.org/got/-/got-11.8.6.tgz 0ms (cache hit)
367 http cache globals@https://registry.npmjs.org/globals/-/globals-14.0.0.tgz 0ms (cache hit)
368 http cache glob@https://registry.npmjs.org/glob/-/glob-13.0.6.tgz 0ms (cache hit)
369 http cache globalthis@https://registry.npmjs.org/globalthis/-/globalthis-1.0.4.tgz 0ms (cache hit)
370 http cache get-symbol-description@https://registry.npmjs.org/get-symbol-description/-/get-symbol-description-1.1.0.tgz 0ms (cache hit)
371 http cache getenv@https://registry.npmjs.org/getenv/-/getenv-2.0.0.tgz 0ms (cache hit)
372 http cache get-tsconfig@https://registry.npmjs.org/get-tsconfig/-/get-tsconfig-4.14.0.tgz 0ms (cache hit)
373 http cache get-nonce@https://registry.npmjs.org/get-nonce/-/get-nonce-1.0.1.tgz 0ms (cache hit)
374 http cache get-stream@https://registry.npmjs.org/get-stream/-/get-stream-5.2.0.tgz 0ms (cache hit)
375 http cache get-caller-file@https://registry.npmjs.org/get-caller-file/-/get-caller-file-2.0.5.tgz 0ms (cache hit)
376 http cache get-intrinsic@https://registry.npmjs.org/get-intrinsic/-/get-intrinsic-1.3.0.tgz 0ms (cache hit)
377 http cache get-proto@https://registry.npmjs.org/get-proto/-/get-proto-1.0.1.tgz 0ms (cache hit)
378 http cache generator-function@https://registry.npmjs.org/generator-function/-/generator-function-2.0.1.tgz 0ms (cache hit)
379 http cache gensync@https://registry.npmjs.org/gensync/-/gensync-1.0.0-beta.2.tgz 0ms (cache hit)
380 http cache functions-have-names@https://registry.npmjs.org/functions-have-names/-/functions-have-names-1.2.3.tgz 0ms (cache hit)
381 http cache for-each@https://registry.npmjs.org/for-each/-/for-each-0.3.5.tgz 0ms (cache hit)
382 http cache function-bind@https://registry.npmjs.org/function-bind/-/function-bind-1.1.2.tgz 0ms (cache hit)
383 http cache fontfaceobserver@https://registry.npmjs.org/fontfaceobserver/-/fontfaceobserver-2.3.0.tgz 0ms (cache hit)
384 http cache fresh@https://registry.npmjs.org/fresh/-/fresh-0.5.2.tgz 0ms (cache hit)
385 http cache flow-enums-runtime@https://registry.npmjs.org/flow-enums-runtime/-/flow-enums-runtime-0.0.6.tgz 0ms (cache hit)
386 http cache function.prototype.name@https://registry.npmjs.org/function.prototype.name/-/function.prototype.name-1.1.8.tgz 0ms (cache hit)
387 http cache find-up@https://registry.npmjs.org/find-up/-/find-up-5.0.0.tgz 0ms (cache hit)
388 http cache flat-cache@https://registry.npmjs.org/flat-cache/-/flat-cache-4.0.1.tgz 0ms (cache hit)
389 http cache filter-obj@https://registry.npmjs.org/filter-obj/-/filter-obj-1.1.0.tgz 0ms (cache hit)
390 http cache fill-range@https://registry.npmjs.org/fill-range/-/fill-range-7.1.1.tgz 0ms (cache hit)
391 http cache fetch-nodeshim@https://registry.npmjs.org/fetch-nodeshim/-/fetch-nodeshim-0.4.10.tgz 0ms (cache hit)
392 http cache flatted@https://registry.npmjs.org/flatted/-/flatted-3.4.2.tgz 0ms (cache hit)
393 http cache fdir@https://registry.npmjs.org/fdir/-/fdir-6.5.0.tgz 0ms (cache hit)
394 http cache file-entry-cache@https://registry.npmjs.org/file-entry-cache/-/file-entry-cache-8.0.0.tgz 0ms (cache hit)
395 http cache finalhandler@https://registry.npmjs.org/finalhandler/-/finalhandler-1.1.2.tgz 0ms (cache hit)
396 http cache fbjs-css-vars@https://registry.npmjs.org/fbjs-css-vars/-/fbjs-css-vars-1.0.2.tgz 0ms (cache hit)
397 http cache fbjs@https://registry.npmjs.org/fbjs/-/fbjs-3.0.5.tgz 0ms (cache hit)
398 http cache fb-watchman@https://registry.npmjs.org/fb-watchman/-/fb-watchman-2.0.2.tgz 0ms (cache hit)
399 http cache fast-deep-equal@https://registry.npmjs.org/fast-deep-equal/-/fast-deep-equal-3.1.3.tgz 0ms (cache hit)
400 http cache exponential-backoff@https://registry.npmjs.org/exponential-backoff/-/exponential-backoff-3.1.3.tgz 0ms (cache hit)
401 http cache fast-levenshtein@https://registry.npmjs.org/fast-levenshtein/-/fast-levenshtein-2.0.6.tgz 0ms (cache hit)
402 http cache fb-dotslash@https://registry.npmjs.org/fb-dotslash/-/fb-dotslash-0.5.8.tgz 0ms (cache hit)
403 http cache expo-web-browser@https://registry.npmjs.org/expo-web-browser/-/expo-web-browser-57.0.2.tgz 0ms (cache hit)
404 http cache fast-json-stable-stringify@https://registry.npmjs.org/fast-json-stable-stringify/-/fast-json-stable-stringify-2.1.0.tgz 0ms (cache hit)
405 http cache expo-status-bar@https://registry.npmjs.org/expo-status-bar/-/expo-status-bar-57.0.1.tgz 0ms (cache hit)
406 http cache expo-system-ui@https://registry.npmjs.org/expo-system-ui/-/expo-system-ui-57.0.3.tgz 0ms (cache hit)
407 http cache expo-server@https://registry.npmjs.org/expo-server/-/expo-server-57.0.3.tgz 0ms (cache hit)
408 http cache expo-screen-capture@https://registry.npmjs.org/expo-screen-capture/-/expo-screen-capture-57.0.2.tgz 0ms (cache hit)
409 http cache expo-router@https://registry.npmjs.org/expo-router/-/expo-router-57.0.20.tgz 0ms (cache hit)
410 http cache expo-notifications@https://registry.npmjs.org/expo-notifications/-/expo-notifications-57.0.17.tgz 0ms (cache hit)
411 http cache expo-splash-screen@https://registry.npmjs.org/expo-splash-screen/-/expo-splash-screen-57.0.8.tgz 0ms (cache hit)
412 http cache expo-symbols@https://registry.npmjs.org/expo-symbols/-/expo-symbols-57.0.2.tgz 0ms (cache hit)
413 http cache expo-modules-autolinking@https://registry.npmjs.org/expo-modules-autolinking/-/expo-modules-autolinking-57.0.12.tgz 0ms (cache hit)
414 http cache expo-linking@https://registry.npmjs.org/expo-linking/-/expo-linking-57.0.9.tgz 0ms (cache hit)
415 http cache expo-linear-gradient@https://registry.npmjs.org/expo-linear-gradient/-/expo-linear-gradient-57.0.1.tgz 0ms (cache hit)
416 http cache expo-image-picker@https://registry.npmjs.org/expo-image-picker/-/expo-image-picker-57.0.16.tgz 0ms (cache hit)
417 http cache expo-location@https://registry.npmjs.org/expo-location/-/expo-location-57.0.16.tgz 0ms (cache hit)
418 http cache expo-modules-jsi@https://registry.npmjs.org/expo-modules-jsi/-/expo-modules-jsi-57.1.0.tgz 0ms (cache hit)
419 http cache expo-keep-awake@https://registry.npmjs.org/expo-keep-awake/-/expo-keep-awake-57.0.1.tgz 0ms (cache hit)
420 http cache expo-image-manipulator@https://registry.npmjs.org/expo-image-manipulator/-/expo-image-manipulator-57.0.16.tgz 0ms (cache hit)
421 http cache expo-haptics@https://registry.npmjs.org/expo-haptics/-/expo-haptics-57.0.2.tgz 0ms (cache hit)
422 http cache expo-glass-effect@https://registry.npmjs.org/expo-glass-effect/-/expo-glass-effect-57.0.2.tgz 0ms (cache hit)
423 http cache expo-file-system@https://registry.npmjs.org/expo-file-system/-/expo-file-system-57.0.6.tgz 0ms (cache hit)
424 http cache expo-crypto@https://registry.npmjs.org/expo-crypto/-/expo-crypto-57.0.2.tgz 0ms (cache hit)
425 http cache expo-image-loader@https://registry.npmjs.org/expo-image-loader/-/expo-image-loader-57.0.1.tgz 0ms (cache hit)
426 http cache expo-font@https://registry.npmjs.org/expo-font/-/expo-font-57.0.3.tgz 0ms (cache hit)
427 http cache expo-device@https://registry.npmjs.org/expo-device/-/expo-device-57.0.1.tgz 0ms (cache hit)
428 http cache expo-camera@https://registry.npmjs.org/expo-camera/-/expo-camera-57.0.5.tgz 0ms (cache hit)
429 http cache expo-image@https://registry.npmjs.org/expo-image/-/expo-image-57.0.4.tgz 0ms (cache hit)
430 http cache expo-clipboard@https://registry.npmjs.org/expo-clipboard/-/expo-clipboard-57.0.1.tgz 0ms (cache hit)
431 http cache expo-build-properties@https://registry.npmjs.org/expo-build-properties/-/expo-build-properties-57.0.17.tgz 0ms (cache hit)
432 http cache expo-constants@https://registry.npmjs.org/expo-constants/-/expo-constants-57.0.17.tgz 0ms (cache hit)
433 http cache expo-blur@https://registry.npmjs.org/expo-blur/-/expo-blur-57.0.2.tgz 0ms (cache hit)
434 http cache expo-audio@https://registry.npmjs.org/expo-audio/-/expo-audio-57.0.4.tgz 0ms (cache hit)
435 http cache expo-asset@https://registry.npmjs.org/expo-asset/-/expo-asset-57.0.16.tgz 0ms (cache hit)
436 http cache expo-application@https://registry.npmjs.org/expo-application/-/expo-application-57.0.2.tgz 0ms (cache hit)
437 http cache expo-auth-session@https://registry.npmjs.org/expo-auth-session/-/expo-auth-session-57.0.11.tgz 0ms (cache hit)
438 http cache event-target-shim@https://registry.npmjs.org/event-target-shim/-/event-target-shim-5.0.1.tgz 0ms (cache hit)
439 http cache esutils@https://registry.npmjs.org/esutils/-/esutils-2.0.3.tgz 0ms (cache hit)
440 http cache esrecurse@https://registry.npmjs.org/esrecurse/-/esrecurse-4.3.0.tgz 0ms (cache hit)
441 http cache esquery@https://registry.npmjs.org/esquery/-/esquery-1.7.0.tgz 0ms (cache hit)
442 http cache expo@https://registry.npmjs.org/expo/-/expo-57.0.21.tgz 0ms (cache hit)
443 http cache estraverse@https://registry.npmjs.org/estraverse/-/estraverse-5.3.0.tgz 0ms (cache hit)
444 http cache espree@https://registry.npmjs.org/espree/-/espree-10.4.0.tgz 0ms (cache hit)
445 http cache etag@https://registry.npmjs.org/etag/-/etag-1.8.1.tgz 0ms (cache hit)
446 http cache eslint-plugin-react-hooks@https://registry.npmjs.org/eslint-plugin-react-hooks/-/eslint-plugin-react-hooks-7.1.1.tgz 0ms (cache hit)
447 http cache eslint-plugin-import@https://registry.npmjs.org/eslint-plugin-import/-/eslint-plugin-import-2.32.0.tgz 0ms (cache hit)
448 http cache eslint-visitor-keys@https://registry.npmjs.org/eslint-visitor-keys/-/eslint-visitor-keys-4.2.1.tgz 0ms (cache hit)
449 http cache eslint-plugin-react@https://registry.npmjs.org/eslint-plugin-react/-/eslint-plugin-react-7.37.5.tgz 0ms (cache hit)
450 http cache eslint-module-utils@https://registry.npmjs.org/eslint-module-utils/-/eslint-module-utils-2.12.1.tgz 0ms (cache hit)
451 http cache eslint-scope@https://registry.npmjs.org/eslint-scope/-/eslint-scope-8.4.0.tgz 0ms (cache hit)
452 http cache eslint-import-resolver-node@https://registry.npmjs.org/eslint-import-resolver-node/-/eslint-import-resolver-node-0.3.10.tgz 0ms (cache hit)
453 http cache eslint-plugin-expo@https://registry.npmjs.org/eslint-plugin-expo/-/eslint-plugin-expo-1.1.0.tgz 0ms (cache hit)
454 http cache escape-string-regexp@https://registry.npmjs.org/escape-string-regexp/-/escape-string-regexp-4.0.0.tgz 0ms (cache hit)
455 http cache eslint@https://registry.npmjs.org/eslint/-/eslint-9.39.4.tgz 0ms (cache hit)
456 http cache escalade@https://registry.npmjs.org/escalade/-/escalade-3.2.0.tgz 0ms (cache hit)
457 http cache escape-html@https://registry.npmjs.org/escape-html/-/escape-html-1.0.3.tgz 0ms (cache hit)
458 http cache eslint-import-resolver-typescript@https://registry.npmjs.org/eslint-import-resolver-typescript/-/eslint-import-resolver-typescript-3.10.1.tgz 0ms (cache hit)
459 http cache es-shim-unscopables@https://registry.npmjs.org/es-shim-unscopables/-/es-shim-unscopables-1.1.0.tgz 0ms (cache hit)
460 http cache eslint-config-expo@https://registry.npmjs.org/eslint-config-expo/-/eslint-config-expo-57.0.2.tgz 0ms (cache hit)
461 http cache es-to-primitive@https://registry.npmjs.org/es-to-primitive/-/es-to-primitive-1.3.0.tgz 0ms (cache hit)
462 http cache es-errors@https://registry.npmjs.org/es-errors/-/es-errors-1.3.0.tgz 0ms (cache hit)
463 http cache es-object-atoms@https://registry.npmjs.org/es-object-atoms/-/es-object-atoms-1.1.1.tgz 0ms (cache hit)
464 http cache es-iterator-helpers@https://registry.npmjs.org/es-iterator-helpers/-/es-iterator-helpers-1.3.2.tgz 0ms (cache hit)
465 http cache error-stack-parser@https://registry.npmjs.org/error-stack-parser/-/error-stack-parser-2.1.4.tgz 0ms (cache hit)
466 http cache es-define-property@https://registry.npmjs.org/es-define-property/-/es-define-property-1.0.1.tgz 0ms (cache hit)
467 http cache engine.io-client@https://registry.npmjs.org/engine.io-client/-/engine.io-client-6.6.6.tgz 0ms (cache hit)
468 http cache end-of-stream@https://registry.npmjs.org/end-of-stream/-/end-of-stream-1.4.5.tgz 0ms (cache hit)
469 http cache es-set-tostringtag@https://registry.npmjs.org/es-set-tostringtag/-/es-set-tostringtag-2.1.0.tgz 0ms (cache hit)
470 http cache engine.io-parser@https://registry.npmjs.org/engine.io-parser/-/engine.io-parser-5.2.3.tgz 0ms (cache hit)
471 http cache entities@https://registry.npmjs.org/entities/-/entities-4.5.0.tgz 0ms (cache hit)
472 http cache emoji-regex@https://registry.npmjs.org/emoji-regex/-/emoji-regex-8.0.0.tgz 0ms (cache hit)
473 http cache encodeurl@https://registry.npmjs.org/encodeurl/-/encodeurl-1.0.2.tgz 0ms (cache hit)
474 http cache es-abstract@https://registry.npmjs.org/es-abstract/-/es-abstract-1.24.2.tgz 0ms (cache hit)
475 http cache domutils@https://registry.npmjs.org/domutils/-/domutils-3.2.2.tgz 0ms (cache hit)
476 http cache ee-first@https://registry.npmjs.org/ee-first/-/ee-first-1.1.1.tgz 0ms (cache hit)
477 http cache domelementtype@https://registry.npmjs.org/domelementtype/-/domelementtype-2.3.0.tgz 0ms (cache hit)
478 http cache domhandler@https://registry.npmjs.org/domhandler/-/domhandler-5.0.3.tgz 0ms (cache hit)
479 http cache dunder-proto@https://registry.npmjs.org/dunder-proto/-/dunder-proto-1.0.1.tgz 0ms (cache hit)
480 http cache electron-to-chromium@https://registry.npmjs.org/electron-to-chromium/-/electron-to-chromium-1.5.427.tgz 0ms (cache hit)
481 http cache doctrine@https://registry.npmjs.org/doctrine/-/doctrine-2.1.0.tgz 0ms (cache hit)
482 http cache detect-node-es@https://registry.npmjs.org/detect-node-es/-/detect-node-es-1.1.0.tgz 0ms (cache hit)
483 http cache depd@https://registry.npmjs.org/depd/-/depd-2.0.0.tgz 0ms (cache hit)
484 http cache dom-serializer@https://registry.npmjs.org/dom-serializer/-/dom-serializer-2.0.0.tgz 0ms (cache hit)
485 http cache dnssd-advertise@https://registry.npmjs.org/dnssd-advertise/-/dnssd-advertise-1.1.6.tgz 0ms (cache hit)
486 http cache destroy@https://registry.npmjs.org/destroy/-/destroy-1.2.0.tgz 0ms (cache hit)
487 http cache detect-libc@https://registry.npmjs.org/detect-libc/-/detect-libc-2.1.2.tgz 0ms (cache hit)
488 http cache defer-to-connect@https://registry.npmjs.org/defer-to-connect/-/defer-to-connect-2.0.1.tgz 0ms (cache hit)
489 http cache define-properties@https://registry.npmjs.org/define-properties/-/define-properties-1.2.1.tgz 0ms (cache hit)
490 http cache defaults@https://registry.npmjs.org/defaults/-/defaults-1.0.4.tgz 0ms (cache hit)
491 http cache define-data-property@https://registry.npmjs.org/define-data-property/-/define-data-property-1.1.4.tgz 0ms (cache hit)
492 http cache decode-uri-component@https://registry.npmjs.org/decode-uri-component/-/decode-uri-component-0.2.2.tgz 0ms (cache hit)
493 http cache decompress-response@https://registry.npmjs.org/decompress-response/-/decompress-response-6.0.0.tgz 0ms (cache hit)
494 http cache data-view-byte-offset@https://registry.npmjs.org/data-view-byte-offset/-/data-view-byte-offset-1.0.1.tgz 0ms (cache hit)
495 http cache deepmerge@https://registry.npmjs.org/deepmerge/-/deepmerge-4.3.1.tgz 0ms (cache hit)
496 http cache data-view-byte-length@https://registry.npmjs.org/data-view-byte-length/-/data-view-byte-length-1.0.2.tgz 0ms (cache hit)
497 http cache data-view-buffer@https://registry.npmjs.org/data-view-buffer/-/data-view-buffer-1.0.2.tgz 0ms (cache hit)
498 http cache css-what@https://registry.npmjs.org/css-what/-/css-what-6.2.2.tgz 0ms (cache hit)
499 http cache debug@https://registry.npmjs.org/debug/-/debug-4.4.3.tgz 0ms (cache hit)
500 http cache css-tree@https://registry.npmjs.org/css-tree/-/css-tree-1.1.3.tgz 0ms (cache hit)
501 http cache css-select@https://registry.npmjs.org/css-select/-/css-select-5.2.2.tgz 0ms (cache hit)
502 http cache csstype@https://registry.npmjs.org/csstype/-/csstype-3.2.3.tgz 0ms (cache hit)
503 http cache cross-spawn@https://registry.npmjs.org/cross-spawn/-/cross-spawn-7.0.6.tgz 0ms (cache hit)
504 http cache cross-fetch@https://registry.npmjs.org/cross-fetch/-/cross-fetch-3.2.0.tgz 0ms (cache hit)
505 http cache css-in-js-utils@https://registry.npmjs.org/css-in-js-utils/-/css-in-js-utils-3.1.0.tgz 0ms (cache hit)
506 http cache core-js-compat@https://registry.npmjs.org/core-js-compat/-/core-js-compat-3.50.0.tgz 0ms (cache hit)
507 http cache content-type@https://registry.npmjs.org/content-type/-/content-type-2.1.0.tgz 0ms (cache hit)
508 http cache convert-source-map@https://registry.npmjs.org/convert-source-map/-/convert-source-map-2.0.0.tgz 0ms (cache hit)
509 http cache compression@https://registry.npmjs.org/compression/-/compression-1.8.1.tgz 0ms (cache hit)
510 http cache commander@https://registry.npmjs.org/commander/-/commander-7.2.0.tgz 0ms (cache hit)
511 http cache compressible@https://registry.npmjs.org/compressible/-/compressible-2.0.18.tgz 0ms (cache hit)
512 http cache concat-map@https://registry.npmjs.org/concat-map/-/concat-map-0.0.1.tgz 0ms (cache hit)
513 http cache color-string@https://registry.npmjs.org/color-string/-/color-string-1.9.1.tgz 0ms (cache hit)
514 http cache color-convert@https://registry.npmjs.org/color-convert/-/color-convert-2.0.1.tgz 0ms (cache hit)
515 http cache color-name@https://registry.npmjs.org/color-name/-/color-name-1.1.4.tgz 0ms (cache hit)
516 http cache connect@https://registry.npmjs.org/connect/-/connect-3.7.0.tgz 0ms (cache hit)
517 http cache clone-response@https://registry.npmjs.org/clone-response/-/clone-response-1.0.3.tgz 0ms (cache hit)
518 http cache cliui@https://registry.npmjs.org/cliui/-/cliui-8.0.1.tgz 0ms (cache hit)
519 http cache client-only@https://registry.npmjs.org/client-only/-/client-only-0.0.1.tgz 0ms (cache hit)
520 http cache clone@https://registry.npmjs.org/clone/-/clone-1.0.4.tgz 0ms (cache hit)
521 http cache color@https://registry.npmjs.org/color/-/color-4.2.3.tgz 0ms (cache hit)
522 http cache cli-spinners@https://registry.npmjs.org/cli-spinners/-/cli-spinners-2.9.2.tgz 0ms (cache hit)
523 http cache chrome-launcher@https://registry.npmjs.org/chrome-launcher/-/chrome-launcher-0.15.2.tgz 0ms (cache hit)
524 http cache chromium-edge-launcher@https://registry.npmjs.org/chromium-edge-launcher/-/chromium-edge-launcher-0.3.0.tgz 0ms (cache hit)
525 http cache cli-cursor@https://registry.npmjs.org/cli-cursor/-/cli-cursor-2.1.0.tgz 0ms (cache hit)
526 http cache deep-is@https://registry.npmjs.org/deep-is/-/deep-is-0.1.4.tgz 0ms (cache hit)
527 http cache chalk@https://registry.npmjs.org/chalk/-/chalk-4.1.2.tgz 0ms (cache hit)
528 http cache ci-info@https://registry.npmjs.org/ci-info/-/ci-info-2.0.0.tgz 0ms (cache hit)
529 http cache call-bound@https://registry.npmjs.org/call-bound/-/call-bound-1.0.4.tgz 0ms (cache hit)
530 http cache callsites@https://registry.npmjs.org/callsites/-/callsites-3.1.0.tgz 0ms (cache hit)
531 http cache caniuse-lite@https://registry.npmjs.org/caniuse-lite/-/caniuse-lite-1.0.30001810.tgz 0ms (cache hit)
532 http cache call-bind@https://registry.npmjs.org/call-bind/-/call-bind-1.0.9.tgz 0ms (cache hit)
533 http cache camelcase@https://registry.npmjs.org/camelcase/-/camelcase-6.3.0.tgz 0ms (cache hit)
534 http cache cacheable-request@https://registry.npmjs.org/cacheable-request/-/cacheable-request-7.0.4.tgz 0ms (cache hit)
535 http cache cacheable-lookup@https://registry.npmjs.org/cacheable-lookup/-/cacheable-lookup-5.0.4.tgz 0ms (cache hit)
536 http cache browserslist@https://registry.npmjs.org/browserslist/-/browserslist-4.28.9.tgz 0ms (cache hit)
537 http cache call-bind-apply-helpers@https://registry.npmjs.org/call-bind-apply-helpers/-/call-bind-apply-helpers-1.0.2.tgz 0ms (cache hit)
538 http cache bytes@https://registry.npmjs.org/bytes/-/bytes-3.1.2.tgz 0ms (cache hit)
539 http cache braces@https://registry.npmjs.org/braces/-/braces-3.0.3.tgz 0ms (cache hit)
540 http cache bplist-creator@https://registry.npmjs.org/bplist-creator/-/bplist-creator-0.1.0.tgz 0ms (cache hit)
541 http cache buffer-from@https://registry.npmjs.org/buffer-from/-/buffer-from-1.1.2.tgz 0ms (cache hit)
542 http cache bser@https://registry.npmjs.org/bser/-/bser-2.1.1.tgz 0ms (cache hit)
543 http cache brace-expansion@https://registry.npmjs.org/brace-expansion/-/brace-expansion-1.1.14.tgz 0ms (cache hit)
544 http cache big-integer@https://registry.npmjs.org/big-integer/-/big-integer-1.6.52.tgz 0ms (cache hit)
545 http cache base64-js@https://registry.npmjs.org/base64-js/-/base64-js-1.5.1.tgz 0ms (cache hit)
546 http cache bplist-parser@https://registry.npmjs.org/bplist-parser/-/bplist-parser-0.3.1.tgz 0ms (cache hit)
547 http cache baseline-browser-mapping@https://registry.npmjs.org/baseline-browser-mapping/-/baseline-browser-mapping-2.11.22.tgz 0ms (cache hit)
548 http cache barcode-detector@https://registry.npmjs.org/barcode-detector/-/barcode-detector-3.2.2.tgz 0ms (cache hit)
549 http cache badgin@https://registry.npmjs.org/badgin/-/badgin-1.2.3.tgz 0ms (cache hit)
550 http cache boolbase@https://registry.npmjs.org/boolbase/-/boolbase-1.0.0.tgz 0ms (cache hit)
551 http cache balanced-match@https://registry.npmjs.org/balanced-match/-/balanced-match-1.0.2.tgz 0ms (cache hit)
552 http cache babel-preset-expo@https://registry.npmjs.org/babel-preset-expo/-/babel-preset-expo-57.0.11.tgz 0ms (cache hit)
553 http cache babel-plugin-transform-flow-enums@https://registry.npmjs.org/babel-plugin-transform-flow-enums/-/babel-plugin-transform-flow-enums-0.0.2.tgz 0ms (cache hit)
554 http cache babel-plugin-syntax-hermes-parser@https://registry.npmjs.org/babel-plugin-syntax-hermes-parser/-/babel-plugin-syntax-hermes-parser-0.36.1.tgz 0ms (cache hit)
555 http cache babel-plugin-polyfill-corejs3@https://registry.npmjs.org/babel-plugin-polyfill-corejs3/-/babel-plugin-polyfill-corejs3-0.13.0.tgz 0ms (cache hit)
556 http cache babel-plugin-polyfill-corejs2@https://registry.npmjs.org/babel-plugin-polyfill-corejs2/-/babel-plugin-polyfill-corejs2-0.4.17.tgz 0ms (cache hit)
557 http cache babel-plugin-react-compiler@https://registry.npmjs.org/babel-plugin-react-compiler/-/babel-plugin-react-compiler-1.0.0.tgz 0ms (cache hit)
558 http cache asap@https://registry.npmjs.org/asap/-/asap-2.0.6.tgz 0ms (cache hit)
559 http cache arraybuffer.prototype.slice@https://registry.npmjs.org/arraybuffer.prototype.slice/-/arraybuffer.prototype.slice-1.0.4.tgz 0ms (cache hit)
560 http cache async-function@https://registry.npmjs.org/async-function/-/async-function-1.0.0.tgz 0ms (cache hit)
561 http cache available-typed-arrays@https://registry.npmjs.org/available-typed-arrays/-/available-typed-arrays-1.0.7.tgz 0ms (cache hit)
562 http cache array.prototype.flatmap@https://registry.npmjs.org/array.prototype.flatmap/-/array.prototype.flatmap-1.3.3.tgz 0ms (cache hit)
563 http cache babel-plugin-polyfill-regenerator@https://registry.npmjs.org/babel-plugin-polyfill-regenerator/-/babel-plugin-polyfill-regenerator-0.6.8.tgz 0ms (cache hit)
564 http cache array.prototype.flat@https://registry.npmjs.org/array.prototype.flat/-/array.prototype.flat-1.3.3.tgz 0ms (cache hit)
565 http cache array.prototype.findlast@https://registry.npmjs.org/array.prototype.findlast/-/array.prototype.findlast-1.2.5.tgz 0ms (cache hit)
566 http cache aria-hidden@https://registry.npmjs.org/aria-hidden/-/aria-hidden-1.2.6.tgz 0ms (cache hit)
567 http cache array.prototype.findlastindex@https://registry.npmjs.org/array.prototype.findlastindex/-/array.prototype.findlastindex-1.2.6.tgz 0ms (cache hit)
568 http cache array-includes@https://registry.npmjs.org/array-includes/-/array-includes-3.1.9.tgz 0ms (cache hit)
569 http cache babel-plugin-react-native-web@https://registry.npmjs.org/babel-plugin-react-native-web/-/babel-plugin-react-native-web-0.21.2.tgz 0ms (cache hit)
570 http cache argparse@https://registry.npmjs.org/argparse/-/argparse-2.0.1.tgz 0ms (cache hit)
571 http cache array.prototype.tosorted@https://registry.npmjs.org/array.prototype.tosorted/-/array.prototype.tosorted-1.1.4.tgz 0ms (cache hit)
572 http cache array-buffer-byte-length@https://registry.npmjs.org/array-buffer-byte-length/-/array-buffer-byte-length-1.0.2.tgz 0ms (cache hit)
573 http cache ansi-regex@https://registry.npmjs.org/ansi-regex/-/ansi-regex-5.0.1.tgz 0ms (cache hit)
574 http cache arg@https://registry.npmjs.org/arg/-/arg-5.0.2.tgz 0ms (cache hit)
575 http cache ansi-escapes@https://registry.npmjs.org/ansi-escapes/-/ansi-escapes-4.3.2.tgz 0ms (cache hit)
576 http cache anser@https://registry.npmjs.org/anser/-/anser-1.4.10.tgz 0ms (cache hit)
577 http cache ansi-styles@https://registry.npmjs.org/ansi-styles/-/ansi-styles-4.3.0.tgz 0ms (cache hit)
578 http cache ajv@https://registry.npmjs.org/ajv/-/ajv-6.15.0.tgz 0ms (cache hit)
579 http cache acorn-jsx@https://registry.npmjs.org/acorn-jsx/-/acorn-jsx-5.3.2.tgz 0ms (cache hit)
580 http cache agent-base@https://registry.npmjs.org/agent-base/-/agent-base-7.1.4.tgz 0ms (cache hit)
581 http cache agent-cli-detector@https://registry.npmjs.org/agent-cli-detector/-/agent-cli-detector-0.1.7.tgz 0ms (cache hit)
582 http cache accepts@https://registry.npmjs.org/accepts/-/accepts-2.0.0.tgz 0ms (cache hit)
583 http cache abort-controller@https://registry.npmjs.org/abort-controller/-/abort-controller-3.0.0.tgz 0ms (cache hit)
584 http cache @ungap/structured-clone@https://registry.npmjs.org/@ungap/structured-clone/-/structured-clone-1.3.1.tgz 0ms (cache hit)
585 http cache @typescript-eslint/utils@https://registry.npmjs.org/@typescript-eslint/utils/-/utils-8.59.3.tgz 0ms (cache hit)
586 http cache @xmldom/xmldom@https://registry.npmjs.org/@xmldom/xmldom/-/xmldom-0.8.13.tgz 0ms (cache hit)
587 http cache @typescript-eslint/visitor-keys@https://registry.npmjs.org/@typescript-eslint/visitor-keys/-/visitor-keys-8.59.3.tgz 0ms (cache hit)
588 http cache @typescript-eslint/types@https://registry.npmjs.org/@typescript-eslint/types/-/types-8.59.3.tgz 0ms (cache hit)
589 http cache @typescript-eslint/typescript-estree@https://registry.npmjs.org/@typescript-eslint/typescript-estree/-/typescript-estree-8.59.3.tgz 0ms (cache hit)
590 http cache @unrs/resolver-binding-darwin-arm64@https://registry.npmjs.org/@unrs/resolver-binding-darwin-arm64/-/resolver-binding-darwin-arm64-1.11.1.tgz 0ms (cache hit)
591 http cache acorn@https://registry.npmjs.org/acorn/-/acorn-8.16.0.tgz 0ms (cache hit)
592 http cache @typescript-eslint/tsconfig-utils@https://registry.npmjs.org/@typescript-eslint/tsconfig-utils/-/tsconfig-utils-8.59.3.tgz 0ms (cache hit)
593 http cache @typescript-eslint/type-utils@https://registry.npmjs.org/@typescript-eslint/type-utils/-/type-utils-8.59.3.tgz 0ms (cache hit)
594 http cache @typescript-eslint/project-service@https://registry.npmjs.org/@typescript-eslint/project-service/-/project-service-8.59.3.tgz 0ms (cache hit)
595 http cache @typescript-eslint/eslint-plugin@https://registry.npmjs.org/@typescript-eslint/eslint-plugin/-/eslint-plugin-8.59.3.tgz 0ms (cache hit)
596 http cache @typescript-eslint/scope-manager@https://registry.npmjs.org/@typescript-eslint/scope-manager/-/scope-manager-8.59.3.tgz 0ms (cache hit)
597 http cache @types/react-test-renderer@https://registry.npmjs.org/@types/react-test-renderer/-/react-test-renderer-19.3.0.tgz 0ms (cache hit)
598 http cache @types/react@https://registry.npmjs.org/@types/react/-/react-19.2.18.tgz 0ms (cache hit)
599 http cache @typescript-eslint/parser@https://registry.npmjs.org/@typescript-eslint/parser/-/parser-8.59.3.tgz 0ms (cache hit)
600 http cache @types/yargs@https://registry.npmjs.org/@types/yargs/-/yargs-17.0.35.tgz 0ms (cache hit)
601 http cache @types/node@https://registry.npmjs.org/@types/node/-/node-25.6.2.tgz 0ms (cache hit)
602 http cache @types/responselike@https://registry.npmjs.org/@types/responselike/-/responselike-1.0.3.tgz 0ms (cache hit)
603 http cache @types/keyv@https://registry.npmjs.org/@types/keyv/-/keyv-3.1.4.tgz 0ms (cache hit)
604 http cache @types/yargs-parser@https://registry.npmjs.org/@types/yargs-parser/-/yargs-parser-21.0.3.tgz 0ms (cache hit)
605 http cache @types/istanbul-reports@https://registry.npmjs.org/@types/istanbul-reports/-/istanbul-reports-3.0.4.tgz 0ms (cache hit)
606 http cache @types/json5@https://registry.npmjs.org/@types/json5/-/json5-0.0.29.tgz 0ms (cache hit)
607 http cache @types/json-schema@https://registry.npmjs.org/@types/json-schema/-/json-schema-7.0.15.tgz 0ms (cache hit)
608 http cache @types/http-cache-semantics@https://registry.npmjs.org/@types/http-cache-semantics/-/http-cache-semantics-4.2.0.tgz 0ms (cache hit)
609 http cache @types/istanbul-lib-report@https://registry.npmjs.org/@types/istanbul-lib-report/-/istanbul-lib-report-3.0.3.tgz 0ms (cache hit)
610 http cache @types/istanbul-lib-coverage@https://registry.npmjs.org/@types/istanbul-lib-coverage/-/istanbul-lib-coverage-2.0.6.tgz 0ms (cache hit)
611 http cache @types/estree@https://registry.npmjs.org/@types/estree/-/estree-1.0.9.tgz 0ms (cache hit)
612 http cache @types/emscripten@https://registry.npmjs.org/@types/emscripten/-/emscripten-1.41.6.tgz 0ms (cache hit)
613 http cache @socket.io/component-emitter@https://registry.npmjs.org/@socket.io/component-emitter/-/component-emitter-3.1.2.tgz 0ms (cache hit)
614 http cache @types/cacheable-request@https://registry.npmjs.org/@types/cacheable-request/-/cacheable-request-6.0.3.tgz 0ms (cache hit)
615 http cache @types/hammerjs@https://registry.npmjs.org/@types/hammerjs/-/hammerjs-2.0.46.tgz 0ms (cache hit)
616 http cache @szmarczak/http-timer@https://registry.npmjs.org/@szmarczak/http-timer/-/http-timer-4.0.6.tgz 0ms (cache hit)
617 http cache @sinclair/typebox@https://registry.npmjs.org/@sinclair/typebox/-/typebox-0.27.10.tgz 0ms (cache hit)
618 http cache @sindresorhus/is@https://registry.npmjs.org/@sindresorhus/is/-/is-4.6.0.tgz 0ms (cache hit)
619 http cache @react-native/metro-config@https://registry.npmjs.org/@react-native/metro-config/-/metro-config-0.86.3.tgz 0ms (cache hit)
620 http cache @rtsao/scc@https://registry.npmjs.org/@rtsao/scc/-/scc-1.1.0.tgz 0ms (cache hit)
621 http cache @react-native/normalize-colors@https://registry.npmjs.org/@react-native/normalize-colors/-/normalize-colors-0.86.3.tgz 0ms (cache hit)
622 http cache @react-native/js-polyfills@https://registry.npmjs.org/@react-native/js-polyfills/-/js-polyfills-0.86.3.tgz 0ms (cache hit)
623 http cache @react-native/gradle-plugin@https://registry.npmjs.org/@react-native/gradle-plugin/-/gradle-plugin-0.86.3.tgz 0ms (cache hit)
624 http cache @react-native/metro-babel-transformer@https://registry.npmjs.org/@react-native/metro-babel-transformer/-/metro-babel-transformer-0.86.3.tgz 0ms (cache hit)
625 http cache @react-native/debugger-shell@https://registry.npmjs.org/@react-native/debugger-shell/-/debugger-shell-0.86.3.tgz 0ms (cache hit)
626 http cache @react-native/community-cli-plugin@https://registry.npmjs.org/@react-native/community-cli-plugin/-/community-cli-plugin-0.86.3.tgz 0ms (cache hit)
627 http cache @react-native/dev-middleware@https://registry.npmjs.org/@react-native/dev-middleware/-/dev-middleware-0.86.3.tgz 0ms (cache hit)
628 http cache @react-native/debugger-frontend@https://registry.npmjs.org/@react-native/debugger-frontend/-/debugger-frontend-0.86.3.tgz 0ms (cache hit)
629 http cache @react-native/babel-preset@https://registry.npmjs.org/@react-native/babel-preset/-/babel-preset-0.86.3.tgz 0ms (cache hit)
630 http cache @react-native/babel-plugin-codegen@https://registry.npmjs.org/@react-native/babel-plugin-codegen/-/babel-plugin-codegen-0.86.3.tgz 0ms (cache hit)
631 http cache @react-native/codegen@https://registry.npmjs.org/@react-native/codegen/-/codegen-0.86.3.tgz 0ms (cache hit)
632 http cache @react-native-masked-view/masked-view@https://registry.npmjs.org/@react-native-masked-view/masked-view/-/masked-view-0.3.2.tgz 0ms (cache hit)
633 http cache @react-native/assets-registry@https://registry.npmjs.org/@react-native/assets-registry/-/assets-registry-0.86.3.tgz 0ms (cache hit)
634 http cache @radix-ui/react-use-layout-effect@https://registry.npmjs.org/@radix-ui/react-use-layout-effect/-/react-use-layout-effect-1.1.1.tgz 0ms (cache hit)
635 http cache @react-native-async-storage/async-storage@https://registry.npmjs.org/@react-native-async-storage/async-storage/-/async-storage-2.2.0.tgz 0ms (cache hit)
636 http cache @radix-ui/react-use-callback-ref@https://registry.npmjs.org/@radix-ui/react-use-callback-ref/-/react-use-callback-ref-1.1.1.tgz 0ms (cache hit)
637 http cache @radix-ui/react-use-effect-event@https://registry.npmjs.org/@radix-ui/react-use-effect-event/-/react-use-effect-event-0.0.2.tgz 0ms (cache hit)
638 http cache @radix-ui/react-use-controllable-state@https://registry.npmjs.org/@radix-ui/react-use-controllable-state/-/react-use-controllable-state-1.2.2.tgz 0ms (cache hit)
639 http cache @radix-ui/react-use-escape-keydown@https://registry.npmjs.org/@radix-ui/react-use-escape-keydown/-/react-use-escape-keydown-1.1.1.tgz 0ms (cache hit)
640 http cache @react-native-google-signin/google-signin@https://registry.npmjs.org/@react-native-google-signin/google-signin/-/google-signin-16.1.4.tgz 0ms (cache hit)
641 http cache @radix-ui/react-id@https://registry.npmjs.org/@radix-ui/react-id/-/react-id-1.1.1.tgz 0ms (cache hit)
642 http cache @radix-ui/react-direction@https://registry.npmjs.org/@radix-ui/react-direction/-/react-direction-1.1.1.tgz 0ms (cache hit)
643 http cache @radix-ui/react-slot@https://registry.npmjs.org/@radix-ui/react-slot/-/react-slot-1.2.0.tgz 0ms (cache hit)
644 http cache @radix-ui/react-focus-guards@https://registry.npmjs.org/@radix-ui/react-focus-guards/-/react-focus-guards-1.1.3.tgz 0ms (cache hit)
645 http cache @radix-ui/primitive@https://registry.npmjs.org/@radix-ui/primitive/-/primitive-1.1.3.tgz 0ms (cache hit)
646 http cache @radix-ui/react-context@https://registry.npmjs.org/@radix-ui/react-context/-/react-context-1.1.2.tgz 0ms (cache hit)
647 http cache @nolyfill/is-core-module@https://registry.npmjs.org/@nolyfill/is-core-module/-/is-core-module-1.0.39.tgz 0ms (cache hit)
648 http cache @jridgewell/trace-mapping@https://registry.npmjs.org/@jridgewell/trace-mapping/-/trace-mapping-0.3.31.tgz 0ms (cache hit)
649 http cache @jridgewell/resolve-uri@https://registry.npmjs.org/@jridgewell/resolve-uri/-/resolve-uri-3.1.2.tgz 0ms (cache hit)
650 http cache @jridgewell/remapping@https://registry.npmjs.org/@jridgewell/remapping/-/remapping-2.3.5.tgz 0ms (cache hit)
651 http cache @radix-ui/react-compose-refs@https://registry.npmjs.org/@radix-ui/react-compose-refs/-/react-compose-refs-1.1.2.tgz 0ms (cache hit)
652 http cache @jridgewell/source-map@https://registry.npmjs.org/@jridgewell/source-map/-/source-map-0.3.11.tgz 0ms (cache hit)
653 http cache @jridgewell/gen-mapping@https://registry.npmjs.org/@jridgewell/gen-mapping/-/gen-mapping-0.3.13.tgz 0ms (cache hit)
654 http cache @jest/types@https://registry.npmjs.org/@jest/types/-/types-29.6.3.tgz 0ms (cache hit)
655 http cache @humanwhocodes/retry@https://registry.npmjs.org/@humanwhocodes/retry/-/retry-0.4.3.tgz 0ms (cache hit)
656 http cache @jest/schemas@https://registry.npmjs.org/@jest/schemas/-/schemas-29.6.3.tgz 0ms (cache hit)
657 http cache @isaacs/ttlcache@https://registry.npmjs.org/@isaacs/ttlcache/-/ttlcache-1.4.1.tgz 0ms (cache hit)
658 http cache @humanwhocodes/module-importer@https://registry.npmjs.org/@humanwhocodes/module-importer/-/module-importer-1.0.1.tgz 0ms (cache hit)
659 http cache @jridgewell/sourcemap-codec@https://registry.npmjs.org/@jridgewell/sourcemap-codec/-/sourcemap-codec-1.5.5.tgz 0ms (cache hit)
660 http cache @expo/vector-icons@https://registry.npmjs.org/@expo/vector-icons/-/vector-icons-15.1.1.tgz 0ms (cache hit)
661 http cache @humanfs/types@https://registry.npmjs.org/@humanfs/types/-/types-0.15.0.tgz 0ms (cache hit)
662 http cache @expo/xcpretty@https://registry.npmjs.org/@expo/xcpretty/-/xcpretty-4.4.5.tgz 0ms (cache hit)
663 http cache @expo/spawn-async@https://registry.npmjs.org/@expo/spawn-async/-/spawn-async-1.8.0.tgz 0ms (cache hit)
664 http cache @expo/ui@https://registry.npmjs.org/@expo/ui/-/ui-57.0.17.tgz 0ms (cache hit)
665 http cache @expo/sudo-prompt@https://registry.npmjs.org/@expo/sudo-prompt/-/sudo-prompt-9.3.2.tgz 0ms (cache hit)
666 http cache @humanfs/core@https://registry.npmjs.org/@humanfs/core/-/core-0.19.2.tgz 0ms (cache hit)
667 http cache @expo/sdk-runtime-versions@https://registry.npmjs.org/@expo/sdk-runtime-versions/-/sdk-runtime-versions-1.0.0.tgz 0ms (cache hit)
668 http cache @humanfs/node@https://registry.npmjs.org/@humanfs/node/-/node-0.16.8.tgz 0ms (cache hit)
669 http cache @expo/plist@https://registry.npmjs.org/@expo/plist/-/plist-0.8.1.tgz 0ms (cache hit)
670 http cache @expo/require-utils@https://registry.npmjs.org/@expo/require-utils/-/require-utils-57.0.5.tgz 0ms (cache hit)
671 http cache @expo/package-manager@https://registry.npmjs.org/@expo/package-manager/-/package-manager-1.13.1.tgz 0ms (cache hit)
672 http cache @expo/prebuild-config@https://registry.npmjs.org/@expo/prebuild-config/-/prebuild-config-57.0.15.tgz 0ms (cache hit)
673 http cache @expo/schema-utils@https://registry.npmjs.org/@expo/schema-utils/-/schema-utils-57.0.2.tgz 0ms (cache hit)
674 http cache @expo/osascript@https://registry.npmjs.org/@expo/osascript/-/osascript-2.7.1.tgz 0ms (cache hit)
675 http cache @expo/ngrok-bin@https://registry.npmjs.org/@expo/ngrok-bin/-/ngrok-bin-2.3.42.tgz 0ms (cache hit)
676 http cache @expo/metro-runtime@https://registry.npmjs.org/@expo/metro-runtime/-/metro-runtime-57.0.15.tgz 0ms (cache hit)
677 http cache @expo/metro-config@https://registry.npmjs.org/@expo/metro-config/-/metro-config-57.0.12.tgz 0ms (cache hit)
678 http cache @expo/ngrok-bin-darwin-arm64@https://registry.npmjs.org/@expo/ngrok-bin-darwin-arm64/-/ngrok-bin-darwin-arm64-2.3.41.tgz 0ms (cache hit)
679 http cache @expo/metro-file-map@https://registry.npmjs.org/@expo/metro-file-map/-/metro-file-map-57.0.3.tgz 0ms (cache hit)
680 http cache @expo/log-box@https://registry.npmjs.org/@expo/log-box/-/log-box-57.0.4.tgz 0ms (cache hit)
681 http cache @expo/local-build-cache-provider@https://registry.npmjs.org/@expo/local-build-cache-provider/-/local-build-cache-provider-57.0.8.tgz 0ms (cache hit)
682 http cache @expo/json-file@https://registry.npmjs.org/@expo/json-file/-/json-file-11.0.1.tgz 0ms (cache hit)
683 http cache @expo/metro@https://registry.npmjs.org/@expo/metro/-/metro-56.0.2.tgz 0ms (cache hit)
684 http cache @expo/inline-modules@https://registry.npmjs.org/@expo/inline-modules/-/inline-modules-0.1.7.tgz 0ms (cache hit)
685 http cache @expo/ngrok@https://registry.npmjs.org/@expo/ngrok/-/ngrok-4.1.3.tgz 0ms (cache hit)
686 http cache @expo/fingerprint@https://registry.npmjs.org/@expo/fingerprint/-/fingerprint-0.20.12.tgz 0ms (cache hit)
687 http cache @expo/devtools@https://registry.npmjs.org/@expo/devtools/-/devtools-57.0.1.tgz 0ms (cache hit)
688 http cache @expo/expo-modules-macros-plugin@https://registry.npmjs.org/@expo/expo-modules-macros-plugin/-/expo-modules-macros-plugin-0.6.1.tgz 0ms (cache hit)
689 http cache @expo/image-utils@https://registry.npmjs.org/@expo/image-utils/-/image-utils-0.11.5.tgz 0ms (cache hit)
690 http cache @expo/dom-webview@https://registry.npmjs.org/@expo/dom-webview/-/dom-webview-57.0.1.tgz 0ms (cache hit)
691 http cache @expo/devcert@https://registry.npmjs.org/@expo/devcert/-/devcert-1.2.1.tgz 0ms (cache hit)
692 http cache @expo/env@https://registry.npmjs.org/@expo/env/-/env-2.4.3.tgz 0ms (cache hit)
693 http cache @expo/config@https://registry.npmjs.org/@expo/config/-/config-57.0.9.tgz 0ms (cache hit)
694 http cache @expo/config-types@https://registry.npmjs.org/@expo/config-types/-/config-types-57.0.2.tgz 0ms (cache hit)
695 http cache @expo/config-plugins@https://registry.npmjs.org/@expo/config-plugins/-/config-plugins-57.0.9.tgz 0ms (cache hit)
696 http cache @expo-google-fonts/material-symbols@https://registry.npmjs.org/@expo-google-fonts/material-symbols/-/material-symbols-0.4.47.tgz 0ms (cache hit)
697 http cache @expo/code-signing-certificates@https://registry.npmjs.org/@expo/code-signing-certificates/-/code-signing-certificates-0.0.6.tgz 0ms (cache hit)
698 http cache @eslint/plugin-kit@https://registry.npmjs.org/@eslint/plugin-kit/-/plugin-kit-0.4.1.tgz 0ms (cache hit)
699 http cache @eslint/eslintrc@https://registry.npmjs.org/@eslint/eslintrc/-/eslintrc-3.3.5.tgz 0ms (cache hit)
700 http cache @eslint/object-schema@https://registry.npmjs.org/@eslint/object-schema/-/object-schema-2.1.7.tgz 0ms (cache hit)
701 http cache @eslint/core@https://registry.npmjs.org/@eslint/core/-/core-0.17.0.tgz 0ms (cache hit)
702 http cache @eslint/js@https://registry.npmjs.org/@eslint/js/-/js-9.39.4.tgz 0ms (cache hit)
703 http cache @expo-google-fonts/dancing-script@https://registry.npmjs.org/@expo-google-fonts/dancing-script/-/dancing-script-0.4.2.tgz 0ms (cache hit)
704 http cache @eslint/config-helpers@https://registry.npmjs.org/@eslint/config-helpers/-/config-helpers-0.4.2.tgz 0ms (cache hit)
705 http cache @eslint/config-array@https://registry.npmjs.org/@eslint/config-array/-/config-array-0.21.2.tgz 0ms (cache hit)
706 http cache @babel/traverse@https://registry.npmjs.org/@babel/traverse/-/traverse-7.29.8.tgz 0ms (cache hit)
707 http cache @egjs/hammerjs@https://registry.npmjs.org/@egjs/hammerjs/-/hammerjs-2.0.17.tgz 0ms (cache hit)
708 http cache @babel/template@https://registry.npmjs.org/@babel/template/-/template-7.29.7.tgz 0ms (cache hit)
709 http cache @eslint-community/regexpp@https://registry.npmjs.org/@eslint-community/regexpp/-/regexpp-4.12.2.tgz 0ms (cache hit)
710 http cache @eslint-community/eslint-utils@https://registry.npmjs.org/@eslint-community/eslint-utils/-/eslint-utils-4.9.1.tgz 0ms (cache hit)
711 http cache @babel/plugin-transform-typescript@https://registry.npmjs.org/@babel/plugin-transform-typescript/-/plugin-transform-typescript-7.28.6.tgz 0ms (cache hit)
712 http cache @babel/plugin-transform-unicode-regex@https://registry.npmjs.org/@babel/plugin-transform-unicode-regex/-/plugin-transform-unicode-regex-7.27.1.tgz 0ms (cache hit)
713 http cache @babel/plugin-transform-template-literals@https://registry.npmjs.org/@babel/plugin-transform-template-literals/-/plugin-transform-template-literals-7.29.7.tgz 0ms (cache hit)
714 http cache @babel/plugin-transform-runtime@https://registry.npmjs.org/@babel/plugin-transform-runtime/-/plugin-transform-runtime-7.29.7.tgz 0ms (cache hit)
715 http cache @babel/preset-typescript@https://registry.npmjs.org/@babel/preset-typescript/-/preset-typescript-7.28.5.tgz 0ms (cache hit)
716 http cache @babel/runtime@https://registry.npmjs.org/@babel/runtime/-/runtime-7.29.2.tgz 0ms (cache hit)
717 http cache @babel/types@https://registry.npmjs.org/@babel/types/-/types-7.29.8.tgz 0ms (cache hit)
718 http cache @babel/plugin-transform-shorthand-properties@https://registry.npmjs.org/@babel/plugin-transform-shorthand-properties/-/plugin-transform-shorthand-properties-7.29.7.tgz 0ms (cache hit)
719 http cache @babel/plugin-transform-regenerator@https://registry.npmjs.org/@babel/plugin-transform-regenerator/-/plugin-transform-regenerator-7.29.8.tgz 0ms (cache hit)
720 http cache @babel/plugin-transform-react-jsx-source@https://registry.npmjs.org/@babel/plugin-transform-react-jsx-source/-/plugin-transform-react-jsx-source-7.29.7.tgz 0ms (cache hit)
721 http cache @babel/plugin-transform-react-jsx-development@https://registry.npmjs.org/@babel/plugin-transform-react-jsx-development/-/plugin-transform-react-jsx-development-7.29.7.tgz 0ms (cache hit)
722 http cache @babel/plugin-transform-react-jsx@https://registry.npmjs.org/@babel/plugin-transform-react-jsx/-/plugin-transform-react-jsx-7.29.7.tgz 0ms (cache hit)
723 http cache @babel/plugin-transform-react-jsx-self@https://registry.npmjs.org/@babel/plugin-transform-react-jsx-self/-/plugin-transform-react-jsx-self-7.29.7.tgz 0ms (cache hit)
724 http cache @babel/plugin-transform-react-pure-annotations@https://registry.npmjs.org/@babel/plugin-transform-react-pure-annotations/-/plugin-transform-react-pure-annotations-7.29.7.tgz 0ms (cache hit)
725 http cache @babel/plugin-transform-react-display-name@https://registry.npmjs.org/@babel/plugin-transform-react-display-name/-/plugin-transform-react-display-name-7.29.7.tgz 0ms (cache hit)
726 http cache @babel/plugin-transform-optional-catch-binding@https://registry.npmjs.org/@babel/plugin-transform-optional-catch-binding/-/plugin-transform-optional-catch-binding-7.29.7.tgz 0ms (cache hit)
727 http cache @babel/plugin-transform-private-property-in-object@https://registry.npmjs.org/@babel/plugin-transform-private-property-in-object/-/plugin-transform-private-property-in-object-7.29.7.tgz 0ms (cache hit)
728 http cache @babel/plugin-transform-private-methods@https://registry.npmjs.org/@babel/plugin-transform-private-methods/-/plugin-transform-private-methods-7.29.7.tgz 0ms (cache hit)
729 http cache @babel/plugin-transform-object-rest-spread@https://registry.npmjs.org/@babel/plugin-transform-object-rest-spread/-/plugin-transform-object-rest-spread-7.29.7.tgz 0ms (cache hit)
730 http cache @babel/plugin-transform-nullish-coalescing-operator@https://registry.npmjs.org/@babel/plugin-transform-nullish-coalescing-operator/-/plugin-transform-nullish-coalescing-operator-7.28.6.tgz 0ms (cache hit)
731 http cache @babel/plugin-transform-modules-commonjs@https://registry.npmjs.org/@babel/plugin-transform-modules-commonjs/-/plugin-transform-modules-commonjs-7.28.6.tgz 0ms (cache hit)
732 http cache @babel/plugin-transform-optional-chaining@https://registry.npmjs.org/@babel/plugin-transform-optional-chaining/-/plugin-transform-optional-chaining-7.28.6.tgz 0ms (cache hit)
733 http cache @babel/plugin-transform-logical-assignment-operators@https://registry.npmjs.org/@babel/plugin-transform-logical-assignment-operators/-/plugin-transform-logical-assignment-operators-7.29.7.tgz 0ms (cache hit)
734 http cache @babel/plugin-transform-named-capturing-groups-regex@https://registry.npmjs.org/@babel/plugin-transform-named-capturing-groups-regex/-/plugin-transform-named-capturing-groups-regex-7.29.7.tgz 0ms (cache hit)
735 http cache @babel/plugin-transform-flow-strip-types@https://registry.npmjs.org/@babel/plugin-transform-flow-strip-types/-/plugin-transform-flow-strip-types-7.29.7.tgz 0ms (cache hit)
736 http cache @babel/plugin-transform-for-of@https://registry.npmjs.org/@babel/plugin-transform-for-of/-/plugin-transform-for-of-7.29.7.tgz 0ms (cache hit)
737 http cache @babel/plugin-transform-destructuring@https://registry.npmjs.org/@babel/plugin-transform-destructuring/-/plugin-transform-destructuring-7.29.7.tgz 0ms (cache hit)
738 http cache @babel/plugin-transform-export-namespace-from@https://registry.npmjs.org/@babel/plugin-transform-export-namespace-from/-/plugin-transform-export-namespace-from-7.29.7.tgz 0ms (cache hit)
739 http cache @babel/plugin-transform-class-static-block@https://registry.npmjs.org/@babel/plugin-transform-class-static-block/-/plugin-transform-class-static-block-7.29.7.tgz 0ms (cache hit)
740 http cache @babel/plugin-transform-classes@https://registry.npmjs.org/@babel/plugin-transform-classes/-/plugin-transform-classes-7.28.6.tgz 0ms (cache hit)
741 http cache @babel/plugin-transform-parameters@https://registry.npmjs.org/@babel/plugin-transform-parameters/-/plugin-transform-parameters-7.29.7.tgz 0ms (cache hit)
742 http cache @babel/plugin-transform-block-scoping@https://registry.npmjs.org/@babel/plugin-transform-block-scoping/-/plugin-transform-block-scoping-7.29.7.tgz 0ms (cache hit)
743 http cache @babel/plugin-transform-class-properties@https://registry.npmjs.org/@babel/plugin-transform-class-properties/-/plugin-transform-class-properties-7.28.6.tgz 0ms (cache hit)
744 http cache @babel/plugin-transform-async-to-generator@https://registry.npmjs.org/@babel/plugin-transform-async-to-generator/-/plugin-transform-async-to-generator-7.29.7.tgz 0ms (cache hit)
745 http cache @babel/plugin-transform-arrow-functions@https://registry.npmjs.org/@babel/plugin-transform-arrow-functions/-/plugin-transform-arrow-functions-7.29.7.tgz 0ms (cache hit)
746 http cache @babel/plugin-transform-async-generator-functions@https://registry.npmjs.org/@babel/plugin-transform-async-generator-functions/-/plugin-transform-async-generator-functions-7.29.7.tgz 0ms (cache hit)
747 http cache @babel/plugin-syntax-export-default-from@https://registry.npmjs.org/@babel/plugin-syntax-export-default-from/-/plugin-syntax-export-default-from-7.29.7.tgz 0ms (cache hit)
748 http cache @babel/plugin-syntax-typescript@https://registry.npmjs.org/@babel/plugin-syntax-typescript/-/plugin-syntax-typescript-7.28.6.tgz 0ms (cache hit)
749 http cache @babel/plugin-syntax-optional-chaining@https://registry.npmjs.org/@babel/plugin-syntax-optional-chaining/-/plugin-syntax-optional-chaining-7.8.3.tgz 0ms (cache hit)
750 http cache @babel/plugin-syntax-nullish-coalescing-operator@https://registry.npmjs.org/@babel/plugin-syntax-nullish-coalescing-operator/-/plugin-syntax-nullish-coalescing-operator-7.8.3.tgz 0ms (cache hit)
751 http cache @babel/plugin-syntax-flow@https://registry.npmjs.org/@babel/plugin-syntax-flow/-/plugin-syntax-flow-7.29.7.tgz 0ms (cache hit)
752 http cache @babel/plugin-syntax-jsx@https://registry.npmjs.org/@babel/plugin-syntax-jsx/-/plugin-syntax-jsx-7.29.7.tgz 0ms (cache hit)
753 http cache @babel/plugin-syntax-decorators@https://registry.npmjs.org/@babel/plugin-syntax-decorators/-/plugin-syntax-decorators-7.29.7.tgz 0ms (cache hit)
754 http cache @babel/plugin-proposal-export-default-from@https://registry.npmjs.org/@babel/plugin-proposal-export-default-from/-/plugin-proposal-export-default-from-7.29.7.tgz 0ms (cache hit)
755 http cache @babel/plugin-proposal-decorators@https://registry.npmjs.org/@babel/plugin-proposal-decorators/-/plugin-proposal-decorators-7.29.7.tgz 0ms (cache hit)
756 http cache @babel/plugin-syntax-dynamic-import@https://registry.npmjs.org/@babel/plugin-syntax-dynamic-import/-/plugin-syntax-dynamic-import-7.8.3.tgz 0ms (cache hit)
757 http cache @babel/helper-wrap-function@https://registry.npmjs.org/@babel/helper-wrap-function/-/helper-wrap-function-7.29.7.tgz 0ms (cache hit)
758 http cache @babel/helpers@https://registry.npmjs.org/@babel/helpers/-/helpers-7.29.2.tgz 0ms (cache hit)
759 http cache @babel/parser@https://registry.npmjs.org/@babel/parser/-/parser-7.29.8.tgz 0ms (cache hit)
760 http cache @babel/helper-validator-option@https://registry.npmjs.org/@babel/helper-validator-option/-/helper-validator-option-7.29.7.tgz 0ms (cache hit)
761 http cache @babel/helper-validator-identifier@https://registry.npmjs.org/@babel/helper-validator-identifier/-/helper-validator-identifier-7.29.7.tgz 0ms (cache hit)
762 http cache @babel/helper-string-parser@https://registry.npmjs.org/@babel/helper-string-parser/-/helper-string-parser-7.29.7.tgz 0ms (cache hit)
763 http cache @babel/helper-remap-async-to-generator@https://registry.npmjs.org/@babel/helper-remap-async-to-generator/-/helper-remap-async-to-generator-7.29.7.tgz 0ms (cache hit)
764 http cache @babel/helper-skip-transparent-expression-wrappers@https://registry.npmjs.org/@babel/helper-skip-transparent-expression-wrappers/-/helper-skip-transparent-expression-wrappers-7.29.7.tgz 0ms (cache hit)
765 http cache @babel/helper-optimise-call-expression@https://registry.npmjs.org/@babel/helper-optimise-call-expression/-/helper-optimise-call-expression-7.29.7.tgz 0ms (cache hit)
766 http cache @babel/helper-module-imports@https://registry.npmjs.org/@babel/helper-module-imports/-/helper-module-imports-7.29.7.tgz 0ms (cache hit)
767 http cache @babel/helper-member-expression-to-functions@https://registry.npmjs.org/@babel/helper-member-expression-to-functions/-/helper-member-expression-to-functions-7.29.7.tgz 0ms (cache hit)
768 http cache @babel/helper-replace-supers@https://registry.npmjs.org/@babel/helper-replace-supers/-/helper-replace-supers-7.29.7.tgz 0ms (cache hit)
769 http cache @babel/helper-module-transforms@https://registry.npmjs.org/@babel/helper-module-transforms/-/helper-module-transforms-7.28.6.tgz 0ms (cache hit)
770 http cache @babel/helper-globals@https://registry.npmjs.org/@babel/helper-globals/-/helper-globals-7.29.7.tgz 0ms (cache hit)
771 http cache @babel/helper-create-regexp-features-plugin@https://registry.npmjs.org/@babel/helper-create-regexp-features-plugin/-/helper-create-regexp-features-plugin-7.29.7.tgz 0ms (cache hit)
772 http cache @babel/helper-compilation-targets@https://registry.npmjs.org/@babel/helper-compilation-targets/-/helper-compilation-targets-7.29.7.tgz 0ms (cache hit)
773 http cache @babel/generator@https://registry.npmjs.org/@babel/generator/-/generator-7.29.8.tgz 0ms (cache hit)
774 http cache @babel/helper-create-class-features-plugin@https://registry.npmjs.org/@babel/helper-create-class-features-plugin/-/helper-create-class-features-plugin-7.29.7.tgz 0ms (cache hit)
775 http cache @babel/helper-annotate-as-pure@https://registry.npmjs.org/@babel/helper-annotate-as-pure/-/helper-annotate-as-pure-7.29.7.tgz 0ms (cache hit)
776 http cache @babel/core@https://registry.npmjs.org/@babel/core/-/core-7.29.0.tgz 0ms (cache hit)
777 http cache @babel/compat-data@https://registry.npmjs.org/@babel/compat-data/-/compat-data-7.29.7.tgz 0ms (cache hit)
778 http cache @babel/code-frame@https://registry.npmjs.org/@babel/code-frame/-/code-frame-7.29.7.tgz 0ms (cache hit)
779 http cache @babel/helper-define-polyfill-provider@https://registry.npmjs.org/@babel/helper-define-polyfill-provider/-/helper-define-polyfill-provider-0.6.8.tgz 0ms (cache hit)
780 http cache type-fest@https://registry.npmjs.org/type-fest/-/type-fest-5.9.0.tgz 0ms (cache hit)
781 http cache @radix-ui/react-primitive@https://registry.npmjs.org/@radix-ui/react-primitive/-/react-primitive-2.1.3.tgz 0ms (cache hit)
782 http cache @radix-ui/react-portal@https://registry.npmjs.org/@radix-ui/react-portal/-/react-portal-1.1.9.tgz 0ms (cache hit)
783 http cache @radix-ui/react-slot@https://registry.npmjs.org/@radix-ui/react-slot/-/react-slot-1.2.3.tgz 0ms (cache hit)
784 http cache @radix-ui/react-presence@https://registry.npmjs.org/@radix-ui/react-presence/-/react-presence-1.1.5.tgz 0ms (cache hit)
785 http cache @radix-ui/react-dismissable-layer@https://registry.npmjs.org/@radix-ui/react-dismissable-layer/-/react-dismissable-layer-1.1.11.tgz 0ms (cache hit)
786 http cache @radix-ui/react-dialog@https://registry.npmjs.org/@radix-ui/react-dialog/-/react-dialog-1.1.15.tgz 0ms (cache hit)
787 http cache commander@https://registry.npmjs.org/commander/-/commander-2.20.3.tgz 0ms (cache hit)
788 http cache @radix-ui/react-focus-scope@https://registry.npmjs.org/@radix-ui/react-focus-scope/-/react-focus-scope-1.1.7.tgz 0ms (cache hit)
789 http cache json5@https://registry.npmjs.org/json5/-/json5-1.0.2.tgz 0ms (cache hit)
790 http cache source-map@https://registry.npmjs.org/source-map/-/source-map-0.6.1.tgz 0ms (cache hit)
791 http cache encodeurl@https://registry.npmjs.org/encodeurl/-/encodeurl-2.0.0.tgz 0ms (cache hit)
792 http cache xmlbuilder@https://registry.npmjs.org/xmlbuilder/-/xmlbuilder-11.0.1.tgz 0ms (cache hit)
793 http cache statuses@https://registry.npmjs.org/statuses/-/statuses-2.0.2.tgz 0ms (cache hit)
794 http cache encodeurl@https://registry.npmjs.org/encodeurl/-/encodeurl-2.0.0.tgz 0ms (cache hit)
795 http cache ms@https://registry.npmjs.org/ms/-/ms-2.0.0.tgz 0ms (cache hit)
796 http cache semver@https://registry.npmjs.org/semver/-/semver-7.8.5.tgz 0ms (cache hit)
797 http cache debug@https://registry.npmjs.org/debug/-/debug-2.6.9.tgz 0ms (cache hit)
798 http cache event-target-shim@https://registry.npmjs.org/event-target-shim/-/event-target-shim-6.0.2.tgz 0ms (cache hit)
799 http cache on-finished@https://registry.npmjs.org/on-finished/-/on-finished-2.4.1.tgz 0ms (cache hit)
800 http cache debug@https://registry.npmjs.org/debug/-/debug-4.3.4.tgz 0ms (cache hit)
801 http cache @babel/helper-plugin-utils@https://registry.npmjs.org/@babel/helper-plugin-utils/-/helper-plugin-utils-7.29.7.tgz 0ms (cache hit)
802 http cache semver@https://registry.npmjs.org/semver/-/semver-7.8.0.tgz 0ms (cache hit)
803 http cache commander@https://registry.npmjs.org/commander/-/commander-12.1.0.tgz 0ms (cache hit)
804 http cache ms@https://registry.npmjs.org/ms/-/ms-2.1.2.tgz 0ms (cache hit)
805 http cache @react-native/normalize-colors@https://registry.npmjs.org/@react-native/normalize-colors/-/normalize-colors-0.74.89.tgz 0ms (cache hit)
806 http cache semver@https://registry.npmjs.org/semver/-/semver-7.8.0.tgz 0ms (cache hit)
807 http cache hermes-parser@https://registry.npmjs.org/hermes-parser/-/hermes-parser-0.36.0.tgz 0ms (cache hit)
808 http cache @react-native/virtualized-lists@https://registry.npmjs.org/@react-native/virtualized-lists/-/virtualized-lists-0.86.3.tgz 0ms (cache hit)
809 http cache hermes-estree@https://registry.npmjs.org/hermes-estree/-/hermes-estree-0.36.0.tgz 0ms (cache hit)
810 http cache babel-plugin-syntax-hermes-parser@https://registry.npmjs.org/babel-plugin-syntax-hermes-parser/-/babel-plugin-syntax-hermes-parser-0.36.0.tgz 0ms (cache hit)
811 http cache react-is@https://registry.npmjs.org/react-is/-/react-is-16.13.1.tgz 0ms (cache hit)
812 http cache memoize-one@https://registry.npmjs.org/memoize-one/-/memoize-one-6.0.0.tgz 0ms (cache hit)
813 http cache ansi-styles@https://registry.npmjs.org/ansi-styles/-/ansi-styles-5.2.0.tgz 0ms (cache hit)
814 http cache react-is@https://registry.npmjs.org/react-is/-/react-is-18.3.1.tgz 0ms (cache hit)
815 http cache lru-cache@https://registry.npmjs.org/lru-cache/-/lru-cache-11.3.6.tgz 0ms (cache hit)
816 http cache supports-color@https://registry.npmjs.org/supports-color/-/supports-color-5.5.0.tgz 0ms (cache hit)
817 http cache strip-ansi@https://registry.npmjs.org/strip-ansi/-/strip-ansi-5.2.0.tgz 0ms (cache hit)
818 http cache color-name@https://registry.npmjs.org/color-name/-/color-name-1.1.3.tgz 0ms (cache hit)
819 http cache color-convert@https://registry.npmjs.org/color-convert/-/color-convert-1.9.3.tgz 0ms (cache hit)
820 http cache has-flag@https://registry.npmjs.org/has-flag/-/has-flag-3.0.0.tgz 0ms (cache hit)
821 http cache @xmldom/xmldom@https://registry.npmjs.org/@xmldom/xmldom/-/xmldom-0.9.10.tgz 0ms (cache hit)
822 http cache escape-string-regexp@https://registry.npmjs.org/escape-string-regexp/-/escape-string-regexp-1.0.5.tgz 0ms (cache hit)
823 http cache semver@https://registry.npmjs.org/semver/-/semver-7.8.5.tgz 0ms (cache hit)
824 http cache ansi-styles@https://registry.npmjs.org/ansi-styles/-/ansi-styles-3.2.1.tgz 0ms (cache hit)
825 http cache chalk@https://registry.npmjs.org/chalk/-/chalk-2.4.2.tgz 0ms (cache hit)
826 http cache picomatch@https://registry.npmjs.org/picomatch/-/picomatch-2.3.2.tgz 0ms (cache hit)
827 http cache ansi-regex@https://registry.npmjs.org/ansi-regex/-/ansi-regex-4.1.1.tgz 0ms (cache hit)
828 http cache hermes-parser@https://registry.npmjs.org/hermes-parser/-/hermes-parser-0.35.0.tgz 0ms (cache hit)
829 http cache hermes-parser@https://registry.npmjs.org/hermes-parser/-/hermes-parser-0.35.0.tgz 0ms (cache hit)
830 http cache supports-color@https://registry.npmjs.org/supports-color/-/supports-color-5.5.0.tgz 0ms (cache hit)
831 http cache hermes-estree@https://registry.npmjs.org/hermes-estree/-/hermes-estree-0.35.0.tgz 0ms (cache hit)
832 http cache hermes-estree@https://registry.npmjs.org/hermes-estree/-/hermes-estree-0.35.0.tgz 0ms (cache hit)
833 http cache color-name@https://registry.npmjs.org/color-name/-/color-name-1.1.3.tgz 0ms (cache hit)
834 http cache color-convert@https://registry.npmjs.org/color-convert/-/color-convert-1.9.3.tgz 0ms (cache hit)
835 http cache escape-string-regexp@https://registry.npmjs.org/escape-string-regexp/-/escape-string-regexp-1.0.5.tgz 0ms (cache hit)
836 http cache has-flag@https://registry.npmjs.org/has-flag/-/has-flag-3.0.0.tgz 0ms (cache hit)
837 http cache chalk@https://registry.npmjs.org/chalk/-/chalk-2.4.2.tgz 0ms (cache hit)
838 http cache debug@https://registry.npmjs.org/debug/-/debug-2.6.9.tgz 0ms (cache hit)
839 http cache supports-color@https://registry.npmjs.org/supports-color/-/supports-color-8.1.1.tgz 0ms (cache hit)
840 http cache ms@https://registry.npmjs.org/ms/-/ms-2.0.0.tgz 0ms (cache hit)
841 http cache ci-info@https://registry.npmjs.org/ci-info/-/ci-info-3.9.0.tgz 0ms (cache hit)
842 http cache picomatch@https://registry.npmjs.org/picomatch/-/picomatch-2.3.2.tgz 0ms (cache hit)
843 http cache ansi-styles@https://registry.npmjs.org/ansi-styles/-/ansi-styles-3.2.1.tgz 0ms (cache hit)
844 http cache resolve-from@https://registry.npmjs.org/resolve-from/-/resolve-from-4.0.0.tgz 0ms (cache hit)
845 http cache statuses@https://registry.npmjs.org/statuses/-/statuses-2.0.2.tgz 0ms (cache hit)
846 http cache lru-cache@https://registry.npmjs.org/lru-cache/-/lru-cache-10.4.3.tgz 0ms (cache hit)
847 http cache react-is@https://registry.npmjs.org/react-is/-/react-is-16.13.1.tgz 0ms (cache hit)
848 http cache minimatch@https://registry.npmjs.org/minimatch/-/minimatch-10.2.5.tgz 0ms (cache hit)
849 http cache semver@https://registry.npmjs.org/semver/-/semver-7.8.0.tgz 0ms (cache hit)
850 http cache promise@https://registry.npmjs.org/promise/-/promise-7.3.1.tgz 0ms (cache hit)
851 http cache balanced-match@https://registry.npmjs.org/balanced-match/-/balanced-match-4.0.4.tgz 0ms (cache hit)
852 http cache ms@https://registry.npmjs.org/ms/-/ms-2.0.0.tgz 0ms (cache hit)
853 http cache brace-expansion@https://registry.npmjs.org/brace-expansion/-/brace-expansion-5.0.6.tgz 0ms (cache hit)
854 http cache debug@https://registry.npmjs.org/debug/-/debug-2.6.9.tgz 0ms (cache hit)
855 http cache @radix-ui/react-tabs@https://registry.npmjs.org/@radix-ui/react-tabs/-/react-tabs-1.1.13.tgz 0ms (cache hit)
856 http cache @radix-ui/react-roving-focus@https://registry.npmjs.org/@radix-ui/react-roving-focus/-/react-roving-focus-1.1.11.tgz 0ms (cache hit)
857 http cache @radix-ui/react-presence@https://registry.npmjs.org/@radix-ui/react-presence/-/react-presence-1.1.5.tgz 0ms (cache hit)
858 http cache @radix-ui/react-slot@https://registry.npmjs.org/@radix-ui/react-slot/-/react-slot-1.2.3.tgz 0ms (cache hit)
859 http cache @radix-ui/react-primitive@https://registry.npmjs.org/@radix-ui/react-primitive/-/react-primitive-2.1.3.tgz 0ms (cache hit)
860 http cache ua-parser-js@https://registry.npmjs.org/ua-parser-js/-/ua-parser-js-0.7.41.tgz 0ms (cache hit)
861 http cache @radix-ui/react-slot@https://registry.npmjs.org/@radix-ui/react-slot/-/react-slot-1.2.3.tgz 0ms (cache hit)
862 http cache mime-types@https://registry.npmjs.org/mime-types/-/mime-types-2.1.35.tgz 1ms (cache hit)
863 http cache negotiator@https://registry.npmjs.org/negotiator/-/negotiator-0.6.3.tgz 0ms (cache hit)
864 http cache ws@https://registry.npmjs.org/ws/-/ws-8.21.3.tgz 0ms (cache hit)
865 http cache @radix-ui/react-collection@https://registry.npmjs.org/@radix-ui/react-collection/-/react-collection-1.1.7.tgz 0ms (cache hit)
866 http cache semver@https://registry.npmjs.org/semver/-/semver-7.8.5.tgz 0ms (cache hit)
867 http cache semver@https://registry.npmjs.org/semver/-/semver-7.8.5.tgz 0ms (cache hit)
868 http cache expo-modules-core@https://registry.npmjs.org/expo-modules-core/-/expo-modules-core-57.0.17.tgz 0ms (cache hit)
869 http cache mime-db@https://registry.npmjs.org/mime-db/-/mime-db-1.52.0.tgz 0ms (cache hit)
870 http cache ci-info@https://registry.npmjs.org/ci-info/-/ci-info-3.9.0.tgz 0ms (cache hit)
871 http cache accepts@https://registry.npmjs.org/accepts/-/accepts-1.3.8.tgz 0ms (cache hit)
872 http cache @expo/router-server@https://registry.npmjs.org/@expo/router-server/-/router-server-57.0.9.tgz 0ms (cache hit)
873 http cache @expo/cli@https://registry.npmjs.org/@expo/cli/-/cli-57.0.23.tgz 0ms (cache hit)
874 http cache @expo/ws-tunnel@https://registry.npmjs.org/@expo/ws-tunnel/-/ws-tunnel-2.0.0.tgz 0ms (cache hit)
875 http cache hermes-estree@https://registry.npmjs.org/hermes-estree/-/hermes-estree-0.25.1.tgz 0ms (cache hit)
876 http cache debug@https://registry.npmjs.org/debug/-/debug-3.2.7.tgz 0ms (cache hit)
877 http cache ws@https://registry.npmjs.org/ws/-/ws-8.21.0.tgz 0ms (cache hit)
878 http cache globals@https://registry.npmjs.org/globals/-/globals-16.5.0.tgz 0ms (cache hit)
879 http cache source-map@https://registry.npmjs.org/source-map/-/source-map-0.6.1.tgz 0ms (cache hit)
880 http cache debug@https://registry.npmjs.org/debug/-/debug-3.2.7.tgz 0ms (cache hit)
881 http cache mimic-response@https://registry.npmjs.org/mimic-response/-/mimic-response-3.1.0.tgz 0ms (cache hit)
882 http cache hermes-parser@https://registry.npmjs.org/hermes-parser/-/hermes-parser-0.25.1.tgz 0ms (cache hit)
883 http cache debug@https://registry.npmjs.org/debug/-/debug-2.6.9.tgz 0ms (cache hit)
884 http cache debug@https://registry.npmjs.org/debug/-/debug-2.6.9.tgz 0ms (cache hit)
885 http cache ms@https://registry.npmjs.org/ms/-/ms-2.0.0.tgz 0ms (cache hit)
886 http cache negotiator@https://registry.npmjs.org/negotiator/-/negotiator-0.6.4.tgz 0ms (cache hit)
887 http cache type-fest@https://registry.npmjs.org/type-fest/-/type-fest-0.21.3.tgz 0ms (cache hit)
888 http cache ms@https://registry.npmjs.org/ms/-/ms-2.0.0.tgz 0ms (cache hit)
889 http cache brace-expansion@https://registry.npmjs.org/brace-expansion/-/brace-expansion-5.0.6.tgz 0ms (cache hit)
890 http cache balanced-match@https://registry.npmjs.org/balanced-match/-/balanced-match-4.0.4.tgz 0ms (cache hit)
891 http cache eslint-visitor-keys@https://registry.npmjs.org/eslint-visitor-keys/-/eslint-visitor-keys-5.0.1.tgz 0ms (cache hit)
892 http cache debug@https://registry.npmjs.org/debug/-/debug-3.2.7.tgz 1ms (cache hit)
893 http cache minimatch@https://registry.npmjs.org/minimatch/-/minimatch-10.2.5.tgz 0ms (cache hit)
894 http cache ignore@https://registry.npmjs.org/ignore/-/ignore-7.0.5.tgz 0ms (cache hit)
895 http cache hermes-parser@https://registry.npmjs.org/hermes-parser/-/hermes-parser-0.36.0.tgz 0ms (cache hit)
896 http cache semver@https://registry.npmjs.org/semver/-/semver-7.8.0.tgz 0ms (cache hit)
897 http cache semver@https://registry.npmjs.org/semver/-/semver-7.8.5.tgz 0ms (cache hit)
898 http cache hermes-estree@https://registry.npmjs.org/hermes-estree/-/hermes-estree-0.36.0.tgz 0ms (cache hit)
899 http cache hermes-parser@https://registry.npmjs.org/hermes-parser/-/hermes-parser-0.36.0.tgz 0ms (cache hit)
900 http cache hermes-parser@https://registry.npmjs.org/hermes-parser/-/hermes-parser-0.36.0.tgz 0ms (cache hit)
901 http cache semver@https://registry.npmjs.org/semver/-/semver-7.8.5.tgz 0ms (cache hit)
902 http cache yaml@https://registry.npmjs.org/yaml/-/yaml-1.10.3.tgz 0ms (cache hit)
903 http cache uuid@https://registry.npmjs.org/uuid/-/uuid-3.4.0.tgz 0ms (cache hit)
904 http cache metro-transform-worker@https://registry.npmjs.org/metro-transform-worker/-/metro-transform-worker-0.84.5.tgz 0ms (cache hit)
905 http cache metro-symbolicate@https://registry.npmjs.org/metro-symbolicate/-/metro-symbolicate-0.84.5.tgz 0ms (cache hit)
906 http cache babel-plugin-syntax-hermes-parser@https://registry.npmjs.org/babel-plugin-syntax-hermes-parser/-/babel-plugin-syntax-hermes-parser-0.36.0.tgz 0ms (cache hit)
907 http cache ob1@https://registry.npmjs.org/ob1/-/ob1-0.84.5.tgz 0ms (cache hit)
908 http cache metro-source-map@https://registry.npmjs.org/metro-source-map/-/metro-source-map-0.84.5.tgz 0ms (cache hit)
909 http cache hermes-estree@https://registry.npmjs.org/hermes-estree/-/hermes-estree-0.36.0.tgz 0ms (cache hit)
910 http cache metro-transform-plugins@https://registry.npmjs.org/metro-transform-plugins/-/metro-transform-plugins-0.84.5.tgz 0ms (cache hit)
911 http cache metro-core@https://registry.npmjs.org/metro-core/-/metro-core-0.84.5.tgz 0ms (cache hit)
912 http cache metro-resolver@https://registry.npmjs.org/metro-resolver/-/metro-resolver-0.84.5.tgz 0ms (cache hit)
913 http cache metro-runtime@https://registry.npmjs.org/metro-runtime/-/metro-runtime-0.84.5.tgz 0ms (cache hit)
914 http cache metro-minify-terser@https://registry.npmjs.org/metro-minify-terser/-/metro-minify-terser-0.84.5.tgz 0ms (cache hit)
915 http cache metro-config@https://registry.npmjs.org/metro-config/-/metro-config-0.84.5.tgz 0ms (cache hit)
916 http cache metro@https://registry.npmjs.org/metro/-/metro-0.84.5.tgz 0ms (cache hit)
917 http cache metro-cache-key@https://registry.npmjs.org/metro-cache-key/-/metro-cache-key-0.84.5.tgz 0ms (cache hit)
918 http cache metro-file-map@https://registry.npmjs.org/metro-file-map/-/metro-file-map-0.84.5.tgz 0ms (cache hit)
919 http cache metro-babel-transformer@https://registry.npmjs.org/metro-babel-transformer/-/metro-babel-transformer-0.84.5.tgz 0ms (cache hit)
920 http cache metro-cache@https://registry.npmjs.org/metro-cache/-/metro-cache-0.84.5.tgz 0ms (cache hit)
921 http cache semver@https://registry.npmjs.org/semver/-/semver-7.8.5.tgz 0ms (cache hit)
922 http cache hermes-estree@https://registry.npmjs.org/hermes-estree/-/hermes-estree-0.36.0.tgz 0ms (cache hit)
923 http cache hermes-estree@https://registry.npmjs.org/hermes-estree/-/hermes-estree-0.35.0.tgz 0ms (cache hit)
924 http cache hermes-parser@https://registry.npmjs.org/hermes-parser/-/hermes-parser-0.35.0.tgz 0ms (cache hit)
925 http cache semver@https://registry.npmjs.org/semver/-/semver-7.8.5.tgz 0ms (cache hit)
926 http cache minimatch@https://registry.npmjs.org/minimatch/-/minimatch-10.2.6.tgz 0ms (cache hit)
927 http cache brace-expansion@https://registry.npmjs.org/brace-expansion/-/brace-expansion-5.0.9.tgz 0ms (cache hit)
928 http cache semver@https://registry.npmjs.org/semver/-/semver-7.8.5.tgz 0ms (cache hit)
929 http cache semver@https://registry.npmjs.org/semver/-/semver-7.8.5.tgz 0ms (cache hit)
930 http cache debug@https://registry.npmjs.org/debug/-/debug-3.2.7.tgz 0ms (cache hit)
931 http cache balanced-match@https://registry.npmjs.org/balanced-match/-/balanced-match-4.0.4.tgz 0ms (cache hit)
932 silly tarball no local data for zxing-wasm@https://registry.npmjs.org/zxing-wasm/-/zxing-wasm-3.1.3.tgz. Extracting by manifest.
933 silly tarball no local data for yargs-parser@https://registry.npmjs.org/yargs-parser/-/yargs-parser-21.1.1.tgz. Extracting by manifest.
934 silly tarball no local data for yargs@https://registry.npmjs.org/yargs/-/yargs-17.7.2.tgz. Extracting by manifest.
935 silly tarball no local data for zod@https://registry.npmjs.org/zod/-/zod-3.25.76.tgz. Extracting by manifest.
936 silly tarball no local data for yaml@https://registry.npmjs.org/yaml/-/yaml-2.9.0.tgz. Extracting by manifest.
937 silly tarball no local data for zod-validation-error@https://registry.npmjs.org/zod-validation-error/-/zod-validation-error-4.0.2.tgz. Extracting by manifest.
938 silly tarball no local data for yallist@https://registry.npmjs.org/yallist/-/yallist-3.1.1.tgz. Extracting by manifest.
939 silly tarball no local data for yocto-queue@https://registry.npmjs.org/yocto-queue/-/yocto-queue-0.1.0.tgz. Extracting by manifest.
940 silly tarball no local data for xmlbuilder@https://registry.npmjs.org/xmlbuilder/-/xmlbuilder-15.1.1.tgz. Extracting by manifest.
941 silly tarball no local data for xmlhttprequest-ssl@https://registry.npmjs.org/xmlhttprequest-ssl/-/xmlhttprequest-ssl-2.1.2.tgz. Extracting by manifest.
942 silly tarball no local data for y18n@https://registry.npmjs.org/y18n/-/y18n-5.0.8.tgz. Extracting by manifest.
943 silly tarball no local data for xml2js@https://registry.npmjs.org/xml2js/-/xml2js-0.6.0.tgz. Extracting by manifest.
944 silly tarball no local data for wrappy@https://registry.npmjs.org/wrappy/-/wrappy-1.0.2.tgz. Extracting by manifest.
945 silly tarball no local data for xcode@https://registry.npmjs.org/xcode/-/xcode-3.0.1.tgz. Extracting by manifest.
946 silly tarball no local data for ws@https://registry.npmjs.org/ws/-/ws-7.5.10.tgz. Extracting by manifest.
947 silly tarball no local data for word-wrap@https://registry.npmjs.org/word-wrap/-/word-wrap-1.2.5.tgz. Extracting by manifest.
948 silly tarball no local data for which-collection@https://registry.npmjs.org/which-collection/-/which-collection-1.0.2.tgz. Extracting by manifest.
949 silly tarball no local data for wrap-ansi@https://registry.npmjs.org/wrap-ansi/-/wrap-ansi-7.0.0.tgz. Extracting by manifest.
950 silly tarball no local data for which-builtin-type@https://registry.npmjs.org/which-builtin-type/-/which-builtin-type-1.2.1.tgz. Extracting by manifest.
951 http cache resolve@https://registry.npmjs.org/resolve/-/resolve-1.22.12.tgz 0ms (cache hit)
952 silly tarball no local data for whatwg-url-minimum@https://registry.npmjs.org/whatwg-url-minimum/-/whatwg-url-minimum-0.1.2.tgz. Extracting by manifest.
953 silly tarball no local data for which-typed-array@https://registry.npmjs.org/which-typed-array/-/which-typed-array-1.1.20.tgz. Extracting by manifest.
954 silly tarball no local data for whatwg-url@https://registry.npmjs.org/whatwg-url/-/whatwg-url-5.0.0.tgz. Extracting by manifest.
955 silly tarball no local data for whatwg-fetch@https://registry.npmjs.org/whatwg-fetch/-/whatwg-fetch-3.6.20.tgz. Extracting by manifest.
956 silly tarball no local data for which@https://registry.npmjs.org/which/-/which-2.0.2.tgz. Extracting by manifest.
957 silly tarball no local data for webidl-conversions@https://registry.npmjs.org/webidl-conversions/-/webidl-conversions-3.0.1.tgz. Extracting by manifest.
958 silly tarball no local data for walker@https://registry.npmjs.org/walker/-/walker-1.0.8.tgz. Extracting by manifest.
959 silly tarball no local data for vlq@https://registry.npmjs.org/vlq/-/vlq-1.0.1.tgz. Extracting by manifest.
960 silly tarball no local data for which-boxed-primitive@https://registry.npmjs.org/which-boxed-primitive/-/which-boxed-primitive-1.1.1.tgz. Extracting by manifest.
961 silly tarball no local data for wcwidth@https://registry.npmjs.org/wcwidth/-/wcwidth-1.0.1.tgz. Extracting by manifest.
962 silly tarball no local data for vaul@https://registry.npmjs.org/vaul/-/vaul-1.1.2.tgz. Extracting by manifest.
963 silly tarball no local data for warn-once@https://registry.npmjs.org/warn-once/-/warn-once-0.1.1.tgz. Extracting by manifest.
964 silly tarball no local data for uuid@https://registry.npmjs.org/uuid/-/uuid-7.0.3.tgz. Extracting by manifest.
965 silly tarball no local data for vary@https://registry.npmjs.org/vary/-/vary-1.1.2.tgz. Extracting by manifest.
966 silly tarball no local data for validate-npm-package-name@https://registry.npmjs.org/validate-npm-package-name/-/validate-npm-package-name-5.0.1.tgz. Extracting by manifest.
967 silly tarball no local data for utils-merge@https://registry.npmjs.org/utils-merge/-/utils-merge-1.0.1.tgz. Extracting by manifest.
968 silly tarball no local data for use-sidecar@https://registry.npmjs.org/use-sidecar/-/use-sidecar-1.1.3.tgz. Extracting by manifest.
969 silly tarball no local data for use-latest-callback@https://registry.npmjs.org/use-latest-callback/-/use-latest-callback-0.2.6.tgz. Extracting by manifest.
970 silly tarball no local data for use-callback-ref@https://registry.npmjs.org/use-callback-ref/-/use-callback-ref-1.3.3.tgz. Extracting by manifest.
971 silly tarball no local data for unrs-resolver@https://registry.npmjs.org/unrs-resolver/-/unrs-resolver-1.11.1.tgz. Extracting by manifest.
972 silly tarball no local data for update-browserslist-db@https://registry.npmjs.org/update-browserslist-db/-/update-browserslist-db-1.3.3.tgz. Extracting by manifest.
973 silly tarball no local data for uri-js@https://registry.npmjs.org/uri-js/-/uri-js-4.4.1.tgz. Extracting by manifest.
974 silly tarball no local data for unicode-property-aliases-ecmascript@https://registry.npmjs.org/unicode-property-aliases-ecmascript/-/unicode-property-aliases-ecmascript-2.2.0.tgz. Extracting by manifest.
975 silly tarball no local data for unicode-canonical-property-names-ecmascript@https://registry.npmjs.org/unicode-canonical-property-names-ecmascript/-/unicode-canonical-property-names-ecmascript-2.0.1.tgz. Extracting by manifest.
976 silly tarball no local data for unicode-match-property-value-ecmascript@https://registry.npmjs.org/unicode-match-property-value-ecmascript/-/unicode-match-property-value-ecmascript-2.2.1.tgz. Extracting by manifest.
977 silly tarball no local data for unicode-match-property-ecmascript@https://registry.npmjs.org/unicode-match-property-ecmascript/-/unicode-match-property-ecmascript-2.0.0.tgz. Extracting by manifest.
978 http cache eslint-visitor-keys@https://registry.npmjs.org/eslint-visitor-keys/-/eslint-visitor-keys-3.4.3.tgz 0ms (cache hit)
979 silly tarball no local data for unpipe@https://registry.npmjs.org/unpipe/-/unpipe-1.0.0.tgz. Extracting by manifest.
980 silly tarball no local data for undici-types@https://registry.npmjs.org/undici-types/-/undici-types-7.19.2.tgz. Extracting by manifest.
981 silly tarball no local data for typed-array-byte-length@https://registry.npmjs.org/typed-array-byte-length/-/typed-array-byte-length-1.0.3.tgz. Extracting by manifest.
982 silly tarball no local data for typescript@https://registry.npmjs.org/typescript/-/typescript-6.0.3.tgz. Extracting by manifest.
983 silly tarball no local data for ua-parser-js@https://registry.npmjs.org/ua-parser-js/-/ua-parser-js-1.0.41.tgz. Extracting by manifest.
984 silly tarball no local data for typed-array-buffer@https://registry.npmjs.org/typed-array-buffer/-/typed-array-buffer-1.0.3.tgz. Extracting by manifest.
985 silly tarball no local data for typed-array-byte-offset@https://registry.npmjs.org/typed-array-byte-offset/-/typed-array-byte-offset-1.0.4.tgz. Extracting by manifest.
986 silly tarball no local data for typed-array-length@https://registry.npmjs.org/typed-array-length/-/typed-array-length-1.0.7.tgz. Extracting by manifest.
987 silly tarball no local data for tsconfig-paths@https://registry.npmjs.org/tsconfig-paths/-/tsconfig-paths-3.15.0.tgz. Extracting by manifest.
988 silly tarball no local data for tslib@https://registry.npmjs.org/tslib/-/tslib-2.8.1.tgz. Extracting by manifest.
989 silly tarball no local data for type-fest@https://registry.npmjs.org/type-fest/-/type-fest-0.7.1.tgz. Extracting by manifest.
990 silly tarball no local data for unbox-primitive@https://registry.npmjs.org/unbox-primitive/-/unbox-primitive-1.1.0.tgz. Extracting by manifest.
991 silly tarball no local data for type-check@https://registry.npmjs.org/type-check/-/type-check-0.4.0.tgz. Extracting by manifest.
992 silly tarball no local data for toidentifier@https://registry.npmjs.org/toidentifier/-/toidentifier-1.0.1.tgz. Extracting by manifest.
993 silly tarball no local data for to-regex-range@https://registry.npmjs.org/to-regex-range/-/to-regex-range-5.0.1.tgz. Extracting by manifest.
994 silly tarball no local data for tinyglobby@https://registry.npmjs.org/tinyglobby/-/tinyglobby-0.2.16.tgz. Extracting by manifest.
995 silly tarball no local data for tr46@https://registry.npmjs.org/tr46/-/tr46-0.0.3.tgz. Extracting by manifest.
996 silly tarball no local data for ts-api-utils@https://registry.npmjs.org/ts-api-utils/-/ts-api-utils-2.5.0.tgz. Extracting by manifest.
997 silly tarball no local data for tmpl@https://registry.npmjs.org/tmpl/-/tmpl-1.0.5.tgz. Extracting by manifest.
998 silly tarball no local data for throat@https://registry.npmjs.org/throat/-/throat-5.0.0.tgz. Extracting by manifest.
999 silly tarball no local data for terminal-link@https://registry.npmjs.org/terminal-link/-/terminal-link-2.1.1.tgz. Extracting by manifest.
1000 silly tarball no local data for toqr@https://registry.npmjs.org/toqr/-/toqr-0.1.1.tgz. Extracting by manifest.
1001 silly tarball no local data for tagged-tag@https://registry.npmjs.org/tagged-tag/-/tagged-tag-1.0.0.tgz. Extracting by manifest.
1002 silly tarball no local data for terser@https://registry.npmjs.org/terser/-/terser-5.47.1.tgz. Extracting by manifest.
1003 silly tarball no local data for supports-preserve-symlinks-flag@https://registry.npmjs.org/supports-preserve-symlinks-flag/-/supports-preserve-symlinks-flag-1.0.0.tgz. Extracting by manifest.
1004 silly tarball no local data for supports-hyperlinks@https://registry.npmjs.org/supports-hyperlinks/-/supports-hyperlinks-2.3.0.tgz. Extracting by manifest.
1005 silly tarball no local data for supports-color@https://registry.npmjs.org/supports-color/-/supports-color-7.2.0.tgz. Extracting by manifest.
1006 silly tarball no local data for styleq@https://registry.npmjs.org/styleq/-/styleq-0.1.3.tgz. Extracting by manifest.
1007 silly tarball no local data for strip-bom@https://registry.npmjs.org/strip-bom/-/strip-bom-3.0.0.tgz. Extracting by manifest.
1008 silly tarball no local data for strip-json-comments@https://registry.npmjs.org/strip-json-comments/-/strip-json-comments-3.1.1.tgz. Extracting by manifest.
1009 silly tarball no local data for structured-headers@https://registry.npmjs.org/structured-headers/-/structured-headers-0.4.1.tgz. Extracting by manifest.
1010 silly tarball no local data for string.prototype.trimstart@https://registry.npmjs.org/string.prototype.trimstart/-/string.prototype.trimstart-1.0.8.tgz. Extracting by manifest.
1011 silly tarball no local data for string.prototype.trimend@https://registry.npmjs.org/string.prototype.trimend/-/string.prototype.trimend-1.0.9.tgz. Extracting by manifest.
1012 silly tarball no local data for strip-ansi@https://registry.npmjs.org/strip-ansi/-/strip-ansi-6.0.1.tgz. Extracting by manifest.
1013 silly tarball no local data for string.prototype.trim@https://registry.npmjs.org/string.prototype.trim/-/string.prototype.trim-1.2.10.tgz. Extracting by manifest.
1014 silly tarball no local data for strict-uri-encode@https://registry.npmjs.org/strict-uri-encode/-/strict-uri-encode-2.0.0.tgz. Extracting by manifest.
1015 silly tarball no local data for string.prototype.repeat@https://registry.npmjs.org/string.prototype.repeat/-/string.prototype.repeat-1.0.0.tgz. Extracting by manifest.
1016 silly tarball no local data for string.prototype.matchall@https://registry.npmjs.org/string.prototype.matchall/-/string.prototype.matchall-4.0.12.tgz. Extracting by manifest.
1017 silly tarball no local data for statuses@https://registry.npmjs.org/statuses/-/statuses-1.5.0.tgz. Extracting by manifest.
1018 silly tarball no local data for string-width@https://registry.npmjs.org/string-width/-/string-width-4.2.3.tgz. Extracting by manifest.
1019 silly tarball no local data for stop-iteration-iterator@https://registry.npmjs.org/stop-iteration-iterator/-/stop-iteration-iterator-1.1.0.tgz. Extracting by manifest.
1020 silly tarball no local data for standard-navigation@https://registry.npmjs.org/standard-navigation/-/standard-navigation-0.0.5.tgz. Extracting by manifest.
1021 silly tarball no local data for stream-buffers@https://registry.npmjs.org/stream-buffers/-/stream-buffers-2.2.0.tgz. Extracting by manifest.
1022 silly tarball no local data for stackframe@https://registry.npmjs.org/stackframe/-/stackframe-1.3.4.tgz. Extracting by manifest.
1023 silly tarball no local data for split-on-first@https://registry.npmjs.org/split-on-first/-/split-on-first-1.1.0.tgz. Extracting by manifest.
1024 silly tarball no local data for stable-hash@https://registry.npmjs.org/stable-hash/-/stable-hash-0.0.5.tgz. Extracting by manifest.
1025 silly tarball no local data for stacktrace-parser@https://registry.npmjs.org/stacktrace-parser/-/stacktrace-parser-0.1.11.tgz. Extracting by manifest.
1026 silly tarball no local data for source-map-support@https://registry.npmjs.org/source-map-support/-/source-map-support-0.5.21.tgz. Extracting by manifest.
1027 silly tarball no local data for socket.io-client@https://registry.npmjs.org/socket.io-client/-/socket.io-client-4.8.3.tgz. Extracting by manifest.
1028 silly tarball no local data for slugify@https://registry.npmjs.org/slugify/-/slugify-1.6.9.tgz. Extracting by manifest.
1029 silly tarball no local data for socket.io-parser@https://registry.npmjs.org/socket.io-parser/-/socket.io-parser-4.2.6.tgz. Extracting by manifest.
1030 silly tarball no local data for source-map@https://registry.npmjs.org/source-map/-/source-map-0.5.7.tgz. Extracting by manifest.
1031 silly tarball no local data for sisteransi@https://registry.npmjs.org/sisteransi/-/sisteransi-1.0.5.tgz. Extracting by manifest.
1032 silly tarball no local data for simple-plist@https://registry.npmjs.org/simple-plist/-/simple-plist-1.3.1.tgz. Extracting by manifest.
1033 silly tarball no local data for source-map-js@https://registry.npmjs.org/source-map-js/-/source-map-js-1.2.1.tgz. Extracting by manifest.
1034 silly tarball no local data for side-channel-weakmap@https://registry.npmjs.org/side-channel-weakmap/-/side-channel-weakmap-1.0.2.tgz. Extracting by manifest.
1035 silly tarball no local data for simple-swizzle@https://registry.npmjs.org/simple-swizzle/-/simple-swizzle-0.2.4.tgz. Extracting by manifest.
1036 silly tarball no local data for signal-exit@https://registry.npmjs.org/signal-exit/-/signal-exit-3.0.7.tgz. Extracting by manifest.
1037 silly tarball no local data for side-channel-map@https://registry.npmjs.org/side-channel-map/-/side-channel-map-1.0.1.tgz. Extracting by manifest.
1038 silly tarball no local data for shell-quote@https://registry.npmjs.org/shell-quote/-/shell-quote-1.8.3.tgz. Extracting by manifest.
1039 silly tarball no local data for side-channel-list@https://registry.npmjs.org/side-channel-list/-/side-channel-list-1.0.1.tgz. Extracting by manifest.
1040 silly tarball no local data for shebang-regex@https://registry.npmjs.org/shebang-regex/-/shebang-regex-3.0.0.tgz. Extracting by manifest.
1041 silly tarball no local data for shebang-command@https://registry.npmjs.org/shebang-command/-/shebang-command-2.0.0.tgz. Extracting by manifest.
1042 silly tarball no local data for setprototypeof@https://registry.npmjs.org/setprototypeof/-/setprototypeof-1.2.0.tgz. Extracting by manifest.
1043 silly tarball no local data for side-channel@https://registry.npmjs.org/side-channel/-/side-channel-1.1.0.tgz. Extracting by manifest.
1044 silly tarball no local data for shallowequal@https://registry.npmjs.org/shallowequal/-/shallowequal-1.1.0.tgz. Extracting by manifest.
1045 silly tarball no local data for set-proto@https://registry.npmjs.org/set-proto/-/set-proto-1.0.0.tgz. Extracting by manifest.
1046 silly tarball no local data for set-function-length@https://registry.npmjs.org/set-function-length/-/set-function-length-1.2.2.tgz. Extracting by manifest.
1047 silly tarball no local data for set-function-name@https://registry.npmjs.org/set-function-name/-/set-function-name-2.0.2.tgz. Extracting by manifest.
1048 silly tarball no local data for server-only@https://registry.npmjs.org/server-only/-/server-only-0.0.1.tgz. Extracting by manifest.
1049 silly tarball no local data for setimmediate@https://registry.npmjs.org/setimmediate/-/setimmediate-1.0.5.tgz. Extracting by manifest.
1050 silly tarball no local data for sf-symbols-typescript@https://registry.npmjs.org/sf-symbols-typescript/-/sf-symbols-typescript-2.2.0.tgz. Extracting by manifest.
1051 silly tarball no local data for serve-static@https://registry.npmjs.org/serve-static/-/serve-static-1.16.3.tgz. Extracting by manifest.
1052 silly tarball no local data for serialize-error@https://registry.npmjs.org/serialize-error/-/serialize-error-2.1.0.tgz. Extracting by manifest.
1053 silly tarball no local data for scheduler@https://registry.npmjs.org/scheduler/-/scheduler-0.27.0.tgz. Extracting by manifest.
1054 silly tarball no local data for send@https://registry.npmjs.org/send/-/send-0.19.2.tgz. Extracting by manifest.
1055 silly tarball no local data for sax@https://registry.npmjs.org/sax/-/sax-1.6.0.tgz. Extracting by manifest.
1056 silly tarball no local data for semver@https://registry.npmjs.org/semver/-/semver-6.3.1.tgz. Extracting by manifest.
1057 silly tarball no local data for safe-push-apply@https://registry.npmjs.org/safe-push-apply/-/safe-push-apply-1.0.0.tgz. Extracting by manifest.
1058 silly tarball no local data for safe-regex-test@https://registry.npmjs.org/safe-regex-test/-/safe-regex-test-1.1.0.tgz. Extracting by manifest.
1059 silly tarball no local data for sandbox-cli-detector@https://registry.npmjs.org/sandbox-cli-detector/-/sandbox-cli-detector-0.2.0.tgz. Extracting by manifest.
1060 silly tarball no local data for restore-cursor@https://registry.npmjs.org/restore-cursor/-/restore-cursor-2.0.0.tgz. Extracting by manifest.
1061 silly tarball no local data for safe-buffer@https://registry.npmjs.org/safe-buffer/-/safe-buffer-5.2.1.tgz. Extracting by manifest.
1062 silly tarball no local data for responselike@https://registry.npmjs.org/responselike/-/responselike-2.0.1.tgz. Extracting by manifest.
1063 silly tarball no local data for resolve-workspace-root@https://registry.npmjs.org/resolve-workspace-root/-/resolve-workspace-root-2.0.1.tgz. Extracting by manifest.
1064 silly tarball no local data for resolve-alpn@https://registry.npmjs.org/resolve-alpn/-/resolve-alpn-1.2.1.tgz. Extracting by manifest.
1065 silly tarball no local data for resolve@https://registry.npmjs.org/resolve/-/resolve-2.0.0-next.6.tgz. Extracting by manifest.
1066 silly tarball no local data for require-directory@https://registry.npmjs.org/require-directory/-/require-directory-2.1.1.tgz. Extracting by manifest.
1067 silly tarball no local data for resolve-pkg-maps@https://registry.npmjs.org/resolve-pkg-maps/-/resolve-pkg-maps-1.0.0.tgz. Extracting by manifest.
1068 silly tarball no local data for regjsparser@https://registry.npmjs.org/regjsparser/-/regjsparser-0.13.1.tgz. Extracting by manifest.
1069 silly tarball no local data for regjsgen@https://registry.npmjs.org/regjsgen/-/regjsgen-0.8.0.tgz. Extracting by manifest.
1070 silly tarball no local data for regenerator-runtime@https://registry.npmjs.org/regenerator-runtime/-/regenerator-runtime-0.13.11.tgz. Extracting by manifest.
1071 silly tarball no local data for regexp.prototype.flags@https://registry.npmjs.org/regexp.prototype.flags/-/regexp.prototype.flags-1.5.4.tgz. Extracting by manifest.
1072 silly tarball no local data for regexpu-core@https://registry.npmjs.org/regexpu-core/-/regexpu-core-6.4.0.tgz. Extracting by manifest.
1073 silly tarball no local data for regenerate@https://registry.npmjs.org/regenerate/-/regenerate-1.4.2.tgz. Extracting by manifest.
1074 silly tarball no local data for resolve-from@https://registry.npmjs.org/resolve-from/-/resolve-from-5.0.0.tgz. Extracting by manifest.
1075 silly tarball no local data for react-remove-scroll-bar@https://registry.npmjs.org/react-remove-scroll-bar/-/react-remove-scroll-bar-2.3.8.tgz. Extracting by manifest.
1076 silly tarball no local data for regenerate-unicode-properties@https://registry.npmjs.org/regenerate-unicode-properties/-/regenerate-unicode-properties-10.2.2.tgz. Extracting by manifest.
1077 silly tarball no local data for safe-array-concat@https://registry.npmjs.org/safe-array-concat/-/safe-array-concat-1.1.4.tgz. Extracting by manifest.
1078 silly tarball no local data for react-refresh@https://registry.npmjs.org/react-refresh/-/react-refresh-0.14.2.tgz. Extracting by manifest.
1079 silly tarball no local data for react-style-singleton@https://registry.npmjs.org/react-style-singleton/-/react-style-singleton-2.2.3.tgz. Extracting by manifest.
1080 silly tarball no local data for react-native-worklets@https://registry.npmjs.org/react-native-worklets/-/react-native-worklets-0.10.1.tgz. Extracting by manifest.
1081 silly tarball no local data for react-remove-scroll@https://registry.npmjs.org/react-remove-scroll/-/react-remove-scroll-2.7.2.tgz. Extracting by manifest.
1082 silly tarball no local data for react-native-screens@https://registry.npmjs.org/react-native-screens/-/react-native-screens-4.26.2.tgz. Extracting by manifest.
1083 silly tarball no local data for react-native-webrtc@https://registry.npmjs.org/react-native-webrtc/-/react-native-webrtc-124.0.5.tgz. Extracting by manifest.
1084 silly tarball no local data for react-native-web@https://registry.npmjs.org/react-native-web/-/react-native-web-0.21.2.tgz. Extracting by manifest.
1085 silly tarball no local data for reflect.getprototypeof@https://registry.npmjs.org/reflect.getprototypeof/-/reflect.getprototypeof-1.0.10.tgz. Extracting by manifest.
1086 silly tarball no local data for react-native-keyboard-controller@https://registry.npmjs.org/react-native-keyboard-controller/-/react-native-keyboard-controller-1.21.9.tgz. Extracting by manifest.
1087 silly tarball no local data for react-native-svg@https://registry.npmjs.org/react-native-svg/-/react-native-svg-15.15.4.tgz. Extracting by manifest.
1088 silly tarball no local data for react-native-reanimated@https://registry.npmjs.org/react-native-reanimated/-/react-native-reanimated-4.5.1.tgz. Extracting by manifest.
1089 silly tarball no local data for react-native-safe-area-context@https://registry.npmjs.org/react-native-safe-area-context/-/react-native-safe-area-context-5.7.0.tgz. Extracting by manifest.
1090 silly tarball no local data for react-native-is-edge-to-edge@https://registry.npmjs.org/react-native-is-edge-to-edge/-/react-native-is-edge-to-edge-1.3.1.tgz. Extracting by manifest.
1091 silly tarball no local data for react-native-drawer-layout@https://registry.npmjs.org/react-native-drawer-layout/-/react-native-drawer-layout-4.2.10.tgz. Extracting by manifest.
1092 silly tarball no local data for react-fast-compare@https://registry.npmjs.org/react-fast-compare/-/react-fast-compare-3.2.2.tgz. Extracting by manifest.
1093 silly tarball no local data for react-native-gesture-handler@https://registry.npmjs.org/react-native-gesture-handler/-/react-native-gesture-handler-2.32.0.tgz. Extracting by manifest.
1094 silly tarball no local data for react-native@https://registry.npmjs.org/react-native/-/react-native-0.86.3.tgz. Extracting by manifest.
1095 silly tarball no local data for react-freeze@https://registry.npmjs.org/react-freeze/-/react-freeze-1.0.4.tgz. Extracting by manifest.
1096 silly tarball no local data for react-is@https://registry.npmjs.org/react-is/-/react-is-19.2.6.tgz. Extracting by manifest.
1097 silly tarball no local data for react-native-razorpay@https://registry.npmjs.org/react-native-razorpay/-/react-native-razorpay-3.0.0.tgz. Extracting by manifest.
1098 silly tarball no local data for react-dom@https://registry.npmjs.org/react-dom/-/react-dom-19.2.3.tgz. Extracting by manifest.
1099 silly tarball no local data for quick-lru@https://registry.npmjs.org/quick-lru/-/quick-lru-5.1.1.tgz. Extracting by manifest.
1100 silly tarball no local data for react-devtools-core@https://registry.npmjs.org/react-devtools-core/-/react-devtools-core-6.1.5.tgz. Extracting by manifest.
1101 silly tarball no local data for prop-types@https://registry.npmjs.org/prop-types/-/prop-types-15.8.1.tgz. Extracting by manifest.
1102 silly tarball no local data for react@https://registry.npmjs.org/react/-/react-19.2.3.tgz. Extracting by manifest.
1103 silly tarball no local data for prompts@https://registry.npmjs.org/prompts/-/prompts-2.4.2.tgz. Extracting by manifest.
1104 silly tarball no local data for punycode@https://registry.npmjs.org/punycode/-/punycode-2.3.1.tgz. Extracting by manifest.
1105 silly tarball no local data for query-string@https://registry.npmjs.org/query-string/-/query-string-7.1.3.tgz. Extracting by manifest.
1106 silly tarball no local data for progress@https://registry.npmjs.org/progress/-/progress-2.0.3.tgz. Extracting by manifest.
1107 silly tarball no local data for promise@https://registry.npmjs.org/promise/-/promise-8.3.0.tgz. Extracting by manifest.
1108 silly tarball no local data for pretty-format@https://registry.npmjs.org/pretty-format/-/pretty-format-29.7.0.tgz. Extracting by manifest.
1109 silly tarball no local data for proc-log@https://registry.npmjs.org/proc-log/-/proc-log-4.2.0.tgz. Extracting by manifest.
1110 silly tarball no local data for prelude-ls@https://registry.npmjs.org/prelude-ls/-/prelude-ls-1.2.1.tgz. Extracting by manifest.
1111 silly tarball no local data for range-parser@https://registry.npmjs.org/range-parser/-/range-parser-1.2.1.tgz. Extracting by manifest.
1112 silly tarball no local data for postcss-value-parser@https://registry.npmjs.org/postcss-value-parser/-/postcss-value-parser-4.2.0.tgz. Extracting by manifest.
1113 silly tarball no local data for postcss@https://registry.npmjs.org/postcss/-/postcss-8.5.28.tgz. Extracting by manifest.
1114 silly tarball no local data for pump@https://registry.npmjs.org/pump/-/pump-3.0.4.tgz. Extracting by manifest.
1115 silly tarball no local data for possible-typed-array-names@https://registry.npmjs.org/possible-typed-array-names/-/possible-typed-array-names-1.1.0.tgz. Extracting by manifest.
1116 silly tarball no local data for pngjs@https://registry.npmjs.org/pngjs/-/pngjs-3.4.0.tgz. Extracting by manifest.
1117 silly tarball no local data for picomatch@https://registry.npmjs.org/picomatch/-/picomatch-4.0.4.tgz. Extracting by manifest.
1118 silly tarball no local data for path-parse@https://registry.npmjs.org/path-parse/-/path-parse-1.0.7.tgz. Extracting by manifest.
1119 silly tarball no local data for picocolors@https://registry.npmjs.org/picocolors/-/picocolors-1.1.1.tgz. Extracting by manifest.
1120 silly tarball no local data for plist@https://registry.npmjs.org/plist/-/plist-3.1.1.tgz. Extracting by manifest.
1121 silly tarball no local data for path-scurry@https://registry.npmjs.org/path-scurry/-/path-scurry-2.0.2.tgz. Extracting by manifest.
1122 silly tarball no local data for parseurl@https://registry.npmjs.org/parseurl/-/parseurl-1.3.3.tgz. Extracting by manifest.
1123 silly tarball no local data for path-key@https://registry.npmjs.org/path-key/-/path-key-3.1.1.tgz. Extracting by manifest.
1124 silly tarball no local data for path-exists@https://registry.npmjs.org/path-exists/-/path-exists-4.0.0.tgz. Extracting by manifest.
1125 silly tarball no local data for p-limit@https://registry.npmjs.org/p-limit/-/p-limit-3.1.0.tgz. Extracting by manifest.
1126 silly tarball no local data for parent-module@https://registry.npmjs.org/parent-module/-/parent-module-1.0.1.tgz. Extracting by manifest.
1127 silly tarball no local data for p-locate@https://registry.npmjs.org/p-locate/-/p-locate-5.0.0.tgz. Extracting by manifest.
1128 silly tarball no local data for parse-png@https://registry.npmjs.org/parse-png/-/parse-png-2.1.0.tgz. Extracting by manifest.
1129 silly tarball no local data for own-keys@https://registry.npmjs.org/own-keys/-/own-keys-1.0.1.tgz. Extracting by manifest.
1130 silly tarball no local data for ora@https://registry.npmjs.org/ora/-/ora-3.4.0.tgz. Extracting by manifest.
1131 silly tarball no local data for open@https://registry.npmjs.org/open/-/open-7.4.2.tgz. Extracting by manifest.
1132 silly tarball no local data for p-cancelable@https://registry.npmjs.org/p-cancelable/-/p-cancelable-2.1.1.tgz. Extracting by manifest.
1133 silly tarball no local data for optionator@https://registry.npmjs.org/optionator/-/optionator-0.9.4.tgz. Extracting by manifest.
1134 silly tarball no local data for on-headers@https://registry.npmjs.org/on-headers/-/on-headers-1.1.0.tgz. Extracting by manifest.
1135 silly tarball no local data for on-finished@https://registry.npmjs.org/on-finished/-/on-finished-2.3.0.tgz. Extracting by manifest.
1136 silly tarball no local data for once@https://registry.npmjs.org/once/-/once-1.4.0.tgz. Extracting by manifest.
1137 silly tarball no local data for object.fromentries@https://registry.npmjs.org/object.fromentries/-/object.fromentries-2.0.8.tgz. Extracting by manifest.
1138 silly tarball no local data for object.groupby@https://registry.npmjs.org/object.groupby/-/object.groupby-1.0.3.tgz. Extracting by manifest.
1139 silly tarball no local data for object.entries@https://registry.npmjs.org/object.entries/-/object.entries-1.1.9.tgz. Extracting by manifest.
1140 silly tarball no local data for object.assign@https://registry.npmjs.org/object.assign/-/object.assign-4.1.7.tgz. Extracting by manifest.
1141 silly tarball no local data for object-keys@https://registry.npmjs.org/object-keys/-/object-keys-1.1.1.tgz. Extracting by manifest.
1142 silly tarball no local data for object-assign@https://registry.npmjs.org/object-assign/-/object-assign-4.1.1.tgz. Extracting by manifest.
1143 silly tarball no local data for object-inspect@https://registry.npmjs.org/object-inspect/-/object-inspect-1.13.4.tgz. Extracting by manifest.
1144 silly tarball no local data for ob1@https://registry.npmjs.org/ob1/-/ob1-0.84.6.tgz. Extracting by manifest.
1145 silly tarball no local data for object.values@https://registry.npmjs.org/object.values/-/object.values-1.2.1.tgz. Extracting by manifest.
1146 silly tarball no local data for npm-package-arg@https://registry.npmjs.org/npm-package-arg/-/npm-package-arg-11.0.3.tgz. Extracting by manifest.
1147 silly tarball no local data for nth-check@https://registry.npmjs.org/nth-check/-/nth-check-2.1.1.tgz. Extracting by manifest.
1148 silly tarball no local data for nullthrows@https://registry.npmjs.org/nullthrows/-/nullthrows-1.1.1.tgz. Extracting by manifest.
1149 silly tarball no local data for onetime@https://registry.npmjs.org/onetime/-/onetime-2.0.1.tgz. Extracting by manifest.
1150 silly tarball no local data for normalize-url@https://registry.npmjs.org/normalize-url/-/normalize-url-6.1.0.tgz. Extracting by manifest.
1151 silly tarball no local data for node-releases@https://registry.npmjs.org/node-releases/-/node-releases-2.0.55.tgz. Extracting by manifest.
1152 silly tarball no local data for node-int64@https://registry.npmjs.org/node-int64/-/node-int64-0.4.0.tgz. Extracting by manifest.
1153 silly tarball no local data for node-fetch@https://registry.npmjs.org/node-fetch/-/node-fetch-2.7.0.tgz. Extracting by manifest.
1154 silly tarball no local data for negotiator@https://registry.npmjs.org/negotiator/-/negotiator-1.1.0.tgz. Extracting by manifest.
1155 silly tarball no local data for node-exports-info@https://registry.npmjs.org/node-exports-info/-/node-exports-info-1.6.0.tgz. Extracting by manifest.
1156 silly tarball no local data for nanoid@https://registry.npmjs.org/nanoid/-/nanoid-3.3.19.tgz. Extracting by manifest.
1157 silly tarball no local data for node-forge@https://registry.npmjs.org/node-forge/-/node-forge-1.4.0.tgz. Extracting by manifest.
1158 silly tarball no local data for napi-postinstall@https://registry.npmjs.org/napi-postinstall/-/napi-postinstall-0.3.4.tgz. Extracting by manifest.
1159 silly tarball no local data for natural-compare@https://registry.npmjs.org/natural-compare/-/natural-compare-1.4.0.tgz. Extracting by manifest.
1160 silly tarball no local data for multitars@https://registry.npmjs.org/multitars/-/multitars-1.0.2.tgz. Extracting by manifest.
1161 silly tarball no local data for minipass@https://registry.npmjs.org/minipass/-/minipass-7.1.3.tgz. Extracting by manifest.
1162 silly tarball no local data for ms@https://registry.npmjs.org/ms/-/ms-2.1.3.tgz. Extracting by manifest.
1163 silly tarball no local data for minimatch@https://registry.npmjs.org/minimatch/-/minimatch-3.1.5.tgz. Extracting by manifest.
1164 silly tarball no local data for mkdirp@https://registry.npmjs.org/mkdirp/-/mkdirp-1.0.4.tgz. Extracting by manifest.
1165 silly tarball no local data for minimist@https://registry.npmjs.org/minimist/-/minimist-1.2.8.tgz. Extracting by manifest.
1166 silly tarball no local data for mimic-response@https://registry.npmjs.org/mimic-response/-/mimic-response-1.0.1.tgz. Extracting by manifest.
1167 silly tarball no local data for mime-types@https://registry.npmjs.org/mime-types/-/mime-types-3.0.2.tgz. Extracting by manifest.
1168 silly tarball no local data for mime@https://registry.npmjs.org/mime/-/mime-1.6.0.tgz. Extracting by manifest.
1169 silly tarball no local data for micromatch@https://registry.npmjs.org/micromatch/-/micromatch-4.0.8.tgz. Extracting by manifest.
1170 silly tarball no local data for mimic-fn@https://registry.npmjs.org/mimic-fn/-/mimic-fn-1.2.0.tgz. Extracting by manifest.
1171 silly tarball no local data for metro-transform-worker@https://registry.npmjs.org/metro-transform-worker/-/metro-transform-worker-0.84.6.tgz. Extracting by manifest.
1172 silly tarball no local data for mime-db@https://registry.npmjs.org/mime-db/-/mime-db-1.54.0.tgz. Extracting by manifest.
1173 silly tarball no local data for metro-source-map@https://registry.npmjs.org/metro-source-map/-/metro-source-map-0.84.6.tgz. Extracting by manifest.
1174 silly tarball no local data for metro-resolver@https://registry.npmjs.org/metro-resolver/-/metro-resolver-0.84.6.tgz. Extracting by manifest.
1175 silly tarball no local data for metro-symbolicate@https://registry.npmjs.org/metro-symbolicate/-/metro-symbolicate-0.84.6.tgz. Extracting by manifest.
1176 silly tarball no local data for metro-transform-plugins@https://registry.npmjs.org/metro-transform-plugins/-/metro-transform-plugins-0.84.6.tgz. Extracting by manifest.
1177 silly tarball no local data for metro-runtime@https://registry.npmjs.org/metro-runtime/-/metro-runtime-0.84.6.tgz. Extracting by manifest.
1178 silly tarball no local data for metro-file-map@https://registry.npmjs.org/metro-file-map/-/metro-file-map-0.84.6.tgz. Extracting by manifest.
1179 silly tarball no local data for metro-cache-key@https://registry.npmjs.org/metro-cache-key/-/metro-cache-key-0.84.6.tgz. Extracting by manifest.
1180 silly tarball no local data for metro-minify-terser@https://registry.npmjs.org/metro-minify-terser/-/metro-minify-terser-0.84.6.tgz. Extracting by manifest.
1181 silly tarball no local data for metro-cache@https://registry.npmjs.org/metro-cache/-/metro-cache-0.84.6.tgz. Extracting by manifest.
1182 silly tarball no local data for metro-babel-transformer@https://registry.npmjs.org/metro-babel-transformer/-/metro-babel-transformer-0.84.6.tgz. Extracting by manifest.
1183 silly tarball no local data for merge-options@https://registry.npmjs.org/merge-options/-/merge-options-3.0.4.tgz. Extracting by manifest.
1184 silly tarball no local data for metro@https://registry.npmjs.org/metro/-/metro-0.84.6.tgz. Extracting by manifest.
1185 silly tarball no local data for metro-core@https://registry.npmjs.org/metro-core/-/metro-core-0.84.6.tgz. Extracting by manifest.
1186 silly tarball no local data for memoize-one@https://registry.npmjs.org/memoize-one/-/memoize-one-5.2.1.tgz. Extracting by manifest.
1187 silly tarball no local data for metro-config@https://registry.npmjs.org/metro-config/-/metro-config-0.84.6.tgz. Extracting by manifest.
1188 silly tarball no local data for merge-stream@https://registry.npmjs.org/merge-stream/-/merge-stream-2.0.0.tgz. Extracting by manifest.
1189 silly tarball no local data for mdn-data@https://registry.npmjs.org/mdn-data/-/mdn-data-2.0.14.tgz. Extracting by manifest.
1190 silly tarball no local data for marky@https://registry.npmjs.org/marky/-/marky-1.3.0.tgz. Extracting by manifest.
1191 silly tarball no local data for makeerror@https://registry.npmjs.org/makeerror/-/makeerror-1.0.12.tgz. Extracting by manifest.
1192 silly tarball no local data for lru-cache@https://registry.npmjs.org/lru-cache/-/lru-cache-5.1.1.tgz. Extracting by manifest.
1193 silly tarball no local data for math-intrinsics@https://registry.npmjs.org/math-intrinsics/-/math-intrinsics-1.1.0.tgz. Extracting by manifest.
1194 silly tarball no local data for lowercase-keys@https://registry.npmjs.org/lowercase-keys/-/lowercase-keys-2.0.0.tgz. Extracting by manifest.
1195 silly tarball no local data for loose-envify@https://registry.npmjs.org/loose-envify/-/loose-envify-1.4.0.tgz. Extracting by manifest.
1196 silly tarball no local data for log-symbols@https://registry.npmjs.org/log-symbols/-/log-symbols-2.2.0.tgz. Extracting by manifest.
1197 silly tarball no local data for lodash.merge@https://registry.npmjs.org/lodash.merge/-/lodash.merge-4.6.2.tgz. Extracting by manifest.
1198 silly tarball no local data for lodash.throttle@https://registry.npmjs.org/lodash.throttle/-/lodash.throttle-4.1.1.tgz. Extracting by manifest.
1199 silly tarball no local data for lodash.debounce@https://registry.npmjs.org/lodash.debounce/-/lodash.debounce-4.0.8.tgz. Extracting by manifest.
1200 silly tarball no local data for lightningcss@https://registry.npmjs.org/lightningcss/-/lightningcss-1.33.0.tgz. Extracting by manifest.
1201 silly tarball no local data for locate-path@https://registry.npmjs.org/locate-path/-/locate-path-6.0.0.tgz. Extracting by manifest.
1202 silly tarball no local data for levn@https://registry.npmjs.org/levn/-/levn-0.4.1.tgz. Extracting by manifest.
1203 silly tarball no local data for lighthouse-logger@https://registry.npmjs.org/lighthouse-logger/-/lighthouse-logger-1.4.2.tgz. Extracting by manifest.
1204 silly tarball no local data for lightningcss-darwin-arm64@https://registry.npmjs.org/lightningcss-darwin-arm64/-/lightningcss-darwin-arm64-1.33.0.tgz. Extracting by manifest.
1205 silly tarball no local data for leven@https://registry.npmjs.org/leven/-/leven-3.1.0.tgz. Extracting by manifest.
1206 silly tarball no local data for keyv@https://registry.npmjs.org/keyv/-/keyv-4.5.4.tgz. Extracting by manifest.
1207 silly tarball no local data for kleur@https://registry.npmjs.org/kleur/-/kleur-3.0.3.tgz. Extracting by manifest.
1208 silly tarball no local data for jsx-ast-utils@https://registry.npmjs.org/jsx-ast-utils/-/jsx-ast-utils-3.3.5.tgz. Extracting by manifest.
1209 silly tarball no local data for lan-network@https://registry.npmjs.org/lan-network/-/lan-network-0.2.1.tgz. Extracting by manifest.
1210 silly tarball no local data for json-stable-stringify-without-jsonify@https://registry.npmjs.org/json-stable-stringify-without-jsonify/-/json-stable-stringify-without-jsonify-1.0.1.tgz. Extracting by manifest.
1211 silly tarball no local data for json-schema-traverse@https://registry.npmjs.org/json-schema-traverse/-/json-schema-traverse-0.4.1.tgz. Extracting by manifest.
1212 silly tarball no local data for jsesc@https://registry.npmjs.org/jsesc/-/jsesc-3.1.0.tgz. Extracting by manifest.
1213 silly tarball no local data for jsc-safe-url@https://registry.npmjs.org/jsc-safe-url/-/jsc-safe-url-0.2.4.tgz. Extracting by manifest.
1214 silly tarball no local data for js-yaml@https://registry.npmjs.org/js-yaml/-/js-yaml-4.1.1.tgz. Extracting by manifest.
1215 silly tarball no local data for json5@https://registry.npmjs.org/json5/-/json5-2.2.3.tgz. Extracting by manifest.
1216 silly tarball no local data for jimp-compact@https://registry.npmjs.org/jimp-compact/-/jimp-compact-0.16.1.tgz. Extracting by manifest.
1217 silly tarball no local data for jest-util@https://registry.npmjs.org/jest-util/-/jest-util-29.7.0.tgz. Extracting by manifest.
1218 silly tarball no local data for jest-worker@https://registry.npmjs.org/jest-worker/-/jest-worker-29.7.0.tgz. Extracting by manifest.
1219 silly tarball no local data for js-tokens@https://registry.npmjs.org/js-tokens/-/js-tokens-4.0.0.tgz. Extracting by manifest.
1220 silly tarball no local data for jest-validate@https://registry.npmjs.org/jest-validate/-/jest-validate-29.7.0.tgz. Extracting by manifest.
1221 silly tarball no local data for isexe@https://registry.npmjs.org/isexe/-/isexe-2.0.0.tgz. Extracting by manifest.
1222 silly tarball no local data for jest-get-type@https://registry.npmjs.org/jest-get-type/-/jest-get-type-29.6.3.tgz. Extracting by manifest.
1223 silly tarball no local data for iterator.prototype@https://registry.npmjs.org/iterator.prototype/-/iterator.prototype-1.1.5.tgz. Extracting by manifest.
1224 silly tarball no local data for is-wsl@https://registry.npmjs.org/is-wsl/-/is-wsl-2.2.0.tgz. Extracting by manifest.
1225 silly tarball no local data for isarray@https://registry.npmjs.org/isarray/-/isarray-2.0.5.tgz. Extracting by manifest.
1226 silly tarball no local data for is-weakset@https://registry.npmjs.org/is-weakset/-/is-weakset-2.0.4.tgz. Extracting by manifest.
1227 silly tarball no local data for is-weakref@https://registry.npmjs.org/is-weakref/-/is-weakref-1.1.1.tgz. Extracting by manifest.
1228 silly tarball no local data for is-weakmap@https://registry.npmjs.org/is-weakmap/-/is-weakmap-2.0.2.tgz. Extracting by manifest.
1229 silly tarball no local data for is-symbol@https://registry.npmjs.org/is-symbol/-/is-symbol-1.1.1.tgz. Extracting by manifest.
1230 silly tarball no local data for is-string@https://registry.npmjs.org/is-string/-/is-string-1.1.1.tgz. Extracting by manifest.
1231 silly tarball no local data for is-typed-array@https://registry.npmjs.org/is-typed-array/-/is-typed-array-1.1.15.tgz. Extracting by manifest.
1232 silly tarball no local data for is-shared-array-buffer@https://registry.npmjs.org/is-shared-array-buffer/-/is-shared-array-buffer-1.0.4.tgz. Extracting by manifest.
1233 silly tarball no local data for is-set@https://registry.npmjs.org/is-set/-/is-set-2.0.3.tgz. Extracting by manifest.
1234 silly tarball no local data for is-regex@https://registry.npmjs.org/is-regex/-/is-regex-1.2.1.tgz. Extracting by manifest.
1235 silly tarball no local data for is-plain-obj@https://registry.npmjs.org/is-plain-obj/-/is-plain-obj-2.1.0.tgz. Extracting by manifest.
1236 silly tarball no local data for is-number-object@https://registry.npmjs.org/is-number-object/-/is-number-object-1.1.1.tgz. Extracting by manifest.
1237 silly tarball no local data for is-negative-zero@https://registry.npmjs.org/is-negative-zero/-/is-negative-zero-2.0.3.tgz. Extracting by manifest.
1238 silly tarball no local data for is-map@https://registry.npmjs.org/is-map/-/is-map-2.0.3.tgz. Extracting by manifest.
1239 silly tarball no local data for is-number@https://registry.npmjs.org/is-number/-/is-number-7.0.0.tgz. Extracting by manifest.
1240 silly tarball no local data for is-generator-function@https://registry.npmjs.org/is-generator-function/-/is-generator-function-1.1.2.tgz. Extracting by manifest.
1241 silly tarball no local data for is-glob@https://registry.npmjs.org/is-glob/-/is-glob-4.0.3.tgz. Extracting by manifest.
1242 silly tarball no local data for is-extglob@https://registry.npmjs.org/is-extglob/-/is-extglob-2.1.1.tgz. Extracting by manifest.
1243 silly tarball no local data for is-fullwidth-code-point@https://registry.npmjs.org/is-fullwidth-code-point/-/is-fullwidth-code-point-3.0.0.tgz. Extracting by manifest.
1244 silly tarball no local data for is-docker@https://registry.npmjs.org/is-docker/-/is-docker-2.2.1.tgz. Extracting by manifest.
1245 silly tarball no local data for is-date-object@https://registry.npmjs.org/is-date-object/-/is-date-object-1.1.0.tgz. Extracting by manifest.
1246 silly tarball no local data for is-callable@https://registry.npmjs.org/is-callable/-/is-callable-1.2.7.tgz. Extracting by manifest.
1247 silly tarball no local data for is-core-module@https://registry.npmjs.org/is-core-module/-/is-core-module-2.16.2.tgz. Extracting by manifest.
1248 silly tarball no local data for is-data-view@https://registry.npmjs.org/is-data-view/-/is-data-view-1.0.2.tgz. Extracting by manifest.
1249 silly tarball no local data for is-boolean-object@https://registry.npmjs.org/is-boolean-object/-/is-boolean-object-1.2.2.tgz. Extracting by manifest.
1250 silly tarball no local data for is-bun-module@https://registry.npmjs.org/is-bun-module/-/is-bun-module-2.0.0.tgz. Extracting by manifest.
1251 silly tarball no local data for is-bigint@https://registry.npmjs.org/is-bigint/-/is-bigint-1.1.0.tgz. Extracting by manifest.
1252 silly tarball no local data for is-async-function@https://registry.npmjs.org/is-async-function/-/is-async-function-2.1.1.tgz. Extracting by manifest.
1253 silly tarball no local data for is-arrayish@https://registry.npmjs.org/is-arrayish/-/is-arrayish-0.3.4.tgz. Extracting by manifest.
1254 silly tarball no local data for invariant@https://registry.npmjs.org/invariant/-/invariant-2.2.4.tgz. Extracting by manifest.
1255 silly tarball no local data for is-finalizationregistry@https://registry.npmjs.org/is-finalizationregistry/-/is-finalizationregistry-1.1.1.tgz. Extracting by manifest.
1256 silly tarball no local data for internal-slot@https://registry.npmjs.org/internal-slot/-/internal-slot-1.1.0.tgz. Extracting by manifest.
1257 silly tarball no local data for is-array-buffer@https://registry.npmjs.org/is-array-buffer/-/is-array-buffer-3.0.5.tgz. Extracting by manifest.
1258 silly tarball no local data for inline-style-prefixer@https://registry.npmjs.org/inline-style-prefixer/-/inline-style-prefixer-7.0.1.tgz. Extracting by manifest.
1259 silly tarball no local data for ignore@https://registry.npmjs.org/ignore/-/ignore-5.3.2.tgz. Extracting by manifest.
1260 silly tarball no local data for json-buffer@https://registry.npmjs.org/json-buffer/-/json-buffer-3.0.1.tgz. Extracting by manifest.
1261 silly tarball no local data for inherits@https://registry.npmjs.org/inherits/-/inherits-2.0.4.tgz. Extracting by manifest.
1262 silly tarball no local data for import-fresh@https://registry.npmjs.org/import-fresh/-/import-fresh-3.3.1.tgz. Extracting by manifest.
1263 silly tarball no local data for hyphenate-style-name@https://registry.npmjs.org/hyphenate-style-name/-/hyphenate-style-name-1.1.0.tgz. Extracting by manifest.
1264 silly tarball no local data for http-cache-semantics@https://registry.npmjs.org/http-cache-semantics/-/http-cache-semantics-4.2.0.tgz. Extracting by manifest.
1265 silly tarball no local data for imurmurhash@https://registry.npmjs.org/imurmurhash/-/imurmurhash-0.1.4.tgz. Extracting by manifest.
1266 silly tarball no local data for https-proxy-agent@https://registry.npmjs.org/https-proxy-agent/-/https-proxy-agent-7.0.6.tgz. Extracting by manifest.
1267 silly tarball no local data for hosted-git-info@https://registry.npmjs.org/hosted-git-info/-/hosted-git-info-7.0.2.tgz. Extracting by manifest.
1268 silly tarball no local data for hoist-non-react-statics@https://registry.npmjs.org/hoist-non-react-statics/-/hoist-non-react-statics-3.3.2.tgz. Extracting by manifest.
1269 silly tarball no local data for hermes-parser@https://registry.npmjs.org/hermes-parser/-/hermes-parser-0.36.1.tgz. Extracting by manifest.
1270 silly tarball no local data for http-errors@https://registry.npmjs.org/http-errors/-/http-errors-2.0.1.tgz. Extracting by manifest.
1271 silly tarball no local data for hermes-estree@https://registry.npmjs.org/hermes-estree/-/hermes-estree-0.36.1.tgz. Extracting by manifest.
1272 silly tarball no local data for has-tostringtag@https://registry.npmjs.org/has-tostringtag/-/has-tostringtag-1.0.2.tgz. Extracting by manifest.
1273 silly tarball no local data for http2-wrapper@https://registry.npmjs.org/http2-wrapper/-/http2-wrapper-1.0.3.tgz. Extracting by manifest.
1274 silly tarball no local data for hermes-compiler@https://registry.npmjs.org/hermes-compiler/-/hermes-compiler-250829098.0.17.tgz. Extracting by manifest.
1275 silly tarball no local data for has-proto@https://registry.npmjs.org/has-proto/-/has-proto-1.2.0.tgz. Extracting by manifest.
1276 silly tarball no local data for has-property-descriptors@https://registry.npmjs.org/has-property-descriptors/-/has-property-descriptors-1.0.2.tgz. Extracting by manifest.
1277 silly tarball no local data for has-flag@https://registry.npmjs.org/has-flag/-/has-flag-4.0.0.tgz. Extracting by manifest.
1278 silly tarball no local data for has-symbols@https://registry.npmjs.org/has-symbols/-/has-symbols-1.1.0.tgz. Extracting by manifest.
1279 silly tarball no local data for graceful-fs@https://registry.npmjs.org/graceful-fs/-/graceful-fs-4.2.11.tgz. Extracting by manifest.
1280 silly tarball no local data for has-bigints@https://registry.npmjs.org/has-bigints/-/has-bigints-1.1.0.tgz. Extracting by manifest.
1281 silly tarball no local data for gopd@https://registry.npmjs.org/gopd/-/gopd-1.2.0.tgz. Extracting by manifest.
1282 silly tarball no local data for hasown@https://registry.npmjs.org/hasown/-/hasown-2.0.3.tgz. Extracting by manifest.
1283 silly tarball no local data for glob-parent@https://registry.npmjs.org/glob-parent/-/glob-parent-6.0.2.tgz. Extracting by manifest.
1284 silly tarball no local data for got@https://registry.npmjs.org/got/-/got-11.8.6.tgz. Extracting by manifest.
1285 silly tarball no local data for globals@https://registry.npmjs.org/globals/-/globals-14.0.0.tgz. Extracting by manifest.
1286 silly tarball no local data for glob@https://registry.npmjs.org/glob/-/glob-13.0.6.tgz. Extracting by manifest.
1287 silly tarball no local data for globalthis@https://registry.npmjs.org/globalthis/-/globalthis-1.0.4.tgz. Extracting by manifest.
1288 silly tarball no local data for get-symbol-description@https://registry.npmjs.org/get-symbol-description/-/get-symbol-description-1.1.0.tgz. Extracting by manifest.
1289 silly tarball no local data for getenv@https://registry.npmjs.org/getenv/-/getenv-2.0.0.tgz. Extracting by manifest.
1290 silly tarball no local data for get-tsconfig@https://registry.npmjs.org/get-tsconfig/-/get-tsconfig-4.14.0.tgz. Extracting by manifest.
1291 silly tarball no local data for get-nonce@https://registry.npmjs.org/get-nonce/-/get-nonce-1.0.1.tgz. Extracting by manifest.
1292 silly tarball no local data for get-stream@https://registry.npmjs.org/get-stream/-/get-stream-5.2.0.tgz. Extracting by manifest.
1293 silly tarball no local data for get-caller-file@https://registry.npmjs.org/get-caller-file/-/get-caller-file-2.0.5.tgz. Extracting by manifest.
1294 silly tarball no local data for get-intrinsic@https://registry.npmjs.org/get-intrinsic/-/get-intrinsic-1.3.0.tgz. Extracting by manifest.
1295 silly tarball no local data for get-proto@https://registry.npmjs.org/get-proto/-/get-proto-1.0.1.tgz. Extracting by manifest.
1296 silly tarball no local data for generator-function@https://registry.npmjs.org/generator-function/-/generator-function-2.0.1.tgz. Extracting by manifest.
1297 silly tarball no local data for gensync@https://registry.npmjs.org/gensync/-/gensync-1.0.0-beta.2.tgz. Extracting by manifest.
1298 silly tarball no local data for functions-have-names@https://registry.npmjs.org/functions-have-names/-/functions-have-names-1.2.3.tgz. Extracting by manifest.
1299 silly tarball no local data for for-each@https://registry.npmjs.org/for-each/-/for-each-0.3.5.tgz. Extracting by manifest.
1300 silly tarball no local data for function-bind@https://registry.npmjs.org/function-bind/-/function-bind-1.1.2.tgz. Extracting by manifest.
1301 silly tarball no local data for fontfaceobserver@https://registry.npmjs.org/fontfaceobserver/-/fontfaceobserver-2.3.0.tgz. Extracting by manifest.
1302 silly tarball no local data for fresh@https://registry.npmjs.org/fresh/-/fresh-0.5.2.tgz. Extracting by manifest.
1303 silly tarball no local data for flow-enums-runtime@https://registry.npmjs.org/flow-enums-runtime/-/flow-enums-runtime-0.0.6.tgz. Extracting by manifest.
1304 silly tarball no local data for function.prototype.name@https://registry.npmjs.org/function.prototype.name/-/function.prototype.name-1.1.8.tgz. Extracting by manifest.
1305 silly tarball no local data for find-up@https://registry.npmjs.org/find-up/-/find-up-5.0.0.tgz. Extracting by manifest.
1306 silly tarball no local data for flat-cache@https://registry.npmjs.org/flat-cache/-/flat-cache-4.0.1.tgz. Extracting by manifest.
1307 silly tarball no local data for filter-obj@https://registry.npmjs.org/filter-obj/-/filter-obj-1.1.0.tgz. Extracting by manifest.
1308 silly tarball no local data for fill-range@https://registry.npmjs.org/fill-range/-/fill-range-7.1.1.tgz. Extracting by manifest.
1309 silly tarball no local data for fetch-nodeshim@https://registry.npmjs.org/fetch-nodeshim/-/fetch-nodeshim-0.4.10.tgz. Extracting by manifest.
1310 silly tarball no local data for flatted@https://registry.npmjs.org/flatted/-/flatted-3.4.2.tgz. Extracting by manifest.
1311 silly tarball no local data for fdir@https://registry.npmjs.org/fdir/-/fdir-6.5.0.tgz. Extracting by manifest.
1312 silly tarball no local data for file-entry-cache@https://registry.npmjs.org/file-entry-cache/-/file-entry-cache-8.0.0.tgz. Extracting by manifest.
1313 silly tarball no local data for finalhandler@https://registry.npmjs.org/finalhandler/-/finalhandler-1.1.2.tgz. Extracting by manifest.
1314 silly tarball no local data for fbjs-css-vars@https://registry.npmjs.org/fbjs-css-vars/-/fbjs-css-vars-1.0.2.tgz. Extracting by manifest.
1315 silly tarball no local data for fbjs@https://registry.npmjs.org/fbjs/-/fbjs-3.0.5.tgz. Extracting by manifest.
1316 silly tarball no local data for fb-watchman@https://registry.npmjs.org/fb-watchman/-/fb-watchman-2.0.2.tgz. Extracting by manifest.
1317 silly tarball no local data for fast-deep-equal@https://registry.npmjs.org/fast-deep-equal/-/fast-deep-equal-3.1.3.tgz. Extracting by manifest.
1318 silly tarball no local data for exponential-backoff@https://registry.npmjs.org/exponential-backoff/-/exponential-backoff-3.1.3.tgz. Extracting by manifest.
1319 silly tarball no local data for fast-levenshtein@https://registry.npmjs.org/fast-levenshtein/-/fast-levenshtein-2.0.6.tgz. Extracting by manifest.
1320 silly tarball no local data for fb-dotslash@https://registry.npmjs.org/fb-dotslash/-/fb-dotslash-0.5.8.tgz. Extracting by manifest.
1321 silly tarball no local data for expo-web-browser@https://registry.npmjs.org/expo-web-browser/-/expo-web-browser-57.0.2.tgz. Extracting by manifest.
1322 silly tarball no local data for fast-json-stable-stringify@https://registry.npmjs.org/fast-json-stable-stringify/-/fast-json-stable-stringify-2.1.0.tgz. Extracting by manifest.
1323 silly tarball no local data for expo-status-bar@https://registry.npmjs.org/expo-status-bar/-/expo-status-bar-57.0.1.tgz. Extracting by manifest.
1324 silly tarball no local data for expo-system-ui@https://registry.npmjs.org/expo-system-ui/-/expo-system-ui-57.0.3.tgz. Extracting by manifest.
1325 silly tarball no local data for expo-server@https://registry.npmjs.org/expo-server/-/expo-server-57.0.3.tgz. Extracting by manifest.
1326 silly tarball no local data for expo-screen-capture@https://registry.npmjs.org/expo-screen-capture/-/expo-screen-capture-57.0.2.tgz. Extracting by manifest.
1327 silly tarball no local data for expo-router@https://registry.npmjs.org/expo-router/-/expo-router-57.0.20.tgz. Extracting by manifest.
1328 silly tarball no local data for expo-notifications@https://registry.npmjs.org/expo-notifications/-/expo-notifications-57.0.17.tgz. Extracting by manifest.
1329 silly tarball no local data for expo-splash-screen@https://registry.npmjs.org/expo-splash-screen/-/expo-splash-screen-57.0.8.tgz. Extracting by manifest.
1330 silly tarball no local data for expo-symbols@https://registry.npmjs.org/expo-symbols/-/expo-symbols-57.0.2.tgz. Extracting by manifest.
1331 silly tarball no local data for expo-modules-autolinking@https://registry.npmjs.org/expo-modules-autolinking/-/expo-modules-autolinking-57.0.12.tgz. Extracting by manifest.
1332 silly tarball no local data for expo-linking@https://registry.npmjs.org/expo-linking/-/expo-linking-57.0.9.tgz. Extracting by manifest.
1333 silly tarball no local data for expo-linear-gradient@https://registry.npmjs.org/expo-linear-gradient/-/expo-linear-gradient-57.0.1.tgz. Extracting by manifest.
1334 silly tarball no local data for expo-image-picker@https://registry.npmjs.org/expo-image-picker/-/expo-image-picker-57.0.16.tgz. Extracting by manifest.
1335 silly tarball no local data for expo-location@https://registry.npmjs.org/expo-location/-/expo-location-57.0.16.tgz. Extracting by manifest.
1336 silly tarball no local data for expo-modules-jsi@https://registry.npmjs.org/expo-modules-jsi/-/expo-modules-jsi-57.1.0.tgz. Extracting by manifest.
1337 silly tarball no local data for expo-keep-awake@https://registry.npmjs.org/expo-keep-awake/-/expo-keep-awake-57.0.1.tgz. Extracting by manifest.
1338 silly tarball no local data for expo-image-manipulator@https://registry.npmjs.org/expo-image-manipulator/-/expo-image-manipulator-57.0.16.tgz. Extracting by manifest.
1339 silly tarball no local data for expo-haptics@https://registry.npmjs.org/expo-haptics/-/expo-haptics-57.0.2.tgz. Extracting by manifest.
1340 silly tarball no local data for expo-glass-effect@https://registry.npmjs.org/expo-glass-effect/-/expo-glass-effect-57.0.2.tgz. Extracting by manifest.
1341 silly tarball no local data for expo-file-system@https://registry.npmjs.org/expo-file-system/-/expo-file-system-57.0.6.tgz. Extracting by manifest.
1342 silly tarball no local data for expo-crypto@https://registry.npmjs.org/expo-crypto/-/expo-crypto-57.0.2.tgz. Extracting by manifest.
1343 silly tarball no local data for expo-image-loader@https://registry.npmjs.org/expo-image-loader/-/expo-image-loader-57.0.1.tgz. Extracting by manifest.
1344 silly tarball no local data for expo-font@https://registry.npmjs.org/expo-font/-/expo-font-57.0.3.tgz. Extracting by manifest.
1345 silly tarball no local data for expo-device@https://registry.npmjs.org/expo-device/-/expo-device-57.0.1.tgz. Extracting by manifest.
1346 silly tarball no local data for expo-camera@https://registry.npmjs.org/expo-camera/-/expo-camera-57.0.5.tgz. Extracting by manifest.
1347 silly tarball no local data for expo-image@https://registry.npmjs.org/expo-image/-/expo-image-57.0.4.tgz. Extracting by manifest.
1348 silly tarball no local data for expo-clipboard@https://registry.npmjs.org/expo-clipboard/-/expo-clipboard-57.0.1.tgz. Extracting by manifest.
1349 silly tarball no local data for expo-build-properties@https://registry.npmjs.org/expo-build-properties/-/expo-build-properties-57.0.17.tgz. Extracting by manifest.
1350 silly tarball no local data for expo-constants@https://registry.npmjs.org/expo-constants/-/expo-constants-57.0.17.tgz. Extracting by manifest.
1351 silly tarball no local data for expo-blur@https://registry.npmjs.org/expo-blur/-/expo-blur-57.0.2.tgz. Extracting by manifest.
1352 silly tarball no local data for expo-audio@https://registry.npmjs.org/expo-audio/-/expo-audio-57.0.4.tgz. Extracting by manifest.
1353 silly tarball no local data for expo-asset@https://registry.npmjs.org/expo-asset/-/expo-asset-57.0.16.tgz. Extracting by manifest.
1354 silly tarball no local data for expo-application@https://registry.npmjs.org/expo-application/-/expo-application-57.0.2.tgz. Extracting by manifest.
1355 silly tarball no local data for expo-auth-session@https://registry.npmjs.org/expo-auth-session/-/expo-auth-session-57.0.11.tgz. Extracting by manifest.
1356 silly tarball no local data for event-target-shim@https://registry.npmjs.org/event-target-shim/-/event-target-shim-5.0.1.tgz. Extracting by manifest.
1357 silly tarball no local data for esutils@https://registry.npmjs.org/esutils/-/esutils-2.0.3.tgz. Extracting by manifest.
1358 silly tarball no local data for esrecurse@https://registry.npmjs.org/esrecurse/-/esrecurse-4.3.0.tgz. Extracting by manifest.
1359 silly tarball no local data for esquery@https://registry.npmjs.org/esquery/-/esquery-1.7.0.tgz. Extracting by manifest.
1360 silly tarball no local data for expo@https://registry.npmjs.org/expo/-/expo-57.0.21.tgz. Extracting by manifest.
1361 silly tarball no local data for estraverse@https://registry.npmjs.org/estraverse/-/estraverse-5.3.0.tgz. Extracting by manifest.
1362 silly tarball no local data for espree@https://registry.npmjs.org/espree/-/espree-10.4.0.tgz. Extracting by manifest.
1363 silly tarball no local data for etag@https://registry.npmjs.org/etag/-/etag-1.8.1.tgz. Extracting by manifest.
1364 silly tarball no local data for eslint-plugin-react-hooks@https://registry.npmjs.org/eslint-plugin-react-hooks/-/eslint-plugin-react-hooks-7.1.1.tgz. Extracting by manifest.
1365 silly tarball no local data for eslint-plugin-import@https://registry.npmjs.org/eslint-plugin-import/-/eslint-plugin-import-2.32.0.tgz. Extracting by manifest.
1366 silly tarball no local data for eslint-visitor-keys@https://registry.npmjs.org/eslint-visitor-keys/-/eslint-visitor-keys-4.2.1.tgz. Extracting by manifest.
1367 silly tarball no local data for eslint-plugin-react@https://registry.npmjs.org/eslint-plugin-react/-/eslint-plugin-react-7.37.5.tgz. Extracting by manifest.
1368 silly tarball no local data for eslint-module-utils@https://registry.npmjs.org/eslint-module-utils/-/eslint-module-utils-2.12.1.tgz. Extracting by manifest.
1369 silly tarball no local data for eslint-scope@https://registry.npmjs.org/eslint-scope/-/eslint-scope-8.4.0.tgz. Extracting by manifest.
1370 silly tarball no local data for eslint-import-resolver-node@https://registry.npmjs.org/eslint-import-resolver-node/-/eslint-import-resolver-node-0.3.10.tgz. Extracting by manifest.
1371 silly tarball no local data for eslint-plugin-expo@https://registry.npmjs.org/eslint-plugin-expo/-/eslint-plugin-expo-1.1.0.tgz. Extracting by manifest.
1372 silly tarball no local data for escape-string-regexp@https://registry.npmjs.org/escape-string-regexp/-/escape-string-regexp-4.0.0.tgz. Extracting by manifest.
1373 silly tarball no local data for eslint@https://registry.npmjs.org/eslint/-/eslint-9.39.4.tgz. Extracting by manifest.
1374 silly tarball no local data for escalade@https://registry.npmjs.org/escalade/-/escalade-3.2.0.tgz. Extracting by manifest.
1375 silly tarball no local data for escape-html@https://registry.npmjs.org/escape-html/-/escape-html-1.0.3.tgz. Extracting by manifest.
1376 silly tarball no local data for eslint-import-resolver-typescript@https://registry.npmjs.org/eslint-import-resolver-typescript/-/eslint-import-resolver-typescript-3.10.1.tgz. Extracting by manifest.
1377 silly tarball no local data for es-shim-unscopables@https://registry.npmjs.org/es-shim-unscopables/-/es-shim-unscopables-1.1.0.tgz. Extracting by manifest.
1378 silly tarball no local data for eslint-config-expo@https://registry.npmjs.org/eslint-config-expo/-/eslint-config-expo-57.0.2.tgz. Extracting by manifest.
1379 silly tarball no local data for es-to-primitive@https://registry.npmjs.org/es-to-primitive/-/es-to-primitive-1.3.0.tgz. Extracting by manifest.
1380 silly tarball no local data for es-errors@https://registry.npmjs.org/es-errors/-/es-errors-1.3.0.tgz. Extracting by manifest.
1381 silly tarball no local data for es-object-atoms@https://registry.npmjs.org/es-object-atoms/-/es-object-atoms-1.1.1.tgz. Extracting by manifest.
1382 silly tarball no local data for es-iterator-helpers@https://registry.npmjs.org/es-iterator-helpers/-/es-iterator-helpers-1.3.2.tgz. Extracting by manifest.
1383 silly tarball no local data for error-stack-parser@https://registry.npmjs.org/error-stack-parser/-/error-stack-parser-2.1.4.tgz. Extracting by manifest.
1384 silly tarball no local data for es-define-property@https://registry.npmjs.org/es-define-property/-/es-define-property-1.0.1.tgz. Extracting by manifest.
1385 silly tarball no local data for engine.io-client@https://registry.npmjs.org/engine.io-client/-/engine.io-client-6.6.6.tgz. Extracting by manifest.
1386 silly tarball no local data for end-of-stream@https://registry.npmjs.org/end-of-stream/-/end-of-stream-1.4.5.tgz. Extracting by manifest.
1387 silly tarball no local data for es-set-tostringtag@https://registry.npmjs.org/es-set-tostringtag/-/es-set-tostringtag-2.1.0.tgz. Extracting by manifest.
1388 silly tarball no local data for engine.io-parser@https://registry.npmjs.org/engine.io-parser/-/engine.io-parser-5.2.3.tgz. Extracting by manifest.
1389 silly tarball no local data for entities@https://registry.npmjs.org/entities/-/entities-4.5.0.tgz. Extracting by manifest.
1390 silly tarball no local data for emoji-regex@https://registry.npmjs.org/emoji-regex/-/emoji-regex-8.0.0.tgz. Extracting by manifest.
1391 silly tarball no local data for encodeurl@https://registry.npmjs.org/encodeurl/-/encodeurl-1.0.2.tgz. Extracting by manifest.
1392 silly tarball no local data for es-abstract@https://registry.npmjs.org/es-abstract/-/es-abstract-1.24.2.tgz. Extracting by manifest.
1393 silly tarball no local data for domutils@https://registry.npmjs.org/domutils/-/domutils-3.2.2.tgz. Extracting by manifest.
1394 silly tarball no local data for ee-first@https://registry.npmjs.org/ee-first/-/ee-first-1.1.1.tgz. Extracting by manifest.
1395 silly tarball no local data for domelementtype@https://registry.npmjs.org/domelementtype/-/domelementtype-2.3.0.tgz. Extracting by manifest.
1396 silly tarball no local data for domhandler@https://registry.npmjs.org/domhandler/-/domhandler-5.0.3.tgz. Extracting by manifest.
1397 silly tarball no local data for dunder-proto@https://registry.npmjs.org/dunder-proto/-/dunder-proto-1.0.1.tgz. Extracting by manifest.
1398 silly tarball no local data for electron-to-chromium@https://registry.npmjs.org/electron-to-chromium/-/electron-to-chromium-1.5.427.tgz. Extracting by manifest.
1399 silly tarball no local data for doctrine@https://registry.npmjs.org/doctrine/-/doctrine-2.1.0.tgz. Extracting by manifest.
1400 silly tarball no local data for detect-node-es@https://registry.npmjs.org/detect-node-es/-/detect-node-es-1.1.0.tgz. Extracting by manifest.
1401 silly tarball no local data for depd@https://registry.npmjs.org/depd/-/depd-2.0.0.tgz. Extracting by manifest.
1402 silly tarball no local data for dom-serializer@https://registry.npmjs.org/dom-serializer/-/dom-serializer-2.0.0.tgz. Extracting by manifest.
1403 silly tarball no local data for dnssd-advertise@https://registry.npmjs.org/dnssd-advertise/-/dnssd-advertise-1.1.6.tgz. Extracting by manifest.
1404 silly tarball no local data for destroy@https://registry.npmjs.org/destroy/-/destroy-1.2.0.tgz. Extracting by manifest.
1405 silly tarball no local data for detect-libc@https://registry.npmjs.org/detect-libc/-/detect-libc-2.1.2.tgz. Extracting by manifest.
1406 silly tarball no local data for defer-to-connect@https://registry.npmjs.org/defer-to-connect/-/defer-to-connect-2.0.1.tgz. Extracting by manifest.
1407 silly tarball no local data for define-properties@https://registry.npmjs.org/define-properties/-/define-properties-1.2.1.tgz. Extracting by manifest.
1408 silly tarball no local data for defaults@https://registry.npmjs.org/defaults/-/defaults-1.0.4.tgz. Extracting by manifest.
1409 silly tarball no local data for define-data-property@https://registry.npmjs.org/define-data-property/-/define-data-property-1.1.4.tgz. Extracting by manifest.
1410 silly tarball no local data for decode-uri-component@https://registry.npmjs.org/decode-uri-component/-/decode-uri-component-0.2.2.tgz. Extracting by manifest.
1411 silly tarball no local data for decompress-response@https://registry.npmjs.org/decompress-response/-/decompress-response-6.0.0.tgz. Extracting by manifest.
1412 silly tarball no local data for data-view-byte-offset@https://registry.npmjs.org/data-view-byte-offset/-/data-view-byte-offset-1.0.1.tgz. Extracting by manifest.
1413 silly tarball no local data for deepmerge@https://registry.npmjs.org/deepmerge/-/deepmerge-4.3.1.tgz. Extracting by manifest.
1414 silly tarball no local data for data-view-byte-length@https://registry.npmjs.org/data-view-byte-length/-/data-view-byte-length-1.0.2.tgz. Extracting by manifest.
1415 silly tarball no local data for data-view-buffer@https://registry.npmjs.org/data-view-buffer/-/data-view-buffer-1.0.2.tgz. Extracting by manifest.
1416 silly tarball no local data for css-what@https://registry.npmjs.org/css-what/-/css-what-6.2.2.tgz. Extracting by manifest.
1417 silly tarball no local data for debug@https://registry.npmjs.org/debug/-/debug-4.4.3.tgz. Extracting by manifest.
1418 silly tarball no local data for css-tree@https://registry.npmjs.org/css-tree/-/css-tree-1.1.3.tgz. Extracting by manifest.
1419 silly tarball no local data for css-select@https://registry.npmjs.org/css-select/-/css-select-5.2.2.tgz. Extracting by manifest.
1420 silly tarball no local data for csstype@https://registry.npmjs.org/csstype/-/csstype-3.2.3.tgz. Extracting by manifest.
1421 silly tarball no local data for cross-spawn@https://registry.npmjs.org/cross-spawn/-/cross-spawn-7.0.6.tgz. Extracting by manifest.
1422 silly tarball no local data for cross-fetch@https://registry.npmjs.org/cross-fetch/-/cross-fetch-3.2.0.tgz. Extracting by manifest.
1423 silly tarball no local data for css-in-js-utils@https://registry.npmjs.org/css-in-js-utils/-/css-in-js-utils-3.1.0.tgz. Extracting by manifest.
1424 silly tarball no local data for core-js-compat@https://registry.npmjs.org/core-js-compat/-/core-js-compat-3.50.0.tgz. Extracting by manifest.
1425 silly tarball no local data for content-type@https://registry.npmjs.org/content-type/-/content-type-2.1.0.tgz. Extracting by manifest.
1426 silly tarball no local data for convert-source-map@https://registry.npmjs.org/convert-source-map/-/convert-source-map-2.0.0.tgz. Extracting by manifest.
1427 silly tarball no local data for compression@https://registry.npmjs.org/compression/-/compression-1.8.1.tgz. Extracting by manifest.
1428 silly tarball no local data for commander@https://registry.npmjs.org/commander/-/commander-7.2.0.tgz. Extracting by manifest.
1429 silly tarball no local data for compressible@https://registry.npmjs.org/compressible/-/compressible-2.0.18.tgz. Extracting by manifest.
1430 silly tarball no local data for concat-map@https://registry.npmjs.org/concat-map/-/concat-map-0.0.1.tgz. Extracting by manifest.
1431 silly tarball no local data for color-string@https://registry.npmjs.org/color-string/-/color-string-1.9.1.tgz. Extracting by manifest.
1432 silly tarball no local data for color-convert@https://registry.npmjs.org/color-convert/-/color-convert-2.0.1.tgz. Extracting by manifest.
1433 silly tarball no local data for color-name@https://registry.npmjs.org/color-name/-/color-name-1.1.4.tgz. Extracting by manifest.
1434 silly tarball no local data for connect@https://registry.npmjs.org/connect/-/connect-3.7.0.tgz. Extracting by manifest.
1435 silly tarball no local data for cliui@https://registry.npmjs.org/cliui/-/cliui-8.0.1.tgz. Extracting by manifest.
1436 silly tarball no local data for clone-response@https://registry.npmjs.org/clone-response/-/clone-response-1.0.3.tgz. Extracting by manifest.
1437 silly tarball no local data for client-only@https://registry.npmjs.org/client-only/-/client-only-0.0.1.tgz. Extracting by manifest.
1438 silly tarball no local data for clone@https://registry.npmjs.org/clone/-/clone-1.0.4.tgz. Extracting by manifest.
1439 silly tarball no local data for color@https://registry.npmjs.org/color/-/color-4.2.3.tgz. Extracting by manifest.
1440 silly tarball no local data for cli-spinners@https://registry.npmjs.org/cli-spinners/-/cli-spinners-2.9.2.tgz. Extracting by manifest.
1441 silly tarball no local data for chrome-launcher@https://registry.npmjs.org/chrome-launcher/-/chrome-launcher-0.15.2.tgz. Extracting by manifest.
1442 silly tarball no local data for chromium-edge-launcher@https://registry.npmjs.org/chromium-edge-launcher/-/chromium-edge-launcher-0.3.0.tgz. Extracting by manifest.
1443 silly tarball no local data for cli-cursor@https://registry.npmjs.org/cli-cursor/-/cli-cursor-2.1.0.tgz. Extracting by manifest.
1444 silly tarball no local data for deep-is@https://registry.npmjs.org/deep-is/-/deep-is-0.1.4.tgz. Extracting by manifest.
1445 silly tarball no local data for chalk@https://registry.npmjs.org/chalk/-/chalk-4.1.2.tgz. Extracting by manifest.
1446 silly tarball no local data for ci-info@https://registry.npmjs.org/ci-info/-/ci-info-2.0.0.tgz. Extracting by manifest.
1447 silly tarball no local data for call-bound@https://registry.npmjs.org/call-bound/-/call-bound-1.0.4.tgz. Extracting by manifest.
1448 silly tarball no local data for callsites@https://registry.npmjs.org/callsites/-/callsites-3.1.0.tgz. Extracting by manifest.
1449 silly tarball no local data for caniuse-lite@https://registry.npmjs.org/caniuse-lite/-/caniuse-lite-1.0.30001810.tgz. Extracting by manifest.
1450 silly tarball no local data for call-bind@https://registry.npmjs.org/call-bind/-/call-bind-1.0.9.tgz. Extracting by manifest.
1451 silly tarball no local data for camelcase@https://registry.npmjs.org/camelcase/-/camelcase-6.3.0.tgz. Extracting by manifest.
1452 silly tarball no local data for cacheable-request@https://registry.npmjs.org/cacheable-request/-/cacheable-request-7.0.4.tgz. Extracting by manifest.
1453 silly tarball no local data for cacheable-lookup@https://registry.npmjs.org/cacheable-lookup/-/cacheable-lookup-5.0.4.tgz. Extracting by manifest.
1454 silly tarball no local data for browserslist@https://registry.npmjs.org/browserslist/-/browserslist-4.28.9.tgz. Extracting by manifest.
1455 silly tarball no local data for call-bind-apply-helpers@https://registry.npmjs.org/call-bind-apply-helpers/-/call-bind-apply-helpers-1.0.2.tgz. Extracting by manifest.
1456 silly tarball no local data for bytes@https://registry.npmjs.org/bytes/-/bytes-3.1.2.tgz. Extracting by manifest.
1457 silly tarball no local data for braces@https://registry.npmjs.org/braces/-/braces-3.0.3.tgz. Extracting by manifest.
1458 silly tarball no local data for bplist-creator@https://registry.npmjs.org/bplist-creator/-/bplist-creator-0.1.0.tgz. Extracting by manifest.
1459 silly tarball no local data for buffer-from@https://registry.npmjs.org/buffer-from/-/buffer-from-1.1.2.tgz. Extracting by manifest.
1460 silly tarball no local data for bser@https://registry.npmjs.org/bser/-/bser-2.1.1.tgz. Extracting by manifest.
1461 silly tarball no local data for brace-expansion@https://registry.npmjs.org/brace-expansion/-/brace-expansion-1.1.14.tgz. Extracting by manifest.
1462 silly tarball no local data for big-integer@https://registry.npmjs.org/big-integer/-/big-integer-1.6.52.tgz. Extracting by manifest.
1463 silly tarball no local data for base64-js@https://registry.npmjs.org/base64-js/-/base64-js-1.5.1.tgz. Extracting by manifest.
1464 silly tarball no local data for bplist-parser@https://registry.npmjs.org/bplist-parser/-/bplist-parser-0.3.1.tgz. Extracting by manifest.
1465 silly tarball no local data for baseline-browser-mapping@https://registry.npmjs.org/baseline-browser-mapping/-/baseline-browser-mapping-2.11.22.tgz. Extracting by manifest.
1466 silly tarball no local data for barcode-detector@https://registry.npmjs.org/barcode-detector/-/barcode-detector-3.2.2.tgz. Extracting by manifest.
1467 silly tarball no local data for badgin@https://registry.npmjs.org/badgin/-/badgin-1.2.3.tgz. Extracting by manifest.
1468 silly tarball no local data for boolbase@https://registry.npmjs.org/boolbase/-/boolbase-1.0.0.tgz. Extracting by manifest.
1469 silly tarball no local data for balanced-match@https://registry.npmjs.org/balanced-match/-/balanced-match-1.0.2.tgz. Extracting by manifest.
1470 silly tarball no local data for babel-preset-expo@https://registry.npmjs.org/babel-preset-expo/-/babel-preset-expo-57.0.11.tgz. Extracting by manifest.
1471 silly tarball no local data for babel-plugin-transform-flow-enums@https://registry.npmjs.org/babel-plugin-transform-flow-enums/-/babel-plugin-transform-flow-enums-0.0.2.tgz. Extracting by manifest.
1472 silly tarball no local data for babel-plugin-syntax-hermes-parser@https://registry.npmjs.org/babel-plugin-syntax-hermes-parser/-/babel-plugin-syntax-hermes-parser-0.36.1.tgz. Extracting by manifest.
1473 silly tarball no local data for babel-plugin-polyfill-corejs3@https://registry.npmjs.org/babel-plugin-polyfill-corejs3/-/babel-plugin-polyfill-corejs3-0.13.0.tgz. Extracting by manifest.
1474 silly tarball no local data for babel-plugin-polyfill-corejs2@https://registry.npmjs.org/babel-plugin-polyfill-corejs2/-/babel-plugin-polyfill-corejs2-0.4.17.tgz. Extracting by manifest.
1475 silly tarball no local data for babel-plugin-react-compiler@https://registry.npmjs.org/babel-plugin-react-compiler/-/babel-plugin-react-compiler-1.0.0.tgz. Extracting by manifest.
1476 silly tarball no local data for asap@https://registry.npmjs.org/asap/-/asap-2.0.6.tgz. Extracting by manifest.
1477 silly tarball no local data for arraybuffer.prototype.slice@https://registry.npmjs.org/arraybuffer.prototype.slice/-/arraybuffer.prototype.slice-1.0.4.tgz. Extracting by manifest.
1478 silly tarball no local data for async-function@https://registry.npmjs.org/async-function/-/async-function-1.0.0.tgz. Extracting by manifest.
1479 silly tarball no local data for available-typed-arrays@https://registry.npmjs.org/available-typed-arrays/-/available-typed-arrays-1.0.7.tgz. Extracting by manifest.
1480 silly tarball no local data for array.prototype.flatmap@https://registry.npmjs.org/array.prototype.flatmap/-/array.prototype.flatmap-1.3.3.tgz. Extracting by manifest.
1481 silly tarball no local data for babel-plugin-polyfill-regenerator@https://registry.npmjs.org/babel-plugin-polyfill-regenerator/-/babel-plugin-polyfill-regenerator-0.6.8.tgz. Extracting by manifest.
1482 silly tarball no local data for array.prototype.flat@https://registry.npmjs.org/array.prototype.flat/-/array.prototype.flat-1.3.3.tgz. Extracting by manifest.
1483 silly tarball no local data for array.prototype.findlast@https://registry.npmjs.org/array.prototype.findlast/-/array.prototype.findlast-1.2.5.tgz. Extracting by manifest.
1484 silly tarball no local data for aria-hidden@https://registry.npmjs.org/aria-hidden/-/aria-hidden-1.2.6.tgz. Extracting by manifest.
1485 silly tarball no local data for array.prototype.findlastindex@https://registry.npmjs.org/array.prototype.findlastindex/-/array.prototype.findlastindex-1.2.6.tgz. Extracting by manifest.
1486 silly tarball no local data for array-includes@https://registry.npmjs.org/array-includes/-/array-includes-3.1.9.tgz. Extracting by manifest.
1487 silly tarball no local data for babel-plugin-react-native-web@https://registry.npmjs.org/babel-plugin-react-native-web/-/babel-plugin-react-native-web-0.21.2.tgz. Extracting by manifest.
1488 silly tarball no local data for argparse@https://registry.npmjs.org/argparse/-/argparse-2.0.1.tgz. Extracting by manifest.
1489 silly tarball no local data for array.prototype.tosorted@https://registry.npmjs.org/array.prototype.tosorted/-/array.prototype.tosorted-1.1.4.tgz. Extracting by manifest.
1490 silly tarball no local data for array-buffer-byte-length@https://registry.npmjs.org/array-buffer-byte-length/-/array-buffer-byte-length-1.0.2.tgz. Extracting by manifest.
1491 silly tarball no local data for ansi-regex@https://registry.npmjs.org/ansi-regex/-/ansi-regex-5.0.1.tgz. Extracting by manifest.
1492 silly tarball no local data for arg@https://registry.npmjs.org/arg/-/arg-5.0.2.tgz. Extracting by manifest.
1493 silly tarball no local data for ansi-escapes@https://registry.npmjs.org/ansi-escapes/-/ansi-escapes-4.3.2.tgz. Extracting by manifest.
1494 silly tarball no local data for anser@https://registry.npmjs.org/anser/-/anser-1.4.10.tgz. Extracting by manifest.
1495 silly tarball no local data for ansi-styles@https://registry.npmjs.org/ansi-styles/-/ansi-styles-4.3.0.tgz. Extracting by manifest.
1496 silly tarball no local data for ajv@https://registry.npmjs.org/ajv/-/ajv-6.15.0.tgz. Extracting by manifest.
1497 silly tarball no local data for acorn-jsx@https://registry.npmjs.org/acorn-jsx/-/acorn-jsx-5.3.2.tgz. Extracting by manifest.
1498 silly tarball no local data for agent-base@https://registry.npmjs.org/agent-base/-/agent-base-7.1.4.tgz. Extracting by manifest.
1499 silly tarball no local data for agent-cli-detector@https://registry.npmjs.org/agent-cli-detector/-/agent-cli-detector-0.1.7.tgz. Extracting by manifest.
1500 silly tarball no local data for accepts@https://registry.npmjs.org/accepts/-/accepts-2.0.0.tgz. Extracting by manifest.
1501 silly tarball no local data for abort-controller@https://registry.npmjs.org/abort-controller/-/abort-controller-3.0.0.tgz. Extracting by manifest.
1502 silly tarball no local data for @ungap/structured-clone@https://registry.npmjs.org/@ungap/structured-clone/-/structured-clone-1.3.1.tgz. Extracting by manifest.
1503 silly tarball no local data for @typescript-eslint/utils@https://registry.npmjs.org/@typescript-eslint/utils/-/utils-8.59.3.tgz. Extracting by manifest.
1504 silly tarball no local data for @xmldom/xmldom@https://registry.npmjs.org/@xmldom/xmldom/-/xmldom-0.8.13.tgz. Extracting by manifest.
1505 silly tarball no local data for @typescript-eslint/visitor-keys@https://registry.npmjs.org/@typescript-eslint/visitor-keys/-/visitor-keys-8.59.3.tgz. Extracting by manifest.
1506 silly tarball no local data for @typescript-eslint/types@https://registry.npmjs.org/@typescript-eslint/types/-/types-8.59.3.tgz. Extracting by manifest.
1507 silly tarball no local data for @typescript-eslint/typescript-estree@https://registry.npmjs.org/@typescript-eslint/typescript-estree/-/typescript-estree-8.59.3.tgz. Extracting by manifest.
1508 silly tarball no local data for @unrs/resolver-binding-darwin-arm64@https://registry.npmjs.org/@unrs/resolver-binding-darwin-arm64/-/resolver-binding-darwin-arm64-1.11.1.tgz. Extracting by manifest.
1509 silly tarball no local data for acorn@https://registry.npmjs.org/acorn/-/acorn-8.16.0.tgz. Extracting by manifest.
1510 silly tarball no local data for @typescript-eslint/tsconfig-utils@https://registry.npmjs.org/@typescript-eslint/tsconfig-utils/-/tsconfig-utils-8.59.3.tgz. Extracting by manifest.
1511 silly tarball no local data for @typescript-eslint/type-utils@https://registry.npmjs.org/@typescript-eslint/type-utils/-/type-utils-8.59.3.tgz. Extracting by manifest.
1512 silly tarball no local data for @typescript-eslint/project-service@https://registry.npmjs.org/@typescript-eslint/project-service/-/project-service-8.59.3.tgz. Extracting by manifest.
1513 silly tarball no local data for @typescript-eslint/eslint-plugin@https://registry.npmjs.org/@typescript-eslint/eslint-plugin/-/eslint-plugin-8.59.3.tgz. Extracting by manifest.
1514 silly tarball no local data for @typescript-eslint/scope-manager@https://registry.npmjs.org/@typescript-eslint/scope-manager/-/scope-manager-8.59.3.tgz. Extracting by manifest.
1515 silly tarball no local data for @types/react-test-renderer@https://registry.npmjs.org/@types/react-test-renderer/-/react-test-renderer-19.3.0.tgz. Extracting by manifest.
1516 silly tarball no local data for @types/react@https://registry.npmjs.org/@types/react/-/react-19.2.18.tgz. Extracting by manifest.
1517 silly tarball no local data for @typescript-eslint/parser@https://registry.npmjs.org/@typescript-eslint/parser/-/parser-8.59.3.tgz. Extracting by manifest.
1518 silly tarball no local data for @types/yargs@https://registry.npmjs.org/@types/yargs/-/yargs-17.0.35.tgz. Extracting by manifest.
1519 silly tarball no local data for @types/node@https://registry.npmjs.org/@types/node/-/node-25.6.2.tgz. Extracting by manifest.
1520 silly tarball no local data for @types/responselike@https://registry.npmjs.org/@types/responselike/-/responselike-1.0.3.tgz. Extracting by manifest.
1521 silly tarball no local data for @types/keyv@https://registry.npmjs.org/@types/keyv/-/keyv-3.1.4.tgz. Extracting by manifest.
1522 silly tarball no local data for @types/yargs-parser@https://registry.npmjs.org/@types/yargs-parser/-/yargs-parser-21.0.3.tgz. Extracting by manifest.
1523 silly tarball no local data for @types/istanbul-reports@https://registry.npmjs.org/@types/istanbul-reports/-/istanbul-reports-3.0.4.tgz. Extracting by manifest.
1524 silly tarball no local data for @types/json5@https://registry.npmjs.org/@types/json5/-/json5-0.0.29.tgz. Extracting by manifest.
1525 silly tarball no local data for @types/json-schema@https://registry.npmjs.org/@types/json-schema/-/json-schema-7.0.15.tgz. Extracting by manifest.
1526 silly tarball no local data for @types/http-cache-semantics@https://registry.npmjs.org/@types/http-cache-semantics/-/http-cache-semantics-4.2.0.tgz. Extracting by manifest.
1527 silly tarball no local data for @types/istanbul-lib-report@https://registry.npmjs.org/@types/istanbul-lib-report/-/istanbul-lib-report-3.0.3.tgz. Extracting by manifest.
1528 silly tarball no local data for @types/istanbul-lib-coverage@https://registry.npmjs.org/@types/istanbul-lib-coverage/-/istanbul-lib-coverage-2.0.6.tgz. Extracting by manifest.
1529 silly tarball no local data for @types/estree@https://registry.npmjs.org/@types/estree/-/estree-1.0.9.tgz. Extracting by manifest.
1530 silly tarball no local data for @types/emscripten@https://registry.npmjs.org/@types/emscripten/-/emscripten-1.41.6.tgz. Extracting by manifest.
1531 silly tarball no local data for @socket.io/component-emitter@https://registry.npmjs.org/@socket.io/component-emitter/-/component-emitter-3.1.2.tgz. Extracting by manifest.
1532 silly tarball no local data for @types/cacheable-request@https://registry.npmjs.org/@types/cacheable-request/-/cacheable-request-6.0.3.tgz. Extracting by manifest.
1533 silly tarball no local data for @types/hammerjs@https://registry.npmjs.org/@types/hammerjs/-/hammerjs-2.0.46.tgz. Extracting by manifest.
1534 silly tarball no local data for @szmarczak/http-timer@https://registry.npmjs.org/@szmarczak/http-timer/-/http-timer-4.0.6.tgz. Extracting by manifest.
1535 silly tarball no local data for @sinclair/typebox@https://registry.npmjs.org/@sinclair/typebox/-/typebox-0.27.10.tgz. Extracting by manifest.
1536 silly tarball no local data for @sindresorhus/is@https://registry.npmjs.org/@sindresorhus/is/-/is-4.6.0.tgz. Extracting by manifest.
1537 silly tarball no local data for @react-native/metro-config@https://registry.npmjs.org/@react-native/metro-config/-/metro-config-0.86.3.tgz. Extracting by manifest.
1538 silly tarball no local data for @rtsao/scc@https://registry.npmjs.org/@rtsao/scc/-/scc-1.1.0.tgz. Extracting by manifest.
1539 silly tarball no local data for @react-native/normalize-colors@https://registry.npmjs.org/@react-native/normalize-colors/-/normalize-colors-0.86.3.tgz. Extracting by manifest.
1540 silly tarball no local data for @react-native/js-polyfills@https://registry.npmjs.org/@react-native/js-polyfills/-/js-polyfills-0.86.3.tgz. Extracting by manifest.
1541 silly tarball no local data for @react-native/gradle-plugin@https://registry.npmjs.org/@react-native/gradle-plugin/-/gradle-plugin-0.86.3.tgz. Extracting by manifest.
1542 silly tarball no local data for @react-native/metro-babel-transformer@https://registry.npmjs.org/@react-native/metro-babel-transformer/-/metro-babel-transformer-0.86.3.tgz. Extracting by manifest.
1543 silly tarball no local data for @react-native/debugger-shell@https://registry.npmjs.org/@react-native/debugger-shell/-/debugger-shell-0.86.3.tgz. Extracting by manifest.
1544 silly tarball no local data for @react-native/community-cli-plugin@https://registry.npmjs.org/@react-native/community-cli-plugin/-/community-cli-plugin-0.86.3.tgz. Extracting by manifest.
1545 silly tarball no local data for @react-native/dev-middleware@https://registry.npmjs.org/@react-native/dev-middleware/-/dev-middleware-0.86.3.tgz. Extracting by manifest.
1546 silly tarball no local data for @react-native/debugger-frontend@https://registry.npmjs.org/@react-native/debugger-frontend/-/debugger-frontend-0.86.3.tgz. Extracting by manifest.
1547 silly tarball no local data for @react-native/babel-preset@https://registry.npmjs.org/@react-native/babel-preset/-/babel-preset-0.86.3.tgz. Extracting by manifest.
1548 silly tarball no local data for @react-native/babel-plugin-codegen@https://registry.npmjs.org/@react-native/babel-plugin-codegen/-/babel-plugin-codegen-0.86.3.tgz. Extracting by manifest.
1549 silly tarball no local data for @react-native/codegen@https://registry.npmjs.org/@react-native/codegen/-/codegen-0.86.3.tgz. Extracting by manifest.
1550 silly tarball no local data for @react-native-masked-view/masked-view@https://registry.npmjs.org/@react-native-masked-view/masked-view/-/masked-view-0.3.2.tgz. Extracting by manifest.
1551 silly tarball no local data for @react-native/assets-registry@https://registry.npmjs.org/@react-native/assets-registry/-/assets-registry-0.86.3.tgz. Extracting by manifest.
1552 silly tarball no local data for @radix-ui/react-use-layout-effect@https://registry.npmjs.org/@radix-ui/react-use-layout-effect/-/react-use-layout-effect-1.1.1.tgz. Extracting by manifest.
1553 silly tarball no local data for @react-native-async-storage/async-storage@https://registry.npmjs.org/@react-native-async-storage/async-storage/-/async-storage-2.2.0.tgz. Extracting by manifest.
1554 silly tarball no local data for @radix-ui/react-use-callback-ref@https://registry.npmjs.org/@radix-ui/react-use-callback-ref/-/react-use-callback-ref-1.1.1.tgz. Extracting by manifest.
1555 silly tarball no local data for @radix-ui/react-use-effect-event@https://registry.npmjs.org/@radix-ui/react-use-effect-event/-/react-use-effect-event-0.0.2.tgz. Extracting by manifest.
1556 silly tarball no local data for @radix-ui/react-use-controllable-state@https://registry.npmjs.org/@radix-ui/react-use-controllable-state/-/react-use-controllable-state-1.2.2.tgz. Extracting by manifest.
1557 silly tarball no local data for @radix-ui/react-use-escape-keydown@https://registry.npmjs.org/@radix-ui/react-use-escape-keydown/-/react-use-escape-keydown-1.1.1.tgz. Extracting by manifest.
1558 silly tarball no local data for @react-native-google-signin/google-signin@https://registry.npmjs.org/@react-native-google-signin/google-signin/-/google-signin-16.1.4.tgz. Extracting by manifest.
1559 silly tarball no local data for @radix-ui/react-id@https://registry.npmjs.org/@radix-ui/react-id/-/react-id-1.1.1.tgz. Extracting by manifest.
1560 silly tarball no local data for @radix-ui/react-direction@https://registry.npmjs.org/@radix-ui/react-direction/-/react-direction-1.1.1.tgz. Extracting by manifest.
1561 silly tarball no local data for @radix-ui/react-slot@https://registry.npmjs.org/@radix-ui/react-slot/-/react-slot-1.2.0.tgz. Extracting by manifest.
1562 silly tarball no local data for @radix-ui/react-focus-guards@https://registry.npmjs.org/@radix-ui/react-focus-guards/-/react-focus-guards-1.1.3.tgz. Extracting by manifest.
1563 silly tarball no local data for @radix-ui/primitive@https://registry.npmjs.org/@radix-ui/primitive/-/primitive-1.1.3.tgz. Extracting by manifest.
1564 silly tarball no local data for @radix-ui/react-context@https://registry.npmjs.org/@radix-ui/react-context/-/react-context-1.1.2.tgz. Extracting by manifest.
1565 silly tarball no local data for @nolyfill/is-core-module@https://registry.npmjs.org/@nolyfill/is-core-module/-/is-core-module-1.0.39.tgz. Extracting by manifest.
1566 silly tarball no local data for @jridgewell/trace-mapping@https://registry.npmjs.org/@jridgewell/trace-mapping/-/trace-mapping-0.3.31.tgz. Extracting by manifest.
1567 silly tarball no local data for @jridgewell/resolve-uri@https://registry.npmjs.org/@jridgewell/resolve-uri/-/resolve-uri-3.1.2.tgz. Extracting by manifest.
1568 silly tarball no local data for @jridgewell/remapping@https://registry.npmjs.org/@jridgewell/remapping/-/remapping-2.3.5.tgz. Extracting by manifest.
1569 silly tarball no local data for @radix-ui/react-compose-refs@https://registry.npmjs.org/@radix-ui/react-compose-refs/-/react-compose-refs-1.1.2.tgz. Extracting by manifest.
1570 silly tarball no local data for @jridgewell/source-map@https://registry.npmjs.org/@jridgewell/source-map/-/source-map-0.3.11.tgz. Extracting by manifest.
1571 silly tarball no local data for @jridgewell/gen-mapping@https://registry.npmjs.org/@jridgewell/gen-mapping/-/gen-mapping-0.3.13.tgz. Extracting by manifest.
1572 silly tarball no local data for @jest/types@https://registry.npmjs.org/@jest/types/-/types-29.6.3.tgz. Extracting by manifest.
1573 silly tarball no local data for @humanwhocodes/retry@https://registry.npmjs.org/@humanwhocodes/retry/-/retry-0.4.3.tgz. Extracting by manifest.
1574 silly tarball no local data for @jest/schemas@https://registry.npmjs.org/@jest/schemas/-/schemas-29.6.3.tgz. Extracting by manifest.
1575 silly tarball no local data for @isaacs/ttlcache@https://registry.npmjs.org/@isaacs/ttlcache/-/ttlcache-1.4.1.tgz. Extracting by manifest.
1576 silly tarball no local data for @humanwhocodes/module-importer@https://registry.npmjs.org/@humanwhocodes/module-importer/-/module-importer-1.0.1.tgz. Extracting by manifest.
1577 silly tarball no local data for @jridgewell/sourcemap-codec@https://registry.npmjs.org/@jridgewell/sourcemap-codec/-/sourcemap-codec-1.5.5.tgz. Extracting by manifest.
1578 silly tarball no local data for @expo/vector-icons@https://registry.npmjs.org/@expo/vector-icons/-/vector-icons-15.1.1.tgz. Extracting by manifest.
1579 silly tarball no local data for @humanfs/types@https://registry.npmjs.org/@humanfs/types/-/types-0.15.0.tgz. Extracting by manifest.
1580 silly tarball no local data for @expo/xcpretty@https://registry.npmjs.org/@expo/xcpretty/-/xcpretty-4.4.5.tgz. Extracting by manifest.
1581 silly tarball no local data for @expo/spawn-async@https://registry.npmjs.org/@expo/spawn-async/-/spawn-async-1.8.0.tgz. Extracting by manifest.
1582 silly tarball no local data for @expo/ui@https://registry.npmjs.org/@expo/ui/-/ui-57.0.17.tgz. Extracting by manifest.
1583 silly tarball no local data for @expo/sudo-prompt@https://registry.npmjs.org/@expo/sudo-prompt/-/sudo-prompt-9.3.2.tgz. Extracting by manifest.
1584 silly tarball no local data for @humanfs/core@https://registry.npmjs.org/@humanfs/core/-/core-0.19.2.tgz. Extracting by manifest.
1585 silly tarball no local data for @expo/sdk-runtime-versions@https://registry.npmjs.org/@expo/sdk-runtime-versions/-/sdk-runtime-versions-1.0.0.tgz. Extracting by manifest.
1586 silly tarball no local data for @humanfs/node@https://registry.npmjs.org/@humanfs/node/-/node-0.16.8.tgz. Extracting by manifest.
1587 silly tarball no local data for @expo/plist@https://registry.npmjs.org/@expo/plist/-/plist-0.8.1.tgz. Extracting by manifest.
1588 silly tarball no local data for @expo/require-utils@https://registry.npmjs.org/@expo/require-utils/-/require-utils-57.0.5.tgz. Extracting by manifest.
1589 silly tarball no local data for @expo/package-manager@https://registry.npmjs.org/@expo/package-manager/-/package-manager-1.13.1.tgz. Extracting by manifest.
1590 silly tarball no local data for @expo/prebuild-config@https://registry.npmjs.org/@expo/prebuild-config/-/prebuild-config-57.0.15.tgz. Extracting by manifest.
1591 silly tarball no local data for @expo/schema-utils@https://registry.npmjs.org/@expo/schema-utils/-/schema-utils-57.0.2.tgz. Extracting by manifest.
1592 silly tarball no local data for @expo/osascript@https://registry.npmjs.org/@expo/osascript/-/osascript-2.7.1.tgz. Extracting by manifest.
1593 silly tarball no local data for @expo/ngrok-bin@https://registry.npmjs.org/@expo/ngrok-bin/-/ngrok-bin-2.3.42.tgz. Extracting by manifest.
1594 silly tarball no local data for @expo/metro-runtime@https://registry.npmjs.org/@expo/metro-runtime/-/metro-runtime-57.0.15.tgz. Extracting by manifest.
1595 silly tarball no local data for @expo/metro-config@https://registry.npmjs.org/@expo/metro-config/-/metro-config-57.0.12.tgz. Extracting by manifest.
1596 silly tarball no local data for @expo/ngrok-bin-darwin-arm64@https://registry.npmjs.org/@expo/ngrok-bin-darwin-arm64/-/ngrok-bin-darwin-arm64-2.3.41.tgz. Extracting by manifest.
1597 silly tarball no local data for @expo/metro-file-map@https://registry.npmjs.org/@expo/metro-file-map/-/metro-file-map-57.0.3.tgz. Extracting by manifest.
1598 silly tarball no local data for @expo/log-box@https://registry.npmjs.org/@expo/log-box/-/log-box-57.0.4.tgz. Extracting by manifest.
1599 silly tarball no local data for @expo/local-build-cache-provider@https://registry.npmjs.org/@expo/local-build-cache-provider/-/local-build-cache-provider-57.0.8.tgz. Extracting by manifest.
1600 silly tarball no local data for @expo/json-file@https://registry.npmjs.org/@expo/json-file/-/json-file-11.0.1.tgz. Extracting by manifest.
1601 silly tarball no local data for @expo/metro@https://registry.npmjs.org/@expo/metro/-/metro-56.0.2.tgz. Extracting by manifest.
1602 silly tarball no local data for @expo/inline-modules@https://registry.npmjs.org/@expo/inline-modules/-/inline-modules-0.1.7.tgz. Extracting by manifest.
1603 silly tarball no local data for @expo/ngrok@https://registry.npmjs.org/@expo/ngrok/-/ngrok-4.1.3.tgz. Extracting by manifest.
1604 silly tarball no local data for @expo/fingerprint@https://registry.npmjs.org/@expo/fingerprint/-/fingerprint-0.20.12.tgz. Extracting by manifest.
1605 silly tarball no local data for @expo/devtools@https://registry.npmjs.org/@expo/devtools/-/devtools-57.0.1.tgz. Extracting by manifest.
1606 silly tarball no local data for @expo/expo-modules-macros-plugin@https://registry.npmjs.org/@expo/expo-modules-macros-plugin/-/expo-modules-macros-plugin-0.6.1.tgz. Extracting by manifest.
1607 silly tarball no local data for @expo/image-utils@https://registry.npmjs.org/@expo/image-utils/-/image-utils-0.11.5.tgz. Extracting by manifest.
1608 silly tarball no local data for @expo/dom-webview@https://registry.npmjs.org/@expo/dom-webview/-/dom-webview-57.0.1.tgz. Extracting by manifest.
1609 silly tarball no local data for @expo/devcert@https://registry.npmjs.org/@expo/devcert/-/devcert-1.2.1.tgz. Extracting by manifest.
1610 silly tarball no local data for @expo/env@https://registry.npmjs.org/@expo/env/-/env-2.4.3.tgz. Extracting by manifest.
1611 silly tarball no local data for @expo/config@https://registry.npmjs.org/@expo/config/-/config-57.0.9.tgz. Extracting by manifest.
1612 silly tarball no local data for @expo/config-types@https://registry.npmjs.org/@expo/config-types/-/config-types-57.0.2.tgz. Extracting by manifest.
1613 silly tarball no local data for @expo/config-plugins@https://registry.npmjs.org/@expo/config-plugins/-/config-plugins-57.0.9.tgz. Extracting by manifest.
1614 silly tarball no local data for @expo-google-fonts/material-symbols@https://registry.npmjs.org/@expo-google-fonts/material-symbols/-/material-symbols-0.4.47.tgz. Extracting by manifest.
1615 silly tarball no local data for @expo/code-signing-certificates@https://registry.npmjs.org/@expo/code-signing-certificates/-/code-signing-certificates-0.0.6.tgz. Extracting by manifest.
1616 silly tarball no local data for @eslint/plugin-kit@https://registry.npmjs.org/@eslint/plugin-kit/-/plugin-kit-0.4.1.tgz. Extracting by manifest.
1617 silly tarball no local data for @eslint/eslintrc@https://registry.npmjs.org/@eslint/eslintrc/-/eslintrc-3.3.5.tgz. Extracting by manifest.
1618 silly tarball no local data for @eslint/object-schema@https://registry.npmjs.org/@eslint/object-schema/-/object-schema-2.1.7.tgz. Extracting by manifest.
1619 silly tarball no local data for @eslint/core@https://registry.npmjs.org/@eslint/core/-/core-0.17.0.tgz. Extracting by manifest.
1620 silly tarball no local data for @eslint/js@https://registry.npmjs.org/@eslint/js/-/js-9.39.4.tgz. Extracting by manifest.
1621 silly tarball no local data for @expo-google-fonts/dancing-script@https://registry.npmjs.org/@expo-google-fonts/dancing-script/-/dancing-script-0.4.2.tgz. Extracting by manifest.
1622 silly tarball no local data for @eslint/config-helpers@https://registry.npmjs.org/@eslint/config-helpers/-/config-helpers-0.4.2.tgz. Extracting by manifest.
1623 silly tarball no local data for @eslint/config-array@https://registry.npmjs.org/@eslint/config-array/-/config-array-0.21.2.tgz. Extracting by manifest.
1624 silly tarball no local data for @babel/traverse@https://registry.npmjs.org/@babel/traverse/-/traverse-7.29.8.tgz. Extracting by manifest.
1625 silly tarball no local data for @egjs/hammerjs@https://registry.npmjs.org/@egjs/hammerjs/-/hammerjs-2.0.17.tgz. Extracting by manifest.
1626 silly tarball no local data for @babel/template@https://registry.npmjs.org/@babel/template/-/template-7.29.7.tgz. Extracting by manifest.
1627 silly tarball no local data for @eslint-community/regexpp@https://registry.npmjs.org/@eslint-community/regexpp/-/regexpp-4.12.2.tgz. Extracting by manifest.
1628 silly tarball no local data for @eslint-community/eslint-utils@https://registry.npmjs.org/@eslint-community/eslint-utils/-/eslint-utils-4.9.1.tgz. Extracting by manifest.
1629 silly tarball no local data for @babel/plugin-transform-typescript@https://registry.npmjs.org/@babel/plugin-transform-typescript/-/plugin-transform-typescript-7.28.6.tgz. Extracting by manifest.
1630 silly tarball no local data for @babel/plugin-transform-unicode-regex@https://registry.npmjs.org/@babel/plugin-transform-unicode-regex/-/plugin-transform-unicode-regex-7.27.1.tgz. Extracting by manifest.
1631 silly tarball no local data for @babel/plugin-transform-template-literals@https://registry.npmjs.org/@babel/plugin-transform-template-literals/-/plugin-transform-template-literals-7.29.7.tgz. Extracting by manifest.
1632 silly tarball no local data for @babel/plugin-transform-runtime@https://registry.npmjs.org/@babel/plugin-transform-runtime/-/plugin-transform-runtime-7.29.7.tgz. Extracting by manifest.
1633 silly tarball no local data for @babel/preset-typescript@https://registry.npmjs.org/@babel/preset-typescript/-/preset-typescript-7.28.5.tgz. Extracting by manifest.
1634 silly tarball no local data for @babel/runtime@https://registry.npmjs.org/@babel/runtime/-/runtime-7.29.2.tgz. Extracting by manifest.
1635 silly tarball no local data for @babel/types@https://registry.npmjs.org/@babel/types/-/types-7.29.8.tgz. Extracting by manifest.
1636 silly tarball no local data for @babel/plugin-transform-shorthand-properties@https://registry.npmjs.org/@babel/plugin-transform-shorthand-properties/-/plugin-transform-shorthand-properties-7.29.7.tgz. Extracting by manifest.
1637 silly tarball no local data for @babel/plugin-transform-regenerator@https://registry.npmjs.org/@babel/plugin-transform-regenerator/-/plugin-transform-regenerator-7.29.8.tgz. Extracting by manifest.
1638 silly tarball no local data for @babel/plugin-transform-react-jsx-source@https://registry.npmjs.org/@babel/plugin-transform-react-jsx-source/-/plugin-transform-react-jsx-source-7.29.7.tgz. Extracting by manifest.
1639 silly tarball no local data for @babel/plugin-transform-react-jsx-development@https://registry.npmjs.org/@babel/plugin-transform-react-jsx-development/-/plugin-transform-react-jsx-development-7.29.7.tgz. Extracting by manifest.
1640 silly tarball no local data for @babel/plugin-transform-react-jsx@https://registry.npmjs.org/@babel/plugin-transform-react-jsx/-/plugin-transform-react-jsx-7.29.7.tgz. Extracting by manifest.
1641 silly tarball no local data for @babel/plugin-transform-react-jsx-self@https://registry.npmjs.org/@babel/plugin-transform-react-jsx-self/-/plugin-transform-react-jsx-self-7.29.7.tgz. Extracting by manifest.
1642 silly tarball no local data for @babel/plugin-transform-react-pure-annotations@https://registry.npmjs.org/@babel/plugin-transform-react-pure-annotations/-/plugin-transform-react-pure-annotations-7.29.7.tgz. Extracting by manifest.
1643 silly tarball no local data for @babel/plugin-transform-react-display-name@https://registry.npmjs.org/@babel/plugin-transform-react-display-name/-/plugin-transform-react-display-name-7.29.7.tgz. Extracting by manifest.
1644 silly tarball no local data for @babel/plugin-transform-optional-catch-binding@https://registry.npmjs.org/@babel/plugin-transform-optional-catch-binding/-/plugin-transform-optional-catch-binding-7.29.7.tgz. Extracting by manifest.
1645 silly tarball no local data for @babel/plugin-transform-private-property-in-object@https://registry.npmjs.org/@babel/plugin-transform-private-property-in-object/-/plugin-transform-private-property-in-object-7.29.7.tgz. Extracting by manifest.
1646 silly tarball no local data for @babel/plugin-transform-private-methods@https://registry.npmjs.org/@babel/plugin-transform-private-methods/-/plugin-transform-private-methods-7.29.7.tgz. Extracting by manifest.
1647 silly tarball no local data for @babel/plugin-transform-object-rest-spread@https://registry.npmjs.org/@babel/plugin-transform-object-rest-spread/-/plugin-transform-object-rest-spread-7.29.7.tgz. Extracting by manifest.
1648 silly tarball no local data for @babel/plugin-transform-nullish-coalescing-operator@https://registry.npmjs.org/@babel/plugin-transform-nullish-coalescing-operator/-/plugin-transform-nullish-coalescing-operator-7.28.6.tgz. Extracting by manifest.
1649 silly tarball no local data for @babel/plugin-transform-modules-commonjs@https://registry.npmjs.org/@babel/plugin-transform-modules-commonjs/-/plugin-transform-modules-commonjs-7.28.6.tgz. Extracting by manifest.
1650 silly tarball no local data for @babel/plugin-transform-optional-chaining@https://registry.npmjs.org/@babel/plugin-transform-optional-chaining/-/plugin-transform-optional-chaining-7.28.6.tgz. Extracting by manifest.
1651 silly tarball no local data for @babel/plugin-transform-logical-assignment-operators@https://registry.npmjs.org/@babel/plugin-transform-logical-assignment-operators/-/plugin-transform-logical-assignment-operators-7.29.7.tgz. Extracting by manifest.
1652 silly tarball no local data for @babel/plugin-transform-named-capturing-groups-regex@https://registry.npmjs.org/@babel/plugin-transform-named-capturing-groups-regex/-/plugin-transform-named-capturing-groups-regex-7.29.7.tgz. Extracting by manifest.
1653 silly tarball no local data for @babel/plugin-transform-flow-strip-types@https://registry.npmjs.org/@babel/plugin-transform-flow-strip-types/-/plugin-transform-flow-strip-types-7.29.7.tgz. Extracting by manifest.
1654 silly tarball no local data for @babel/plugin-transform-for-of@https://registry.npmjs.org/@babel/plugin-transform-for-of/-/plugin-transform-for-of-7.29.7.tgz. Extracting by manifest.
1655 silly tarball no local data for @babel/plugin-transform-destructuring@https://registry.npmjs.org/@babel/plugin-transform-destructuring/-/plugin-transform-destructuring-7.29.7.tgz. Extracting by manifest.
1656 silly tarball no local data for @babel/plugin-transform-export-namespace-from@https://registry.npmjs.org/@babel/plugin-transform-export-namespace-from/-/plugin-transform-export-namespace-from-7.29.7.tgz. Extracting by manifest.
1657 silly tarball no local data for @babel/plugin-transform-class-static-block@https://registry.npmjs.org/@babel/plugin-transform-class-static-block/-/plugin-transform-class-static-block-7.29.7.tgz. Extracting by manifest.
1658 silly tarball no local data for @babel/plugin-transform-classes@https://registry.npmjs.org/@babel/plugin-transform-classes/-/plugin-transform-classes-7.28.6.tgz. Extracting by manifest.
1659 silly tarball no local data for @babel/plugin-transform-parameters@https://registry.npmjs.org/@babel/plugin-transform-parameters/-/plugin-transform-parameters-7.29.7.tgz. Extracting by manifest.
1660 silly tarball no local data for @babel/plugin-transform-block-scoping@https://registry.npmjs.org/@babel/plugin-transform-block-scoping/-/plugin-transform-block-scoping-7.29.7.tgz. Extracting by manifest.
1661 silly tarball no local data for @babel/plugin-transform-class-properties@https://registry.npmjs.org/@babel/plugin-transform-class-properties/-/plugin-transform-class-properties-7.28.6.tgz. Extracting by manifest.
1662 silly tarball no local data for @babel/plugin-transform-async-to-generator@https://registry.npmjs.org/@babel/plugin-transform-async-to-generator/-/plugin-transform-async-to-generator-7.29.7.tgz. Extracting by manifest.
1663 silly tarball no local data for @babel/plugin-transform-arrow-functions@https://registry.npmjs.org/@babel/plugin-transform-arrow-functions/-/plugin-transform-arrow-functions-7.29.7.tgz. Extracting by manifest.
1664 silly tarball no local data for @babel/plugin-transform-async-generator-functions@https://registry.npmjs.org/@babel/plugin-transform-async-generator-functions/-/plugin-transform-async-generator-functions-7.29.7.tgz. Extracting by manifest.
1665 silly tarball no local data for @babel/plugin-syntax-export-default-from@https://registry.npmjs.org/@babel/plugin-syntax-export-default-from/-/plugin-syntax-export-default-from-7.29.7.tgz. Extracting by manifest.
1666 silly tarball no local data for @babel/plugin-syntax-typescript@https://registry.npmjs.org/@babel/plugin-syntax-typescript/-/plugin-syntax-typescript-7.28.6.tgz. Extracting by manifest.
1667 silly tarball no local data for @babel/plugin-syntax-optional-chaining@https://registry.npmjs.org/@babel/plugin-syntax-optional-chaining/-/plugin-syntax-optional-chaining-7.8.3.tgz. Extracting by manifest.
1668 silly tarball no local data for @babel/plugin-syntax-nullish-coalescing-operator@https://registry.npmjs.org/@babel/plugin-syntax-nullish-coalescing-operator/-/plugin-syntax-nullish-coalescing-operator-7.8.3.tgz. Extracting by manifest.
1669 silly tarball no local data for @babel/plugin-syntax-flow@https://registry.npmjs.org/@babel/plugin-syntax-flow/-/plugin-syntax-flow-7.29.7.tgz. Extracting by manifest.
1670 silly tarball no local data for @babel/plugin-syntax-jsx@https://registry.npmjs.org/@babel/plugin-syntax-jsx/-/plugin-syntax-jsx-7.29.7.tgz. Extracting by manifest.
1671 silly tarball no local data for @babel/plugin-syntax-decorators@https://registry.npmjs.org/@babel/plugin-syntax-decorators/-/plugin-syntax-decorators-7.29.7.tgz. Extracting by manifest.
1672 silly tarball no local data for @babel/plugin-proposal-export-default-from@https://registry.npmjs.org/@babel/plugin-proposal-export-default-from/-/plugin-proposal-export-default-from-7.29.7.tgz. Extracting by manifest.
1673 silly tarball no local data for @babel/plugin-proposal-decorators@https://registry.npmjs.org/@babel/plugin-proposal-decorators/-/plugin-proposal-decorators-7.29.7.tgz. Extracting by manifest.
1674 silly tarball no local data for @babel/plugin-syntax-dynamic-import@https://registry.npmjs.org/@babel/plugin-syntax-dynamic-import/-/plugin-syntax-dynamic-import-7.8.3.tgz. Extracting by manifest.
1675 silly tarball no local data for @babel/helper-wrap-function@https://registry.npmjs.org/@babel/helper-wrap-function/-/helper-wrap-function-7.29.7.tgz. Extracting by manifest.
1676 silly tarball no local data for @babel/helpers@https://registry.npmjs.org/@babel/helpers/-/helpers-7.29.2.tgz. Extracting by manifest.
1677 silly tarball no local data for @babel/parser@https://registry.npmjs.org/@babel/parser/-/parser-7.29.8.tgz. Extracting by manifest.
1678 silly tarball no local data for @babel/helper-validator-option@https://registry.npmjs.org/@babel/helper-validator-option/-/helper-validator-option-7.29.7.tgz. Extracting by manifest.
1679 silly tarball no local data for @babel/helper-validator-identifier@https://registry.npmjs.org/@babel/helper-validator-identifier/-/helper-validator-identifier-7.29.7.tgz. Extracting by manifest.
1680 silly tarball no local data for @babel/helper-string-parser@https://registry.npmjs.org/@babel/helper-string-parser/-/helper-string-parser-7.29.7.tgz. Extracting by manifest.
1681 silly tarball no local data for @babel/helper-remap-async-to-generator@https://registry.npmjs.org/@babel/helper-remap-async-to-generator/-/helper-remap-async-to-generator-7.29.7.tgz. Extracting by manifest.
1682 silly tarball no local data for @babel/helper-skip-transparent-expression-wrappers@https://registry.npmjs.org/@babel/helper-skip-transparent-expression-wrappers/-/helper-skip-transparent-expression-wrappers-7.29.7.tgz. Extracting by manifest.
1683 silly tarball no local data for @babel/helper-optimise-call-expression@https://registry.npmjs.org/@babel/helper-optimise-call-expression/-/helper-optimise-call-expression-7.29.7.tgz. Extracting by manifest.
1684 silly tarball no local data for @babel/helper-module-imports@https://registry.npmjs.org/@babel/helper-module-imports/-/helper-module-imports-7.29.7.tgz. Extracting by manifest.
1685 silly tarball no local data for @babel/helper-member-expression-to-functions@https://registry.npmjs.org/@babel/helper-member-expression-to-functions/-/helper-member-expression-to-functions-7.29.7.tgz. Extracting by manifest.
1686 silly tarball no local data for @babel/helper-replace-supers@https://registry.npmjs.org/@babel/helper-replace-supers/-/helper-replace-supers-7.29.7.tgz. Extracting by manifest.
1687 silly tarball no local data for @babel/helper-module-transforms@https://registry.npmjs.org/@babel/helper-module-transforms/-/helper-module-transforms-7.28.6.tgz. Extracting by manifest.
1688 silly tarball no local data for @babel/helper-globals@https://registry.npmjs.org/@babel/helper-globals/-/helper-globals-7.29.7.tgz. Extracting by manifest.
1689 silly tarball no local data for @babel/helper-create-regexp-features-plugin@https://registry.npmjs.org/@babel/helper-create-regexp-features-plugin/-/helper-create-regexp-features-plugin-7.29.7.tgz. Extracting by manifest.
1690 silly tarball no local data for @babel/helper-compilation-targets@https://registry.npmjs.org/@babel/helper-compilation-targets/-/helper-compilation-targets-7.29.7.tgz. Extracting by manifest.
1691 silly tarball no local data for @babel/generator@https://registry.npmjs.org/@babel/generator/-/generator-7.29.8.tgz. Extracting by manifest.
1692 silly tarball no local data for @babel/helper-create-class-features-plugin@https://registry.npmjs.org/@babel/helper-create-class-features-plugin/-/helper-create-class-features-plugin-7.29.7.tgz. Extracting by manifest.
1693 silly tarball no local data for @babel/helper-annotate-as-pure@https://registry.npmjs.org/@babel/helper-annotate-as-pure/-/helper-annotate-as-pure-7.29.7.tgz. Extracting by manifest.
1694 silly tarball no local data for @babel/core@https://registry.npmjs.org/@babel/core/-/core-7.29.0.tgz. Extracting by manifest.
1695 silly tarball no local data for @babel/compat-data@https://registry.npmjs.org/@babel/compat-data/-/compat-data-7.29.7.tgz. Extracting by manifest.
1696 silly tarball no local data for @babel/code-frame@https://registry.npmjs.org/@babel/code-frame/-/code-frame-7.29.7.tgz. Extracting by manifest.
1697 silly tarball no local data for @babel/helper-define-polyfill-provider@https://registry.npmjs.org/@babel/helper-define-polyfill-provider/-/helper-define-polyfill-provider-0.6.8.tgz. Extracting by manifest.
1698 silly tarball no local data for type-fest@https://registry.npmjs.org/type-fest/-/type-fest-5.9.0.tgz. Extracting by manifest.
1699 silly tarball no local data for @radix-ui/react-primitive@https://registry.npmjs.org/@radix-ui/react-primitive/-/react-primitive-2.1.3.tgz. Extracting by manifest.
1700 silly tarball no local data for @radix-ui/react-portal@https://registry.npmjs.org/@radix-ui/react-portal/-/react-portal-1.1.9.tgz. Extracting by manifest.
1701 silly tarball no local data for @radix-ui/react-slot@https://registry.npmjs.org/@radix-ui/react-slot/-/react-slot-1.2.3.tgz. Extracting by manifest.
1702 silly tarball no local data for @radix-ui/react-presence@https://registry.npmjs.org/@radix-ui/react-presence/-/react-presence-1.1.5.tgz. Extracting by manifest.
1703 silly tarball no local data for @radix-ui/react-dismissable-layer@https://registry.npmjs.org/@radix-ui/react-dismissable-layer/-/react-dismissable-layer-1.1.11.tgz. Extracting by manifest.
1704 silly tarball no local data for @radix-ui/react-dialog@https://registry.npmjs.org/@radix-ui/react-dialog/-/react-dialog-1.1.15.tgz. Extracting by manifest.
1705 silly tarball no local data for commander@https://registry.npmjs.org/commander/-/commander-2.20.3.tgz. Extracting by manifest.
1706 silly tarball no local data for @radix-ui/react-focus-scope@https://registry.npmjs.org/@radix-ui/react-focus-scope/-/react-focus-scope-1.1.7.tgz. Extracting by manifest.
1707 silly tarball no local data for json5@https://registry.npmjs.org/json5/-/json5-1.0.2.tgz. Extracting by manifest.
1708 silly tarball no local data for source-map@https://registry.npmjs.org/source-map/-/source-map-0.6.1.tgz. Extracting by manifest.
1709 silly tarball no local data for encodeurl@https://registry.npmjs.org/encodeurl/-/encodeurl-2.0.0.tgz. Extracting by manifest.
1710 silly tarball no local data for xmlbuilder@https://registry.npmjs.org/xmlbuilder/-/xmlbuilder-11.0.1.tgz. Extracting by manifest.
1711 silly tarball no local data for statuses@https://registry.npmjs.org/statuses/-/statuses-2.0.2.tgz. Extracting by manifest.
1712 silly tarball no local data for encodeurl@https://registry.npmjs.org/encodeurl/-/encodeurl-2.0.0.tgz. Extracting by manifest.
1713 silly tarball no local data for ms@https://registry.npmjs.org/ms/-/ms-2.0.0.tgz. Extracting by manifest.
1714 silly tarball no local data for semver@https://registry.npmjs.org/semver/-/semver-7.8.5.tgz. Extracting by manifest.
1715 silly tarball no local data for debug@https://registry.npmjs.org/debug/-/debug-2.6.9.tgz. Extracting by manifest.
1716 silly tarball no local data for event-target-shim@https://registry.npmjs.org/event-target-shim/-/event-target-shim-6.0.2.tgz. Extracting by manifest.
1717 silly tarball no local data for on-finished@https://registry.npmjs.org/on-finished/-/on-finished-2.4.1.tgz. Extracting by manifest.
1718 silly tarball no local data for debug@https://registry.npmjs.org/debug/-/debug-4.3.4.tgz. Extracting by manifest.
1719 silly tarball no local data for @babel/helper-plugin-utils@https://registry.npmjs.org/@babel/helper-plugin-utils/-/helper-plugin-utils-7.29.7.tgz. Extracting by manifest.
1720 silly tarball no local data for semver@https://registry.npmjs.org/semver/-/semver-7.8.0.tgz. Extracting by manifest.
1721 silly tarball no local data for commander@https://registry.npmjs.org/commander/-/commander-12.1.0.tgz. Extracting by manifest.
1722 silly tarball no local data for ms@https://registry.npmjs.org/ms/-/ms-2.1.2.tgz. Extracting by manifest.
1723 silly tarball no local data for @react-native/normalize-colors@https://registry.npmjs.org/@react-native/normalize-colors/-/normalize-colors-0.74.89.tgz. Extracting by manifest.
1724 silly tarball no local data for semver@https://registry.npmjs.org/semver/-/semver-7.8.0.tgz. Extracting by manifest.
1725 silly tarball no local data for hermes-parser@https://registry.npmjs.org/hermes-parser/-/hermes-parser-0.36.0.tgz. Extracting by manifest.
1726 silly tarball no local data for @react-native/virtualized-lists@https://registry.npmjs.org/@react-native/virtualized-lists/-/virtualized-lists-0.86.3.tgz. Extracting by manifest.
1727 silly tarball no local data for hermes-estree@https://registry.npmjs.org/hermes-estree/-/hermes-estree-0.36.0.tgz. Extracting by manifest.
1728 silly tarball no local data for babel-plugin-syntax-hermes-parser@https://registry.npmjs.org/babel-plugin-syntax-hermes-parser/-/babel-plugin-syntax-hermes-parser-0.36.0.tgz. Extracting by manifest.
1729 silly tarball no local data for react-is@https://registry.npmjs.org/react-is/-/react-is-16.13.1.tgz. Extracting by manifest.
1730 silly tarball no local data for memoize-one@https://registry.npmjs.org/memoize-one/-/memoize-one-6.0.0.tgz. Extracting by manifest.
1731 silly tarball no local data for ansi-styles@https://registry.npmjs.org/ansi-styles/-/ansi-styles-5.2.0.tgz. Extracting by manifest.
1732 silly tarball no local data for react-is@https://registry.npmjs.org/react-is/-/react-is-18.3.1.tgz. Extracting by manifest.
1733 silly tarball no local data for lru-cache@https://registry.npmjs.org/lru-cache/-/lru-cache-11.3.6.tgz. Extracting by manifest.
1734 silly tarball no local data for supports-color@https://registry.npmjs.org/supports-color/-/supports-color-5.5.0.tgz. Extracting by manifest.
1735 silly tarball no local data for strip-ansi@https://registry.npmjs.org/strip-ansi/-/strip-ansi-5.2.0.tgz. Extracting by manifest.
1736 silly tarball no local data for color-name@https://registry.npmjs.org/color-name/-/color-name-1.1.3.tgz. Extracting by manifest.
1737 silly tarball no local data for color-convert@https://registry.npmjs.org/color-convert/-/color-convert-1.9.3.tgz. Extracting by manifest.
1738 silly tarball no local data for has-flag@https://registry.npmjs.org/has-flag/-/has-flag-3.0.0.tgz. Extracting by manifest.
1739 silly tarball no local data for @xmldom/xmldom@https://registry.npmjs.org/@xmldom/xmldom/-/xmldom-0.9.10.tgz. Extracting by manifest.
1740 silly tarball no local data for escape-string-regexp@https://registry.npmjs.org/escape-string-regexp/-/escape-string-regexp-1.0.5.tgz. Extracting by manifest.
1741 silly tarball no local data for semver@https://registry.npmjs.org/semver/-/semver-7.8.5.tgz. Extracting by manifest.
1742 silly tarball no local data for ansi-styles@https://registry.npmjs.org/ansi-styles/-/ansi-styles-3.2.1.tgz. Extracting by manifest.
1743 silly tarball no local data for chalk@https://registry.npmjs.org/chalk/-/chalk-2.4.2.tgz. Extracting by manifest.
1744 silly tarball no local data for picomatch@https://registry.npmjs.org/picomatch/-/picomatch-2.3.2.tgz. Extracting by manifest.
1745 silly tarball no local data for ansi-regex@https://registry.npmjs.org/ansi-regex/-/ansi-regex-4.1.1.tgz. Extracting by manifest.
1746 silly tarball no local data for hermes-parser@https://registry.npmjs.org/hermes-parser/-/hermes-parser-0.35.0.tgz. Extracting by manifest.
1747 silly tarball no local data for hermes-parser@https://registry.npmjs.org/hermes-parser/-/hermes-parser-0.35.0.tgz. Extracting by manifest.
1748 silly tarball no local data for supports-color@https://registry.npmjs.org/supports-color/-/supports-color-5.5.0.tgz. Extracting by manifest.
1749 silly tarball no local data for hermes-estree@https://registry.npmjs.org/hermes-estree/-/hermes-estree-0.35.0.tgz. Extracting by manifest.
1750 silly tarball no local data for hermes-estree@https://registry.npmjs.org/hermes-estree/-/hermes-estree-0.35.0.tgz. Extracting by manifest.
1751 silly tarball no local data for color-name@https://registry.npmjs.org/color-name/-/color-name-1.1.3.tgz. Extracting by manifest.
1752 silly tarball no local data for color-convert@https://registry.npmjs.org/color-convert/-/color-convert-1.9.3.tgz. Extracting by manifest.
1753 silly tarball no local data for escape-string-regexp@https://registry.npmjs.org/escape-string-regexp/-/escape-string-regexp-1.0.5.tgz. Extracting by manifest.
1754 silly tarball no local data for has-flag@https://registry.npmjs.org/has-flag/-/has-flag-3.0.0.tgz. Extracting by manifest.
1755 silly tarball no local data for chalk@https://registry.npmjs.org/chalk/-/chalk-2.4.2.tgz. Extracting by manifest.
1756 silly tarball no local data for debug@https://registry.npmjs.org/debug/-/debug-2.6.9.tgz. Extracting by manifest.
1757 silly tarball no local data for supports-color@https://registry.npmjs.org/supports-color/-/supports-color-8.1.1.tgz. Extracting by manifest.
1758 silly tarball no local data for ms@https://registry.npmjs.org/ms/-/ms-2.0.0.tgz. Extracting by manifest.
1759 silly tarball no local data for ci-info@https://registry.npmjs.org/ci-info/-/ci-info-3.9.0.tgz. Extracting by manifest.
1760 silly tarball no local data for picomatch@https://registry.npmjs.org/picomatch/-/picomatch-2.3.2.tgz. Extracting by manifest.
1761 silly tarball no local data for ansi-styles@https://registry.npmjs.org/ansi-styles/-/ansi-styles-3.2.1.tgz. Extracting by manifest.
1762 silly tarball no local data for resolve-from@https://registry.npmjs.org/resolve-from/-/resolve-from-4.0.0.tgz. Extracting by manifest.
1763 silly tarball no local data for statuses@https://registry.npmjs.org/statuses/-/statuses-2.0.2.tgz. Extracting by manifest.
1764 silly tarball no local data for lru-cache@https://registry.npmjs.org/lru-cache/-/lru-cache-10.4.3.tgz. Extracting by manifest.
1765 silly tarball no local data for react-is@https://registry.npmjs.org/react-is/-/react-is-16.13.1.tgz. Extracting by manifest.
1766 silly tarball no local data for minimatch@https://registry.npmjs.org/minimatch/-/minimatch-10.2.5.tgz. Extracting by manifest.
1767 silly tarball no local data for semver@https://registry.npmjs.org/semver/-/semver-7.8.0.tgz. Extracting by manifest.
1768 silly tarball no local data for promise@https://registry.npmjs.org/promise/-/promise-7.3.1.tgz. Extracting by manifest.
1769 silly tarball no local data for balanced-match@https://registry.npmjs.org/balanced-match/-/balanced-match-4.0.4.tgz. Extracting by manifest.
1770 silly tarball no local data for ms@https://registry.npmjs.org/ms/-/ms-2.0.0.tgz. Extracting by manifest.
1771 silly tarball no local data for brace-expansion@https://registry.npmjs.org/brace-expansion/-/brace-expansion-5.0.6.tgz. Extracting by manifest.
1772 silly tarball no local data for debug@https://registry.npmjs.org/debug/-/debug-2.6.9.tgz. Extracting by manifest.
1773 silly tarball no local data for @radix-ui/react-tabs@https://registry.npmjs.org/@radix-ui/react-tabs/-/react-tabs-1.1.13.tgz. Extracting by manifest.
1774 silly tarball no local data for @radix-ui/react-roving-focus@https://registry.npmjs.org/@radix-ui/react-roving-focus/-/react-roving-focus-1.1.11.tgz. Extracting by manifest.
1775 silly tarball no local data for @radix-ui/react-presence@https://registry.npmjs.org/@radix-ui/react-presence/-/react-presence-1.1.5.tgz. Extracting by manifest.
1776 silly tarball no local data for @radix-ui/react-slot@https://registry.npmjs.org/@radix-ui/react-slot/-/react-slot-1.2.3.tgz. Extracting by manifest.
1777 silly tarball no local data for @radix-ui/react-primitive@https://registry.npmjs.org/@radix-ui/react-primitive/-/react-primitive-2.1.3.tgz. Extracting by manifest.
1778 silly tarball no local data for ua-parser-js@https://registry.npmjs.org/ua-parser-js/-/ua-parser-js-0.7.41.tgz. Extracting by manifest.
1779 silly tarball no local data for @radix-ui/react-slot@https://registry.npmjs.org/@radix-ui/react-slot/-/react-slot-1.2.3.tgz. Extracting by manifest.
1780 silly tarball no local data for mime-types@https://registry.npmjs.org/mime-types/-/mime-types-2.1.35.tgz. Extracting by manifest.
1781 silly tarball no local data for negotiator@https://registry.npmjs.org/negotiator/-/negotiator-0.6.3.tgz. Extracting by manifest.
1782 silly tarball no local data for ws@https://registry.npmjs.org/ws/-/ws-8.21.3.tgz. Extracting by manifest.
1783 silly tarball no local data for @radix-ui/react-collection@https://registry.npmjs.org/@radix-ui/react-collection/-/react-collection-1.1.7.tgz. Extracting by manifest.
1784 silly tarball no local data for semver@https://registry.npmjs.org/semver/-/semver-7.8.5.tgz. Extracting by manifest.
1785 silly tarball no local data for semver@https://registry.npmjs.org/semver/-/semver-7.8.5.tgz. Extracting by manifest.
1786 silly tarball no local data for expo-modules-core@https://registry.npmjs.org/expo-modules-core/-/expo-modules-core-57.0.17.tgz. Extracting by manifest.
1787 silly tarball no local data for mime-db@https://registry.npmjs.org/mime-db/-/mime-db-1.52.0.tgz. Extracting by manifest.
1788 silly tarball no local data for ci-info@https://registry.npmjs.org/ci-info/-/ci-info-3.9.0.tgz. Extracting by manifest.
1789 silly tarball no local data for accepts@https://registry.npmjs.org/accepts/-/accepts-1.3.8.tgz. Extracting by manifest.
1790 silly tarball no local data for @expo/router-server@https://registry.npmjs.org/@expo/router-server/-/router-server-57.0.9.tgz. Extracting by manifest.
1791 silly tarball no local data for @expo/cli@https://registry.npmjs.org/@expo/cli/-/cli-57.0.23.tgz. Extracting by manifest.
1792 silly tarball no local data for @expo/ws-tunnel@https://registry.npmjs.org/@expo/ws-tunnel/-/ws-tunnel-2.0.0.tgz. Extracting by manifest.
1793 silly tarball no local data for hermes-estree@https://registry.npmjs.org/hermes-estree/-/hermes-estree-0.25.1.tgz. Extracting by manifest.
1794 silly tarball no local data for debug@https://registry.npmjs.org/debug/-/debug-3.2.7.tgz. Extracting by manifest.
1795 silly tarball no local data for ws@https://registry.npmjs.org/ws/-/ws-8.21.0.tgz. Extracting by manifest.
1796 silly tarball no local data for globals@https://registry.npmjs.org/globals/-/globals-16.5.0.tgz. Extracting by manifest.
1797 silly tarball no local data for source-map@https://registry.npmjs.org/source-map/-/source-map-0.6.1.tgz. Extracting by manifest.
1798 silly tarball no local data for debug@https://registry.npmjs.org/debug/-/debug-3.2.7.tgz. Extracting by manifest.
1799 silly tarball no local data for mimic-response@https://registry.npmjs.org/mimic-response/-/mimic-response-3.1.0.tgz. Extracting by manifest.
1800 silly tarball no local data for hermes-parser@https://registry.npmjs.org/hermes-parser/-/hermes-parser-0.25.1.tgz. Extracting by manifest.
1801 silly tarball no local data for debug@https://registry.npmjs.org/debug/-/debug-2.6.9.tgz. Extracting by manifest.
1802 silly tarball no local data for debug@https://registry.npmjs.org/debug/-/debug-2.6.9.tgz. Extracting by manifest.
1803 silly tarball no local data for ms@https://registry.npmjs.org/ms/-/ms-2.0.0.tgz. Extracting by manifest.
1804 silly tarball no local data for negotiator@https://registry.npmjs.org/negotiator/-/negotiator-0.6.4.tgz. Extracting by manifest.
1805 silly tarball no local data for type-fest@https://registry.npmjs.org/type-fest/-/type-fest-0.21.3.tgz. Extracting by manifest.
1806 silly tarball no local data for ms@https://registry.npmjs.org/ms/-/ms-2.0.0.tgz. Extracting by manifest.
1807 silly tarball no local data for brace-expansion@https://registry.npmjs.org/brace-expansion/-/brace-expansion-5.0.6.tgz. Extracting by manifest.
1808 silly tarball no local data for balanced-match@https://registry.npmjs.org/balanced-match/-/balanced-match-4.0.4.tgz. Extracting by manifest.
1809 silly tarball no local data for eslint-visitor-keys@https://registry.npmjs.org/eslint-visitor-keys/-/eslint-visitor-keys-5.0.1.tgz. Extracting by manifest.
1810 silly tarball no local data for debug@https://registry.npmjs.org/debug/-/debug-3.2.7.tgz. Extracting by manifest.
1811 silly tarball no local data for minimatch@https://registry.npmjs.org/minimatch/-/minimatch-10.2.5.tgz. Extracting by manifest.
1812 silly tarball no local data for ignore@https://registry.npmjs.org/ignore/-/ignore-7.0.5.tgz. Extracting by manifest.
1813 silly tarball no local data for hermes-parser@https://registry.npmjs.org/hermes-parser/-/hermes-parser-0.36.0.tgz. Extracting by manifest.
1814 silly tarball no local data for semver@https://registry.npmjs.org/semver/-/semver-7.8.0.tgz. Extracting by manifest.
1815 silly tarball no local data for semver@https://registry.npmjs.org/semver/-/semver-7.8.5.tgz. Extracting by manifest.
1816 silly tarball no local data for hermes-estree@https://registry.npmjs.org/hermes-estree/-/hermes-estree-0.36.0.tgz. Extracting by manifest.
1817 silly tarball no local data for hermes-parser@https://registry.npmjs.org/hermes-parser/-/hermes-parser-0.36.0.tgz. Extracting by manifest.
1818 silly tarball no local data for hermes-parser@https://registry.npmjs.org/hermes-parser/-/hermes-parser-0.36.0.tgz. Extracting by manifest.
1819 silly tarball no local data for semver@https://registry.npmjs.org/semver/-/semver-7.8.5.tgz. Extracting by manifest.
1820 silly tarball no local data for yaml@https://registry.npmjs.org/yaml/-/yaml-1.10.3.tgz. Extracting by manifest.
1821 silly tarball no local data for uuid@https://registry.npmjs.org/uuid/-/uuid-3.4.0.tgz. Extracting by manifest.
1822 silly tarball no local data for metro-transform-worker@https://registry.npmjs.org/metro-transform-worker/-/metro-transform-worker-0.84.5.tgz. Extracting by manifest.
1823 silly tarball no local data for metro-symbolicate@https://registry.npmjs.org/metro-symbolicate/-/metro-symbolicate-0.84.5.tgz. Extracting by manifest.
1824 silly tarball no local data for babel-plugin-syntax-hermes-parser@https://registry.npmjs.org/babel-plugin-syntax-hermes-parser/-/babel-plugin-syntax-hermes-parser-0.36.0.tgz. Extracting by manifest.
1825 silly tarball no local data for ob1@https://registry.npmjs.org/ob1/-/ob1-0.84.5.tgz. Extracting by manifest.
1826 silly tarball no local data for metro-source-map@https://registry.npmjs.org/metro-source-map/-/metro-source-map-0.84.5.tgz. Extracting by manifest.
1827 silly tarball no local data for hermes-estree@https://registry.npmjs.org/hermes-estree/-/hermes-estree-0.36.0.tgz. Extracting by manifest.
1828 silly tarball no local data for metro-transform-plugins@https://registry.npmjs.org/metro-transform-plugins/-/metro-transform-plugins-0.84.5.tgz. Extracting by manifest.
1829 silly tarball no local data for metro-core@https://registry.npmjs.org/metro-core/-/metro-core-0.84.5.tgz. Extracting by manifest.
1830 silly tarball no local data for metro-resolver@https://registry.npmjs.org/metro-resolver/-/metro-resolver-0.84.5.tgz. Extracting by manifest.
1831 silly tarball no local data for metro-runtime@https://registry.npmjs.org/metro-runtime/-/metro-runtime-0.84.5.tgz. Extracting by manifest.
1832 silly tarball no local data for metro-minify-terser@https://registry.npmjs.org/metro-minify-terser/-/metro-minify-terser-0.84.5.tgz. Extracting by manifest.
1833 silly tarball no local data for metro-config@https://registry.npmjs.org/metro-config/-/metro-config-0.84.5.tgz. Extracting by manifest.
1834 silly tarball no local data for metro@https://registry.npmjs.org/metro/-/metro-0.84.5.tgz. Extracting by manifest.
1835 silly tarball no local data for metro-cache-key@https://registry.npmjs.org/metro-cache-key/-/metro-cache-key-0.84.5.tgz. Extracting by manifest.
1836 silly tarball no local data for metro-file-map@https://registry.npmjs.org/metro-file-map/-/metro-file-map-0.84.5.tgz. Extracting by manifest.
1837 silly tarball no local data for metro-babel-transformer@https://registry.npmjs.org/metro-babel-transformer/-/metro-babel-transformer-0.84.5.tgz. Extracting by manifest.
1838 silly tarball no local data for metro-cache@https://registry.npmjs.org/metro-cache/-/metro-cache-0.84.5.tgz. Extracting by manifest.
1839 silly tarball no local data for semver@https://registry.npmjs.org/semver/-/semver-7.8.5.tgz. Extracting by manifest.
1840 silly tarball no local data for hermes-estree@https://registry.npmjs.org/hermes-estree/-/hermes-estree-0.36.0.tgz. Extracting by manifest.
1841 silly tarball no local data for hermes-estree@https://registry.npmjs.org/hermes-estree/-/hermes-estree-0.35.0.tgz. Extracting by manifest.
1842 silly tarball no local data for hermes-parser@https://registry.npmjs.org/hermes-parser/-/hermes-parser-0.35.0.tgz. Extracting by manifest.
1843 silly tarball no local data for semver@https://registry.npmjs.org/semver/-/semver-7.8.5.tgz. Extracting by manifest.
1844 silly tarball no local data for minimatch@https://registry.npmjs.org/minimatch/-/minimatch-10.2.6.tgz. Extracting by manifest.
1845 silly tarball no local data for brace-expansion@https://registry.npmjs.org/brace-expansion/-/brace-expansion-5.0.9.tgz. Extracting by manifest.
1846 silly tarball no local data for semver@https://registry.npmjs.org/semver/-/semver-7.8.5.tgz. Extracting by manifest.
1847 silly tarball no local data for semver@https://registry.npmjs.org/semver/-/semver-7.8.5.tgz. Extracting by manifest.
1848 silly tarball no local data for debug@https://registry.npmjs.org/debug/-/debug-3.2.7.tgz. Extracting by manifest.
1849 silly tarball no local data for balanced-match@https://registry.npmjs.org/balanced-match/-/balanced-match-4.0.4.tgz. Extracting by manifest.
1850 silly tarball no local data for resolve@https://registry.npmjs.org/resolve/-/resolve-1.22.12.tgz. Extracting by manifest.
1851 silly tarball no local data for eslint-visitor-keys@https://registry.npmjs.org/eslint-visitor-keys/-/eslint-visitor-keys-3.4.3.tgz. Extracting by manifest.
1852 http fetch GET 200 https://registry.npmjs.org/wrappy/-/wrappy-1.0.2.tgz 580ms (cache miss)
1853 http fetch GET 200 https://registry.npmjs.org/xmlhttprequest-ssl/-/xmlhttprequest-ssl-2.1.2.tgz 580ms (cache miss)
1854 http fetch GET 200 https://registry.npmjs.org/xml2js/-/xml2js-0.6.0.tgz 581ms (cache miss)
1855 http fetch GET 200 https://registry.npmjs.org/yocto-queue/-/yocto-queue-0.1.0.tgz 679ms (cache miss)
1856 http fetch GET 200 https://registry.npmjs.org/zod-validation-error/-/zod-validation-error-4.0.2.tgz 680ms (cache miss)
1857 http fetch GET 200 https://registry.npmjs.org/yargs-parser/-/yargs-parser-21.1.1.tgz 852ms (cache miss)
1858 http fetch GET 200 https://registry.npmjs.org/xmlbuilder/-/xmlbuilder-15.1.1.tgz 855ms (cache miss)
1859 http fetch GET 200 https://registry.npmjs.org/yargs/-/yargs-17.7.2.tgz 1022ms (cache miss)
1860 http fetch GET 200 https://registry.npmjs.org/yallist/-/yallist-3.1.1.tgz 1038ms (cache miss)
1861 http fetch GET 200 https://registry.npmjs.org/xcode/-/xcode-3.0.1.tgz 1048ms (cache miss)
1862 http fetch GET 200 https://registry.npmjs.org/which-collection/-/which-collection-1.0.2.tgz 1373ms (cache miss)
1863 http fetch GET 200 https://registry.npmjs.org/word-wrap/-/word-wrap-1.2.5.tgz 1415ms (cache miss)
1864 http fetch GET 200 https://registry.npmjs.org/ws/-/ws-7.5.10.tgz 1417ms (cache miss)
1865 http fetch GET 200 https://registry.npmjs.org/y18n/-/y18n-5.0.8.tgz 1441ms (cache miss)
1866 http fetch GET 200 https://registry.npmjs.org/which-builtin-type/-/which-builtin-type-1.2.1.tgz 1440ms (cache miss)
1867 http fetch POST 200 https://registry.npmjs.org/-/npm/v1/security/advisories/bulk 1598ms
1868 silly audit report {
1868 silly audit report   '@babel/core': [
1868 silly audit report     {
1868 silly audit report       id: 1123528,
1868 silly audit report       url: 'https://github.com/advisories/GHSA-4x5r-pxfx-6jf8',
1868 silly audit report       title: '@babel/core: Arbitrary File Read via sourceMappingURL Comment',
1868 silly audit report       severity: 'low',
1868 silly audit report       vulnerable_versions: '<=7.29.0',
1868 silly audit report       cwe: [Array],
1868 silly audit report       cvss: [Object]
1868 silly audit report     }
1868 silly audit report   ],
1868 silly audit report   'brace-expansion': [
1868 silly audit report     {
1868 silly audit report       id: 1130588,
1868 silly audit report       url: 'https://github.com/advisories/GHSA-mh99-v99m-4gvg',
1868 silly audit report       title: 'brace-expansion: DoS via unbounded expansion length causing an out-of-memory process crash',
1868 silly audit report       severity: 'high',
1868 silly audit report       vulnerable_versions: '<1.1.17',
1868 silly audit report       cwe: [Array],
1868 silly audit report       cvss: [Object]
1868 silly audit report     },
1868 silly audit report     {
1868 silly audit report       id: 1130591,
1868 silly audit report       url: 'https://github.com/advisories/GHSA-mh99-v99m-4gvg',
1868 silly audit report       title: 'brace-expansion: DoS via unbounded expansion length causing an out-of-memory process crash',
1868 silly audit report       severity: 'high',
1868 silly audit report       vulnerable_versions: '>=4.0.0 <5.0.8',
1868 silly audit report       cwe: [Array],
1868 silly audit report       cvss: [Object]
1868 silly audit report     },
1868 silly audit report     {
1868 silly audit report       id: 1130734,
1868 silly audit report       url: 'https://github.com/advisories/GHSA-rgw5-rvv9-x895',
1868 silly audit report       title: 'brace-expansion: DoS via unbounded intermediate arrays, bypassing the CVE-2026-14257 mitigation',
1868 silly audit report       severity: 'high',
1868 silly audit report       vulnerable_versions: '>=4.0.0 <5.0.9',
1868 silly audit report       cwe: [Array],
1868 silly audit report       cvss: [Object]
1868 silly audit report     },
1868 silly audit report     {
1868 silly audit report       id: 1130737,
1868 silly audit report       url: 'https://github.com/advisories/GHSA-rgw5-rvv9-x895',
1868 silly audit report       title: 'brace-expansion: DoS via unbounded intermediate arrays, bypassing the CVE-2026-14257 mitigation',
1868 silly audit report       severity: 'high',
1868 silly audit report       vulnerable_versions: '<1.1.18',
1868 silly audit report       cwe: [Array],
1868 silly audit report       cvss: [Object]
1868 silly audit report     },
1868 silly audit report     {
1868 silly audit report       id: 1123897,
1868 silly audit report       url: 'https://github.com/advisories/GHSA-3jxr-9vmj-r5cp',
1868 silly audit report       title: 'brace-expansion: DoS via exponential-time expansion of consecutive non-expanding {} groups',
1868 silly audit report       severity: 'high',
1868 silly audit report       vulnerable_versions: '<1.1.16',
1868 silly audit report       cwe: [Array],
1868 silly audit report       cvss: [Object]
1868 silly audit report     },
1868 silly audit report     {
1868 silly audit report       id: 1123898,
1868 silly audit report       url: 'https://github.com/advisories/GHSA-3jxr-9vmj-r5cp',
1868 silly audit report       title: 'brace-expansion: DoS via exponential-time expansion of consecutive non-expanding {} groups',
1868 silly audit report       severity: 'high',
1868 silly audit report       vulnerable_versions: '>=3.0.0 <5.0.7',
1868 silly audit report       cwe: [Array],
1868 silly audit report       cvss: [Object]
1868 silly audit report     }
1868 silly audit report   ],
1868 silly audit report   uuid: [
1868 silly audit report     {
1868 silly audit report       id: 1119441,
1868 silly audit report       url: 'https://github.com/advisories/GHSA-w5hq-g745-h8pq',
1868 silly audit report       title: 'uuid: Missing buffer bounds check in v3/v5/v6 when buf is provided',
1868 silly audit report       severity: 'moderate',
1868 silly audit report       vulnerable_versions: '<11.1.1',
1868 silly audit report       cwe: [Array],
1868 silly audit report       cvss: [Object]
1868 silly audit report     }
1868 silly audit report   ],
1868 silly audit report   '@xmldom/xmldom': [
1868 silly audit report     {
1868 silly audit report       id: 1158517,
1868 silly audit report       url: 'https://github.com/advisories/GHSA-6gmq-8vp8-gcm6',
1868 silly audit report       title: 'xmldom: XML fragment injection via invalid EntityReference.nodeName during requireWellFormed serialization',
1868 silly audit report       severity: 'moderate',
1868 silly audit report       vulnerable_versions: '>=0.9.0 <=0.9.11',
1868 silly audit report       cwe: [Array],
1868 silly audit report       cvss: [Object]
1868 silly audit report     },
1868 silly audit report     {
1868 silly audit report       id: 1158518,
1868 silly audit report       url: 'https://github.com/advisories/GHSA-6gmq-8vp8-gcm6',
1868 silly audit report       title: 'xmldom: XML fragment injection via invalid EntityReference.nodeName during requireWellFormed serialization',
1868 silly audit report       severity: 'moderate',
1868 silly audit report       vulnerable_versions: '>=0.7.0 <=0.8.14',
1868 silly audit report       cwe: [Array],
1868 silly audit report       cvss: [Object]
1868 silly audit report     },
1868 silly audit report     {
1868 silly audit report       id: 1193671,
1868 silly audit report       url: 'https://github.com/advisories/GHSA-6mj3-qw4j-hgrw',
1868 silly audit report       title: 'xmldom: HTML raw-text closing-tag case mismatch causes output amplification',
1868 silly audit report       severity: 'high',
1868 silly audit report       vulnerable_versions: '>=0.9.0-beta.1 <=0.9.11',
1868 silly audit report       cwe: [Array],
1868 silly audit report       cvss: [Object]
1868 silly audit report     },
1868 silly audit report     {
1868 silly audit report       id: 1193687,
1868 silly audit report       url: 'https://github.com/advisories/GHSA-g53g-w8rj-fmg7',
1868 silly audit report       title: 'xmldom PI grammar regex ReDoS: quadratic backtracking on unterminated processing instructions',
1868 silly audit report       severity: 'high',
1868 silly audit report       vulnerable_versions: '>=0.9.0-beta.9 <=0.9.10',
1868 silly audit report       cwe: [Array],
1868 silly audit report       cvss: [Object]
1868 silly audit report     },
1868 silly audit report     {
1868 silly audit report       id: 1193689,
1868 silly audit report       url: 'https://github.com/advisories/GHSA-w2rr-34g9-rvrj',
1868 silly audit report       title: 'xmldom: Element name injection via createElement() bypasses requireWellFormed',
1868 silly audit report       severity: 'high',
1868 silly audit report       vulnerable_versions: '>=0.7.0 <=0.8.13',
1868 silly audit report       cwe: [Array],
1868 silly audit report       cvss: [Object]
1868 silly audit report     },
1868 silly audit report     {
1868 silly audit report       id: 1193690,
1868 silly audit report       url: 'https://github.com/advisories/GHSA-w2rr-34g9-rvrj',
1868 silly audit report       title: 'xmldom: Element name injection via createElement() bypasses requireWellFormed',
1868 silly audit report       severity: 'high',
1868 silly audit report       vulnerable_versions: '>=0.9.0 <=0.9.10',
1868 silly audit report       cwe: [Array],
1868 silly audit report       cvss: [Object]
1868 silly audit report     },
1868 silly audit report     {
1868 silly audit report       id: 1193692,
1868 silly audit report       url: 'https://github.com/advisories/GHSA-4w3w-2rp5-g8jm',
1868 silly audit report       title: 'xmldom: Attribute name injection via setAttribute() bypasses requireWellFormed',
1868 silly audit report       severity: 'high',
1868 silly audit report       vulnerable_versions: '>=0.7.0 <=0.8.13',
1868 silly audit report       cwe: [Array],
1868 silly audit report       cvss: [Object]
1868 silly audit report     },
1868 silly audit report     {
1868 silly audit report       id: 1193693,
1868 silly audit report       url: 'https://github.com/advisories/GHSA-4w3w-2rp5-g8jm',
1868 silly audit report       title: 'xmldom: Attribute name injection via setAttribute() bypasses requireWellFormed',
1868 silly audit report       severity: 'high',
1868 silly audit report       vulnerable_versions: '>=0.9.0 <=0.9.10',
1868 silly audit report       cwe: [Array],
1868 silly audit report       cvss: [Object]
1868 silly audit report     },
1868 silly audit report     {
1868 silly audit report       id: 1193695,
1868 silly audit report       url: 'https://github.com/advisories/GHSA-c7q8-3ch8-vqpv',
1868 silly audit report       title: 'xmldom: Processing Instruction Target Injection Bypasses requireWellFormed',
1868 silly audit report       severity: 'high',
1868 silly audit report       vulnerable_versions: '>=0.9.0 <=0.9.11',
1868 silly audit report       cwe: [Array],
1868 silly audit report       cvss: [Object]
1868 silly audit report     },
1868 silly audit report     {
1868 silly audit report       id: 1193696,
1868 silly audit report       url: 'https://github.com/advisories/GHSA-c7q8-3ch8-vqpv',
1868 silly audit report       title: 'xmldom: Processing Instruction Target Injection Bypasses requireWellFormed',
1868 silly audit report       severity: 'high',
1868 silly audit report       vulnerable_versions: '>=0.7.0 <=0.8.14',
1868 silly audit report       cwe: [Array],
1868 silly audit report       cvss: [Object]
1868 silly audit report     },
1868 silly audit report     {
1868 silly audit report       id: 1193699,
1868 silly audit report       url: 'https://github.com/advisories/GHSA-27p8-2357-5qqv',
1868 silly audit report       title: 'xmldom: DocType `name` Injection Bypasses requireWellFormed',
1868 silly audit report       severity: 'high',
1868 silly audit report       vulnerable_versions: '>=0.9.0 <=0.9.11',
1868 silly audit report       cwe: [Array],
1868 silly audit report       cvss: [Object]
1868 silly audit report     },
1868 silly audit report     {
1868 silly audit report       id: 1193700,
1868 silly audit report       url: 'https://github.com/advisories/GHSA-27p8-2357-5qqv',
1868 silly audit report       title: 'xmldom: DocType `name` Injection Bypasses requireWellFormed',
1868 silly audit report       severity: 'high',
1868 silly audit report       vulnerable_versions: '>=0.7.0 <=0.8.14',
1868 silly audit report       cwe: [Array],
1868 silly audit report       cvss: [Object]
1868 silly audit report     },
1868 silly audit report     {
1868 silly audit report       id: 1193701,
1868 silly audit report       url: 'https://github.com/advisories/GHSA-3px3-54cx-rmw9',
1868 silly audit report       title: 'xmldom: Creation-time XML Name/QName validation is bypassable via an embedded line terminator, allowing injection on the default serialization path',
1868 silly audit report       severity: 'high',
1868 silly audit report       vulnerable_versions: '>=0.9.0 <=0.9.11',
1868 silly audit report       cwe: [Array],
1868 silly audit report       cvss: [Object]
1868 silly audit report     },
1868 silly audit report     {
1868 silly audit report       id: 1193702,
1868 silly audit report       url: 'https://github.com/advisories/GHSA-vr34-hp96-76pp',
1868 silly audit report       title: 'xmldom: requireWellFormed DocType publicId/systemId validation is bypassable via an embedded line terminator',
1868 silly audit report       severity: 'high',
1868 silly audit report       vulnerable_versions: '>=0.9.10 <=0.9.11',
1868 silly audit report       cwe: [Array],
1868 silly audit report       cvss: [Object]
1868 silly audit report     },
1868 silly audit report     {
1868 silly audit report       id: 1193704,
1868 silly audit report       url: 'https://github.com/advisories/GHSA-6h8r-xr42-gp59',
1868 silly audit report       title: 'xmldom: Parser silently accepts a not-well-formed end tag whose name is followed by a line break and trailing content',
1868 silly audit report       severity: 'moderate',
1868 silly audit report       vulnerable_versions: '>=0.9.0 <=0.9.11',
1868 silly audit report       cwe: [Array],
1868 silly audit report       cvss: [Object]
1868 silly audit report     },
1868 silly audit report     {
1868 silly audit report       id: 1193705,
1868 silly audit report       url: 'https://github.com/advisories/GHSA-6h8r-xr42-gp59',
1868 silly audit report       title: 'xmldom: Parser silently accepts a not-well-formed end tag whose name is followed by a line break and trailing content',
1868 silly audit report       severity: 'moderate',
1868 silly audit report       vulnerable_versions: '>=0.7.0 <=0.8.14',
1868 silly audit report       cwe: [Array],
1868 silly audit report       cvss: [Object]
1868 silly audit report     },
1868 silly audit report     {
1868 silly audit report       id: 1193707,
1868 silly audit report       url: 'https://github.com/advisories/GHSA-8344-3jmq-59r6',
1868 silly audit report       title: 'xmldom: Quadratic-time attribute deduplication',
1868 silly audit report       severity: 'high',
1868 silly audit report       vulnerable_versions: '>=0.9.0 <=0.9.11',
1868 silly audit report       cwe: [Array],
1868 silly audit report       cvss: [Object]
1868 silly audit report     },
1868 silly audit report     {
1868 silly audit report       id: 1193708,
1868 silly audit report       url: 'https://github.com/advisories/GHSA-8344-3jmq-59r6',
1868 silly audit report       title: 'xmldom: Quadratic-time attribute deduplication',
1868 silly audit report       severity: 'high',
1868 silly audit report       vulnerable_versions: '>=0.7.0 <=0.8.14',
1868 silly audit report       cwe: [Array],
1868 silly audit report       cvss: [Object]
1868 silly audit report     },
1868 silly audit report     {
1868 silly audit report       id: 1193709,
1868 silly audit report       url: 'https://github.com/advisories/GHSA-x4fp-j954-r2f4',
1868 silly audit report       title: 'xmldom: End-tag Whitespace-Trim Regex ReDoS — quadratic backtracking in the 0.8.x end-tag parser',
1868 silly audit report       severity: 'high',
1868 silly audit report       vulnerable_versions: '>=0.7.0 <=0.8.14',
1868 silly audit report       cwe: [Array],
1868 silly audit report       cvss: [Object]
1868 silly audit report     },
1868 silly audit report     {
1868 silly audit report       id: 1193711,
1868 silly audit report       url: 'https://github.com/advisories/GHSA-965w-775f-mr7g',
1868 silly audit report       title: 'xmldom: Quadratic-memory consumption',
1868 silly audit report       severity: 'high',
1868 silly audit report       vulnerable_versions: '>=0.9.0 <=0.9.11',
1868 silly audit report       cwe: [Array],
1868 silly audit report       cvss: [Object]
1868 silly audit report     },
1868 silly audit report     {
1868 silly audit report       id: 1193712,
1868 silly audit report       url: 'https://github.com/advisories/GHSA-965w-775f-mr7g',
1868 silly audit report       title: 'xmldom: Quadratic-memory consumption',
1868 silly audit report       severity: 'high',
1868 silly audit report       vulnerable_versions: '>=0.7.0 <=0.8.14',
1868 silly audit report       cwe: [Array],
1868 silly audit report       cvss: [Object]
1868 silly audit report     },
1868 silly audit report     {
1868 silly audit report       id: 1193714,
1868 silly audit report       url: 'https://github.com/advisories/GHSA-93r5-fhx6-vmg9',
1868 silly audit report       title: 'xmldom: Quadratic-time parsing via the malformed-input recovery path — `parseElementStartPart` re-scan and `normalize()` adjacent-text merge',
1868 silly audit report       severity: 'high',
1868 silly audit report       vulnerable_versions: '>=0.9.0 <=0.9.11',
1868 silly audit report       cwe: [Array],
1868 silly audit report       cvss: [Object]
1868 silly audit report     },
1868 silly audit report     {
1868 silly audit report       id: 1193715,
1868 silly audit report       url: 'https://github.com/advisories/GHSA-93r5-fhx6-vmg9',
1868 silly audit report       title: 'xmldom: Quadratic-time parsing via the malformed-input recovery path — `parseElementStartPart` re-scan and `normalize()` adjacent-text merge',
1868 silly audit report       severity: 'high',
1868 silly audit report       vulnerable_versions: '>=0.7.0 <=0.8.14',
1868 silly audit report       cwe: [Array],
1868 silly audit report       cvss: [Object]
1868 silly audit report     }
1868 silly audit report   ],
1868 silly audit report   'decode-uri-component': [
1868 silly audit report     {
1868 silly audit report       id: 1147955,
1868 silly audit report       url: 'https://github.com/advisories/GHSA-vcc3-ghjq-m6fr',
1868 silly audit report       title: 'decode-uri-component: Denial of service via exponential decoding of malformed percent-encoded input',
1868 silly audit report       severity: 'moderate',
1868 silly audit report       vulnerable_versions: '<=0.4.2',
1868 silly audit report       cwe: [Array],
1868 silly audit report       cvss: [Object]
1868 silly audit report     }
1868 silly audit report   ],
1868 silly audit report   ws: [
1868 silly audit report     {
1868 silly audit report       id: 1123260,
1868 silly audit report       url: 'https://github.com/advisories/GHSA-96hv-2xvq-fx4p',
1868 silly audit report       title: 'ws: Memory exhaustion DoS from tiny fragments and data chunks',
1868 silly audit report       severity: 'high',
1868 silly audit report       vulnerable_versions: '>=7.0.0 <7.5.11',
1868 silly audit report       cwe: [Array],
1868 silly audit report       cvss: [Object]
1868 silly audit report     }
1868 silly audit report   ],
1868 silly audit report   'js-yaml': [
1868 silly audit report     {
1868 silly audit report       id: 1121860,
1868 silly audit report       url: 'https://github.com/advisories/GHSA-h67p-54hq-rp68',
1868 silly audit report       title: 'JS-YAML: Quadratic-complexity DoS in merge key handling via repeated aliases',
1868 silly audit report       severity: 'moderate',
1868 silly audit report       vulnerable_versions: '>=4.0.0 <=4.1.1',
1868 silly audit report       cwe: [Array],
1868 silly audit report       cvss: [Object]
1868 silly audit report     },
1868 silly audit report     {
1868 silly audit report       id: 1123911,
1868 silly audit report       url: 'https://github.com/advisories/GHSA-52cp-r559-cp3m',
1868 silly audit report       title: 'js-yaml: YAML merge-key chains can force quadratic CPU consumption',
1868 silly audit report       severity: 'high',
1868 silly audit report       vulnerable_versions: '>=4.0.0 <4.3.0',
1868 silly audit report       cwe: [Array],
1868 silly audit report       cvss: [Object]
1868 silly audit report     },
1868 silly audit report     {
1868 silly audit report       id: 1138115,
1868 silly audit report       url: 'https://github.com/advisories/GHSA-5p4m-2wfm-xmqj',
1868 silly audit report       title: 'JS-YAML: Quadratic CPU consumption in !!omap resolution (3.x and 4.x) — CVE-2026-59870 fix not backported',
1868 silly audit report       severity: 'high',
1868 silly audit report       vulnerable_versions: '>=4.0.0 <4.3.1',
1868 silly audit report       cwe: [Array],
1868 silly audit report       cvss: [Object]
1868 silly audit report     },
1868 silly audit report     {
1868 silly audit report       id: 1193727,
1868 silly audit report       url: 'https://github.com/advisories/GHSA-2883-xcg3-v3hh',
1868 silly audit report       title: 'js-yaml: maxTotalMergeKeys does not limit CPU use for empty merge sources',
1868 silly audit report       severity: 'high',
1868 silly audit report       vulnerable_versions: '>=4.0.0 <4.3.2',
1868 silly audit report       cwe: [Array],
1868 silly audit report       cvss: [Object]
1868 silly audit report     }
1868 silly audit report   ],
1868 silly audit report   'shell-quote': [
1868 silly audit report     {
1868 silly audit report       id: 1120422,
1868 silly audit report       url: 'https://github.com/advisories/GHSA-w7jw-789q-3m8p',
1868 silly audit report       title: 'shell-quote quote() does not escape newlines in object .op values',
1868 silly audit report       severity: 'critical',
1868 silly audit report       vulnerable_versions: '>=1.1.0 <=1.8.3',
1868 silly audit report       cwe: [Array],
1868 silly audit report       cvss: [Object]
1868 silly audit report     },
1868 silly audit report     {
1868 silly audit report       id: 1123944,
1868 silly audit report       url: 'https://github.com/advisories/GHSA-395f-4hp3-45gv',
1868 silly audit report       title: 'shell-quote: Quadratic-complexity Denial of Service in `parse()` (CWE-407)',
1868 silly audit report       severity: 'high',
1868 silly audit report       vulnerable_versions: '<=1.8.4',
1868 silly audit report       cwe: [Array],
1868 silly audit report       cvss: [Object]
1868 silly audit report     }
1868 silly audit report   ],
1868 silly audit report   'socket.io-parser': [
1868 silly audit report     {
1868 silly audit report       id: 1130713,
1868 silly audit report       url: 'https://github.com/advisories/GHSA-2m8v-j782-fhvr',
1868 silly audit report       title: 'Socket.IO: Zero-attachment Memory Exhaustion',
1868 silly audit report       severity: 'high',
1868 silly audit report       vulnerable_versions: '>=4.0.0 <4.2.7',
1868 silly audit report       cwe: [Array],
1868 silly audit report       cvss: [Object]
1868 silly audit report     }
1868 silly audit report   ]
1868 silly audit report }
1869 silly packumentCache corgi:https://registry.npmjs.org/@babel%2fcore cache-miss
1870 silly packumentCache corgi:https://registry.npmjs.org/brace-expansion cache-miss
1871 silly packumentCache corgi:https://registry.npmjs.org/uuid cache-miss
1872 silly packumentCache corgi:https://registry.npmjs.org/@xmldom%2fxmldom cache-miss
1873 silly packumentCache corgi:https://registry.npmjs.org/decode-uri-component cache-miss
1874 silly packumentCache corgi:https://registry.npmjs.org/ws cache-miss
1875 silly packumentCache corgi:https://registry.npmjs.org/js-yaml cache-miss
1876 silly packumentCache corgi:https://registry.npmjs.org/shell-quote cache-miss
1877 silly packumentCache corgi:https://registry.npmjs.org/socket.io-parser cache-miss
1878 http fetch GET 200 https://registry.npmjs.org/wrap-ansi/-/wrap-ansi-7.0.0.tgz 1474ms (cache miss)
1879 http fetch GET 200 https://registry.npmjs.org/which-typed-array/-/which-typed-array-1.1.20.tgz 1566ms (cache miss)
1880 http fetch GET 200 https://registry.npmjs.org/whatwg-url-minimum/-/whatwg-url-minimum-0.1.2.tgz 1626ms (cache miss)
1881 http fetch GET 200 https://registry.npmjs.org/whatwg-url/-/whatwg-url-5.0.0.tgz 1694ms (cache miss)
1882 http fetch GET 200 https://registry.npmjs.org/whatwg-fetch/-/whatwg-fetch-3.6.20.tgz 1694ms (cache miss)
1883 http fetch GET 200 https://registry.npmjs.org/which/-/which-2.0.2.tgz 1694ms (cache miss)
1884 http fetch GET 200 https://registry.npmjs.org/webidl-conversions/-/webidl-conversions-3.0.1.tgz 2020ms (cache miss)
1885 http fetch GET 200 https://registry.npmjs.org/wcwidth/-/wcwidth-1.0.1.tgz 2074ms (cache miss)
1886 http fetch GET 200 https://registry.npmjs.org/walker/-/walker-1.0.8.tgz 2075ms (cache miss)
1887 http fetch GET 200 https://registry.npmjs.org/vlq/-/vlq-1.0.1.tgz 2075ms (cache miss)
1888 http fetch GET 200 https://registry.npmjs.org/warn-once/-/warn-once-0.1.1.tgz 2108ms (cache miss)
1889 http fetch GET 200 https://registry.npmjs.org/vaul/-/vaul-1.1.2.tgz 2110ms (cache miss)
1890 http fetch GET 200 https://registry.npmjs.org/which-boxed-primitive/-/which-boxed-primitive-1.1.1.tgz 2146ms (cache miss)
1891 http fetch GET 200 https://registry.npmjs.org/vary/-/vary-1.1.2.tgz 2179ms (cache miss)
1892 http fetch GET 200 https://registry.npmjs.org/uuid/-/uuid-7.0.3.tgz 2193ms (cache miss)
1893 warn deprecated uuid@7.0.3: uuid@10 and below is no longer supported.  For ESM codebases, update to uuid@latest.  For CommonJS codebases, use uuid@11 (but be aware this version will likely be deprecated in 2028).
1894 http fetch GET 200 https://registry.npmjs.org/utils-merge/-/utils-merge-1.0.1.tgz 2202ms (cache miss)
1895 http fetch GET 200 https://registry.npmjs.org/validate-npm-package-name/-/validate-npm-package-name-5.0.1.tgz 2203ms (cache miss)
1896 http fetch GET 200 https://registry.npmjs.org/use-sidecar/-/use-sidecar-1.1.3.tgz 2206ms (cache miss)
1897 http fetch GET 200 https://registry.npmjs.org/yaml/-/yaml-2.9.0.tgz 2254ms (cache miss)
1898 http fetch GET 200 https://registry.npmjs.org/use-latest-callback/-/use-latest-callback-0.2.6.tgz 2329ms (cache miss)
1899 http fetch GET 200 https://registry.npmjs.org/update-browserslist-db/-/update-browserslist-db-1.3.3.tgz 2363ms (cache miss)
1900 http fetch GET 200 https://registry.npmjs.org/unrs-resolver/-/unrs-resolver-1.11.1.tgz 2408ms (cache miss)
1901 http fetch GET 200 https://registry.npmjs.org/unicode-property-aliases-ecmascript/-/unicode-property-aliases-ecmascript-2.2.0.tgz 2408ms (cache miss)
1902 http fetch GET 200 https://registry.npmjs.org/use-callback-ref/-/use-callback-ref-1.3.3.tgz 2420ms (cache miss)
1903 http fetch GET 200 https://registry.npmjs.org/unicode-match-property-value-ecmascript/-/unicode-match-property-value-ecmascript-2.2.1.tgz 2490ms (cache miss)
1904 http fetch GET 200 https://registry.npmjs.org/unicode-canonical-property-names-ecmascript/-/unicode-canonical-property-names-ecmascript-2.0.1.tgz 2537ms (cache miss)
1905 http fetch GET 200 https://registry.npmjs.org/unicode-match-property-ecmascript/-/unicode-match-property-ecmascript-2.0.0.tgz 2536ms (cache miss)
1906 http fetch GET 200 https://registry.npmjs.org/unpipe/-/unpipe-1.0.0.tgz 2536ms (cache miss)
1907 http fetch GET 200 https://registry.npmjs.org/typed-array-byte-length/-/typed-array-byte-length-1.0.3.tgz 2549ms (cache miss)
1908 http fetch GET 200 https://registry.npmjs.org/undici-types/-/undici-types-7.19.2.tgz 2551ms (cache miss)
1909 http fetch GET 200 https://registry.npmjs.org/ua-parser-js/-/ua-parser-js-1.0.41.tgz 2747ms (cache miss)
1910 http fetch GET 200 https://registry.npmjs.org/typed-array-buffer/-/typed-array-buffer-1.0.3.tgz 2798ms (cache miss)
1911 http fetch GET 200 https://registry.npmjs.org/typed-array-byte-offset/-/typed-array-byte-offset-1.0.4.tgz 2872ms (cache miss)
1912 http fetch GET 200 https://registry.npmjs.org/typed-array-length/-/typed-array-length-1.0.7.tgz 2871ms (cache miss)
1913 http fetch GET 200 https://registry.npmjs.org/tsconfig-paths/-/tsconfig-paths-3.15.0.tgz 2998ms (cache miss)
1914 http fetch GET 200 https://registry.npmjs.org/tslib/-/tslib-2.8.1.tgz 3019ms (cache miss)
1915 http fetch GET 200 https://registry.npmjs.org/uri-js/-/uri-js-4.4.1.tgz 3023ms (cache miss)
1916 http fetch GET 200 https://registry.npmjs.org/unbox-primitive/-/unbox-primitive-1.1.0.tgz 3086ms (cache miss)
1917 http fetch GET 200 https://registry.npmjs.org/type-check/-/type-check-0.4.0.tgz 3086ms (cache miss)
1918 http fetch GET 200 https://registry.npmjs.org/type-fest/-/type-fest-0.7.1.tgz 3101ms (cache miss)
1919 http fetch GET 200 https://registry.npmjs.org/toidentifier/-/toidentifier-1.0.1.tgz 3118ms (cache miss)
1920 http fetch GET 200 https://registry.npmjs.org/to-regex-range/-/to-regex-range-5.0.1.tgz 3174ms (cache miss)
1921 http fetch GET 200 https://registry.npmjs.org/tinyglobby/-/tinyglobby-0.2.16.tgz 3320ms (cache miss)
1922 http fetch GET 200 https://registry.npmjs.org/tmpl/-/tmpl-1.0.5.tgz 3357ms (cache miss)
1923 http fetch GET 200 https://registry.npmjs.org/tr46/-/tr46-0.0.3.tgz 3403ms (cache miss)
1924 http fetch GET 200 https://registry.npmjs.org/throat/-/throat-5.0.0.tgz 3494ms (cache miss)
1925 http fetch GET 200 https://registry.npmjs.org/ts-api-utils/-/ts-api-utils-2.5.0.tgz 3495ms (cache miss)
1926 http fetch GET 200 https://registry.npmjs.org/terminal-link/-/terminal-link-2.1.1.tgz 3495ms (cache miss)
1927 http fetch GET 200 https://registry.npmjs.org/toqr/-/toqr-0.1.1.tgz 3496ms (cache miss)
1928 http fetch GET 200 https://registry.npmjs.org/tagged-tag/-/tagged-tag-1.0.0.tgz 3506ms (cache miss)
1929 http fetch GET 200 https://registry.npmjs.org/supports-hyperlinks/-/supports-hyperlinks-2.3.0.tgz 3564ms (cache miss)
1930 http fetch GET 200 https://registry.npmjs.org/supports-preserve-symlinks-flag/-/supports-preserve-symlinks-flag-1.0.0.tgz 3564ms (cache miss)
1931 http fetch GET 200 https://registry.npmjs.org/supports-color/-/supports-color-7.2.0.tgz 3581ms (cache miss)
1932 http fetch GET 200 https://registry.npmjs.org/styleq/-/styleq-0.1.3.tgz 3654ms (cache miss)
1933 http fetch GET 200 https://registry.npmjs.org/strip-bom/-/strip-bom-3.0.0.tgz 3655ms (cache miss)
1934 http fetch GET 200 https://registry.npmjs.org/strip-json-comments/-/strip-json-comments-3.1.1.tgz 3665ms (cache miss)
1935 http fetch GET 200 https://registry.npmjs.org/string.prototype.trimend/-/string.prototype.trimend-1.0.9.tgz 3687ms (cache miss)
1936 http fetch GET 200 https://registry.npmjs.org/string.prototype.trimstart/-/string.prototype.trimstart-1.0.8.tgz 3704ms (cache miss)
1937 http fetch GET 200 https://registry.npmjs.org/structured-headers/-/structured-headers-0.4.1.tgz 3705ms (cache miss)
1938 http fetch GET 200 https://registry.npmjs.org/strip-ansi/-/strip-ansi-6.0.1.tgz 3709ms (cache miss)
1939 http fetch GET 200 https://registry.npmjs.org/string.prototype.trim/-/string.prototype.trim-1.2.10.tgz 3713ms (cache miss)
1940 http fetch GET 200 https://registry.npmjs.org/strict-uri-encode/-/strict-uri-encode-2.0.0.tgz 3963ms (cache miss)
1941 http fetch GET 200 https://registry.npmjs.org/string.prototype.repeat/-/string.prototype.repeat-1.0.0.tgz 3964ms (cache miss)
1942 http fetch GET 200 https://registry.npmjs.org/string.prototype.matchall/-/string.prototype.matchall-4.0.12.tgz 3965ms (cache miss)
1943 http fetch GET 200 https://registry.npmjs.org/statuses/-/statuses-1.5.0.tgz 3982ms (cache miss)
1944 http fetch GET 200 https://registry.npmjs.org/string-width/-/string-width-4.2.3.tgz 3982ms (cache miss)
1945 http fetch GET 200 https://registry.npmjs.org/stop-iteration-iterator/-/stop-iteration-iterator-1.1.0.tgz 3982ms (cache miss)
1946 http fetch GET 200 https://registry.npmjs.org/standard-navigation/-/standard-navigation-0.0.5.tgz 3996ms (cache miss)
1947 http fetch GET 200 https://registry.npmjs.org/stackframe/-/stackframe-1.3.4.tgz 4005ms (cache miss)
1948 http fetch GET 200 https://registry.npmjs.org/split-on-first/-/split-on-first-1.1.0.tgz 4042ms (cache miss)
1949 http fetch GET 200 https://registry.npmjs.org/stable-hash/-/stable-hash-0.0.5.tgz 4054ms (cache miss)
1950 http fetch GET 200 https://registry.npmjs.org/stream-buffers/-/stream-buffers-2.2.0.tgz 4056ms (cache miss)
1951 http fetch GET 200 https://registry.npmjs.org/sisteransi/-/sisteransi-1.0.5.tgz 4223ms (cache miss)
1952 http fetch GET 200 https://registry.npmjs.org/stacktrace-parser/-/stacktrace-parser-0.1.11.tgz 4251ms (cache miss)
1953 http fetch GET 200 https://registry.npmjs.org/slugify/-/slugify-1.6.9.tgz 4251ms (cache miss)
1954 http fetch GET 200 https://registry.npmjs.org/socket.io-parser/-/socket.io-parser-4.2.6.tgz 4254ms (cache miss)
1955 http fetch GET 200 https://registry.npmjs.org/simple-plist/-/simple-plist-1.3.1.tgz 4277ms (cache miss)
1956 http fetch GET 200 https://registry.npmjs.org/source-map-support/-/source-map-support-0.5.21.tgz 4313ms (cache miss)
1957 http fetch GET 200 https://registry.npmjs.org/simple-swizzle/-/simple-swizzle-0.2.4.tgz 4480ms (cache miss)
1958 http fetch GET 200 https://registry.npmjs.org/side-channel-weakmap/-/side-channel-weakmap-1.0.2.tgz 4481ms (cache miss)
1959 http fetch GET 200 https://registry.npmjs.org/source-map-js/-/source-map-js-1.2.1.tgz 4483ms (cache miss)
1960 http fetch GET 200 https://registry.npmjs.org/zod/-/zod-3.25.76.tgz 4824ms (cache miss)
1961 http fetch GET 200 https://registry.npmjs.org/signal-exit/-/signal-exit-3.0.7.tgz 4827ms (cache miss)
1962 http fetch GET 200 https://registry.npmjs.org/side-channel-map/-/side-channel-map-1.0.1.tgz 4869ms (cache miss)
1963 http fetch GET 200 https://registry.npmjs.org/shell-quote/-/shell-quote-1.8.3.tgz 4871ms (cache miss)
1964 http fetch GET 200 https://registry.npmjs.org/side-channel-list/-/side-channel-list-1.0.1.tgz 4882ms (cache miss)
1965 http fetch GET 200 https://registry.npmjs.org/shebang-regex/-/shebang-regex-3.0.0.tgz 4889ms (cache miss)
1966 http fetch GET 200 https://registry.npmjs.org/shebang-command/-/shebang-command-2.0.0.tgz 4963ms (cache miss)
1967 http fetch GET 200 https://registry.npmjs.org/setprototypeof/-/setprototypeof-1.2.0.tgz 4963ms (cache miss)
1968 http fetch GET 200 https://registry.npmjs.org/side-channel/-/side-channel-1.1.0.tgz 4966ms (cache miss)
1969 http fetch GET 200 https://registry.npmjs.org/shallowequal/-/shallowequal-1.1.0.tgz 4976ms (cache miss)
1970 http fetch GET 200 https://registry.npmjs.org/set-function-length/-/set-function-length-1.2.2.tgz 5137ms (cache miss)
1971 http fetch GET 200 https://registry.npmjs.org/set-proto/-/set-proto-1.0.0.tgz 5157ms (cache miss)
1972 http fetch GET 200 https://registry.npmjs.org/server-only/-/server-only-0.0.1.tgz 5157ms (cache miss)
1973 http fetch GET 200 https://registry.npmjs.org/set-function-name/-/set-function-name-2.0.2.tgz 5158ms (cache miss)
1974 http fetch GET 200 https://registry.npmjs.org/source-map/-/source-map-0.5.7.tgz 5184ms (cache miss)
1975 http fetch GET 200 https://registry.npmjs.org/setimmediate/-/setimmediate-1.0.5.tgz 5184ms (cache miss)
1976 http fetch GET 200 https://registry.npmjs.org/sf-symbols-typescript/-/sf-symbols-typescript-2.2.0.tgz 5184ms (cache miss)
1977 http fetch GET 200 https://registry.npmjs.org/serialize-error/-/serialize-error-2.1.0.tgz 5214ms (cache miss)
1978 http fetch GET 200 https://registry.npmjs.org/scheduler/-/scheduler-0.27.0.tgz 5244ms (cache miss)
1979 http fetch GET 200 https://registry.npmjs.org/send/-/send-0.19.2.tgz 5255ms (cache miss)
1980 http fetch GET 200 https://registry.npmjs.org/serve-static/-/serve-static-1.16.3.tgz 5270ms (cache miss)
1981 http fetch GET 200 https://registry.npmjs.org/sax/-/sax-1.6.0.tgz 5384ms (cache miss)
1982 http fetch GET 200 https://registry.npmjs.org/safe-push-apply/-/safe-push-apply-1.0.0.tgz 5431ms (cache miss)
1983 http fetch GET 200 https://registry.npmjs.org/safe-regex-test/-/safe-regex-test-1.1.0.tgz 5431ms (cache miss)
1984 http fetch GET 200 https://registry.npmjs.org/sandbox-cli-detector/-/sandbox-cli-detector-0.2.0.tgz 5433ms (cache miss)
1985 http fetch GET 200 https://registry.npmjs.org/restore-cursor/-/restore-cursor-2.0.0.tgz 5454ms (cache miss)
1986 http fetch GET 200 https://registry.npmjs.org/safe-buffer/-/safe-buffer-5.2.1.tgz 5476ms (cache miss)
1987 http fetch GET 200 https://registry.npmjs.org/responselike/-/responselike-2.0.1.tgz 5476ms (cache miss)
1988 http fetch GET 200 https://registry.npmjs.org/resolve-workspace-root/-/resolve-workspace-root-2.0.1.tgz 5598ms (cache miss)
1989 http fetch GET 200 https://registry.npmjs.org/semver/-/semver-6.3.1.tgz 5599ms (cache miss)
1990 http fetch GET 200 https://registry.npmjs.org/resolve-alpn/-/resolve-alpn-1.2.1.tgz 5611ms (cache miss)
1991 http fetch GET 200 https://registry.npmjs.org/terser/-/terser-5.47.1.tgz 5696ms (cache miss)
1992 http fetch GET 200 https://registry.npmjs.org/resolve/-/resolve-2.0.0-next.6.tgz 5705ms (cache miss)
1993 http fetch GET 200 https://registry.npmjs.org/require-directory/-/require-directory-2.1.1.tgz 5709ms (cache miss)
1994 http fetch GET 200 https://registry.npmjs.org/resolve-pkg-maps/-/resolve-pkg-maps-1.0.0.tgz 5794ms (cache miss)
1995 http fetch GET 200 https://registry.npmjs.org/regjsgen/-/regjsgen-0.8.0.tgz 5794ms (cache miss)
1996 http fetch GET 200 https://registry.npmjs.org/regjsparser/-/regjsparser-0.13.1.tgz 5795ms (cache miss)
1997 http fetch GET 200 https://registry.npmjs.org/regenerator-runtime/-/regenerator-runtime-0.13.11.tgz 5811ms (cache miss)
1998 http fetch GET 200 https://registry.npmjs.org/regexpu-core/-/regexpu-core-6.4.0.tgz 5902ms (cache miss)
1999 http fetch GET 200 https://registry.npmjs.org/regexp.prototype.flags/-/regexp.prototype.flags-1.5.4.tgz 5903ms (cache miss)
2000 http fetch GET 200 https://registry.npmjs.org/socket.io-client/-/socket.io-client-4.8.3.tgz 5907ms (cache miss)
2001 http fetch GET 200 https://registry.npmjs.org/regenerate/-/regenerate-1.4.2.tgz 5918ms (cache miss)
2002 http fetch GET 200 https://registry.npmjs.org/resolve-from/-/resolve-from-5.0.0.tgz 5944ms (cache miss)
2003 http fetch GET 200 https://registry.npmjs.org/react-remove-scroll-bar/-/react-remove-scroll-bar-2.3.8.tgz 5944ms (cache miss)
2004 http fetch GET 200 https://registry.npmjs.org/react-refresh/-/react-refresh-0.14.2.tgz 5968ms (cache miss)
2005 http fetch GET 200 https://registry.npmjs.org/safe-array-concat/-/safe-array-concat-1.1.4.tgz 5972ms (cache miss)
2006 http fetch GET 200 https://registry.npmjs.org/react-remove-scroll/-/react-remove-scroll-2.7.2.tgz 6011ms (cache miss)
2007 http fetch GET 200 https://registry.npmjs.org/react-style-singleton/-/react-style-singleton-2.2.3.tgz 6022ms (cache miss)
2008 http fetch GET 200 https://registry.npmjs.org/reflect.getprototypeof/-/reflect.getprototypeof-1.0.10.tgz 6161ms (cache miss)
2009 http fetch GET 200 https://registry.npmjs.org/react-native-is-edge-to-edge/-/react-native-is-edge-to-edge-1.3.1.tgz 6290ms (cache miss)
2010 http fetch GET 200 https://registry.npmjs.org/react-native-safe-area-context/-/react-native-safe-area-context-5.7.0.tgz 6318ms (cache miss)
2011 http fetch GET 200 https://registry.npmjs.org/react-native-drawer-layout/-/react-native-drawer-layout-4.2.10.tgz 6324ms (cache miss)
2012 http fetch GET 200 https://registry.npmjs.org/react-fast-compare/-/react-fast-compare-3.2.2.tgz 6337ms (cache miss)
2013 http fetch GET 200 https://registry.npmjs.org/regenerate-unicode-properties/-/regenerate-unicode-properties-10.2.2.tgz 6428ms (cache miss)
2014 http fetch GET 200 https://registry.npmjs.org/react-is/-/react-is-19.2.6.tgz 7010ms (cache miss)
2015 http fetch GET 200 https://registry.npmjs.org/react-freeze/-/react-freeze-1.0.4.tgz 7022ms (cache miss)
2016 http fetch GET 200 https://registry.npmjs.org/react-native-worklets/-/react-native-worklets-0.10.1.tgz 7631ms (cache miss)
2017 http fetch GET 200 https://registry.npmjs.org/quick-lru/-/quick-lru-5.1.1.tgz 7733ms (cache miss)
2018 http fetch GET 200 https://registry.npmjs.org/react-native-webrtc/-/react-native-webrtc-124.0.5.tgz 8024ms (cache miss)
2019 http fetch GET 200 https://registry.npmjs.org/prop-types/-/prop-types-15.8.1.tgz 8113ms (cache miss)
2020 http fetch GET 200 https://registry.npmjs.org/react/-/react-19.2.3.tgz 8292ms (cache miss)
2021 http fetch GET 200 https://registry.npmjs.org/react-native-keyboard-controller/-/react-native-keyboard-controller-1.21.9.tgz 8483ms (cache miss)
2022 http fetch GET 200 https://registry.npmjs.org/punycode/-/punycode-2.3.1.tgz 8865ms (cache miss)
2023 http fetch GET 200 https://registry.npmjs.org/prompts/-/prompts-2.4.2.tgz 8959ms (cache miss)
2024 http fetch GET 200 https://registry.npmjs.org/query-string/-/query-string-7.1.3.tgz 9076ms (cache miss)
2025 http fetch GET 200 https://registry.npmjs.org/progress/-/progress-2.0.3.tgz 9290ms (cache miss)
2026 http fetch GET 200 https://registry.npmjs.org/promise/-/promise-8.3.0.tgz 9551ms (cache miss)
2027 http fetch GET 200 https://registry.npmjs.org/pretty-format/-/pretty-format-29.7.0.tgz 9928ms (cache miss)
2028 http fetch GET 200 https://registry.npmjs.org/proc-log/-/proc-log-4.2.0.tgz 9943ms (cache miss)
2029 http fetch GET 200 https://registry.npmjs.org/prelude-ls/-/prelude-ls-1.2.1.tgz 10103ms (cache miss)
2030 http fetch GET 200 https://registry.npmjs.org/range-parser/-/range-parser-1.2.1.tgz 10218ms (cache miss)
2031 http fetch GET 200 https://registry.npmjs.org/postcss/-/postcss-8.5.28.tgz 10359ms (cache miss)
2032 http fetch GET 200 https://registry.npmjs.org/postcss-value-parser/-/postcss-value-parser-4.2.0.tgz 10368ms (cache miss)
2033 http fetch GET 200 https://registry.npmjs.org/pump/-/pump-3.0.4.tgz 10687ms (cache miss)
2034 http fetch GET 200 https://registry.npmjs.org/possible-typed-array-names/-/possible-typed-array-names-1.1.0.tgz 10911ms (cache miss)
2035 http fetch GET 200 https://registry.npmjs.org/path-parse/-/path-parse-1.0.7.tgz 11210ms (cache miss)
2036 http fetch GET 200 https://registry.npmjs.org/picomatch/-/picomatch-4.0.4.tgz 11211ms (cache miss)
2037 http fetch GET 200 https://registry.npmjs.org/picocolors/-/picocolors-1.1.1.tgz 11253ms (cache miss)
2038 http fetch GET 200 https://registry.npmjs.org/pngjs/-/pngjs-3.4.0.tgz 11403ms (cache miss)
2039 http fetch GET 200 https://registry.npmjs.org/parseurl/-/parseurl-1.3.3.tgz 11441ms (cache miss)
2040 http fetch GET 200 https://registry.npmjs.org/path-key/-/path-key-3.1.1.tgz 11789ms (cache miss)
2041 http fetch GET 200 https://registry.npmjs.org/path-exists/-/path-exists-4.0.0.tgz 11936ms (cache miss)
2042 http fetch GET 200 https://registry.npmjs.org/react-native-web/-/react-native-web-0.21.2.tgz 12001ms (cache miss)
2043 http fetch GET 200 https://registry.npmjs.org/path-scurry/-/path-scurry-2.0.2.tgz 12315ms (cache miss)
2044 http fetch GET 200 https://registry.npmjs.org/p-limit/-/p-limit-3.1.0.tgz 12740ms (cache miss)
2045 http fetch GET 200 https://registry.npmjs.org/react-native-screens/-/react-native-screens-4.26.2.tgz 12792ms (cache miss)
2046 http fetch GET 200 https://registry.npmjs.org/parent-module/-/parent-module-1.0.1.tgz 12866ms (cache miss)
2047 http fetch GET 200 https://registry.npmjs.org/p-locate/-/p-locate-5.0.0.tgz 12914ms (cache miss)
2048 http fetch GET 200 https://registry.npmjs.org/zxing-wasm/-/zxing-wasm-3.1.3.tgz 12962ms (cache miss)
2049 http fetch GET 200 https://registry.npmjs.org/parse-png/-/parse-png-2.1.0.tgz 13123ms (cache miss)
2050 http fetch GET 200 https://registry.npmjs.org/plist/-/plist-3.1.1.tgz 13226ms (cache miss)
2051 http fetch GET 200 https://registry.npmjs.org/own-keys/-/own-keys-1.0.1.tgz 13615ms (cache miss)
2052 http fetch GET 200 https://registry.npmjs.org/open/-/open-7.4.2.tgz 13624ms (cache miss)
2053 http fetch GET 200 https://registry.npmjs.org/ora/-/ora-3.4.0.tgz 13630ms (cache miss)
2054 http fetch GET 200 https://registry.npmjs.org/p-cancelable/-/p-cancelable-2.1.1.tgz 13712ms (cache miss)
2055 http fetch GET 200 https://registry.npmjs.org/optionator/-/optionator-0.9.4.tgz 13867ms (cache miss)
2056 http fetch GET 200 https://registry.npmjs.org/on-headers/-/on-headers-1.1.0.tgz 13984ms (cache miss)
2057 http fetch GET 200 https://registry.npmjs.org/react-native-svg/-/react-native-svg-15.15.4.tgz 14093ms (cache miss)
2058 http fetch GET 200 https://registry.npmjs.org/on-finished/-/on-finished-2.3.0.tgz 14199ms (cache miss)
2059 http fetch GET 200 https://registry.npmjs.org/once/-/once-1.4.0.tgz 14221ms (cache miss)
2060 http fetch GET 200 https://registry.npmjs.org/object.fromentries/-/object.fromentries-2.0.8.tgz 14255ms (cache miss)
2061 http fetch GET 200 https://registry.npmjs.org/object.groupby/-/object.groupby-1.0.3.tgz 14285ms (cache miss)
2062 http fetch GET 200 https://registry.npmjs.org/object.entries/-/object.entries-1.1.9.tgz 14286ms (cache miss)
2063 http fetch GET 200 https://registry.npmjs.org/object-keys/-/object-keys-1.1.1.tgz 14362ms (cache miss)
2064 http fetch GET 200 https://registry.npmjs.org/react-native-gesture-handler/-/react-native-gesture-handler-2.32.0.tgz 14370ms (cache miss)
2065 http fetch GET 200 https://registry.npmjs.org/object.assign/-/object.assign-4.1.7.tgz 14396ms (cache miss)
2066 http fetch GET 200 https://registry.npmjs.org/object-assign/-/object-assign-4.1.1.tgz 14712ms (cache miss)
2067 http fetch GET 200 https://registry.npmjs.org/ob1/-/ob1-0.84.6.tgz 14943ms (cache miss)
2068 http fetch GET 200 https://registry.npmjs.org/object.values/-/object.values-1.2.1.tgz 14948ms (cache miss)
2069 http fetch GET 200 https://registry.npmjs.org/npm-package-arg/-/npm-package-arg-11.0.3.tgz 14949ms (cache miss)
2070 http fetch GET 200 https://registry.npmjs.org/nth-check/-/nth-check-2.1.1.tgz 14971ms (cache miss)
2071 http fetch GET 200 https://registry.npmjs.org/object-inspect/-/object-inspect-1.13.4.tgz 14994ms (cache miss)
2072 http fetch GET 200 https://registry.npmjs.org/nullthrows/-/nullthrows-1.1.1.tgz 15077ms (cache miss)
2073 http fetch GET 200 https://registry.npmjs.org/onetime/-/onetime-2.0.1.tgz 15081ms (cache miss)
2074 http fetch GET 200 https://registry.npmjs.org/normalize-url/-/normalize-url-6.1.0.tgz 15089ms (cache miss)
2075 http fetch GET 200 https://registry.npmjs.org/node-releases/-/node-releases-2.0.55.tgz 15285ms (cache miss)
2076 http fetch GET 200 https://registry.npmjs.org/node-int64/-/node-int64-0.4.0.tgz 15397ms (cache miss)
2077 http fetch GET 200 https://registry.npmjs.org/negotiator/-/negotiator-1.1.0.tgz 15559ms (cache miss)
2078 http fetch GET 200 https://registry.npmjs.org/node-fetch/-/node-fetch-2.7.0.tgz 15560ms (cache miss)
2079 http fetch GET 200 https://registry.npmjs.org/nanoid/-/nanoid-3.3.19.tgz 15893ms (cache miss)
2080 http fetch GET 200 https://registry.npmjs.org/node-exports-info/-/node-exports-info-1.6.0.tgz 15902ms (cache miss)
2081 http fetch GET 200 https://registry.npmjs.org/natural-compare/-/natural-compare-1.4.0.tgz 16004ms (cache miss)
2082 http fetch GET 200 https://registry.npmjs.org/napi-postinstall/-/napi-postinstall-0.3.4.tgz 16211ms (cache miss)
2083 http fetch GET 200 https://registry.npmjs.org/ms/-/ms-2.1.3.tgz 16661ms (cache miss)
2084 http fetch GET 200 https://registry.npmjs.org/minipass/-/minipass-7.1.3.tgz 16665ms (cache miss)
2085 http fetch GET 200 https://registry.npmjs.org/minimatch/-/minimatch-3.1.5.tgz 16716ms (cache miss)
2086 http fetch GET 200 https://registry.npmjs.org/mkdirp/-/mkdirp-1.0.4.tgz 16774ms (cache miss)
2087 http fetch GET 200 https://registry.npmjs.org/minimist/-/minimist-1.2.8.tgz 16849ms (cache miss)
2088 http fetch GET 200 https://registry.npmjs.org/multitars/-/multitars-1.0.2.tgz 16860ms (cache miss)
2089 http fetch GET 200 https://registry.npmjs.org/mimic-response/-/mimic-response-1.0.1.tgz 16886ms (cache miss)
2090 http fetch GET 200 https://registry.npmjs.org/mime-types/-/mime-types-3.0.2.tgz 17080ms (cache miss)
2091 http fetch GET 200 https://registry.npmjs.org/micromatch/-/micromatch-4.0.8.tgz 17372ms (cache miss)
2092 http fetch GET 200 https://registry.npmjs.org/mimic-fn/-/mimic-fn-1.2.0.tgz 17373ms (cache miss)
2093 http fetch GET 200 https://registry.npmjs.org/mime/-/mime-1.6.0.tgz 17373ms (cache miss)
2094 http fetch GET 200 https://registry.npmjs.org/metro-transform-worker/-/metro-transform-worker-0.84.6.tgz 17581ms (cache miss)
2095 http fetch GET 200 https://registry.npmjs.org/mime-db/-/mime-db-1.54.0.tgz 18488ms (cache miss)
2096 http fetch GET 200 https://registry.npmjs.org/metro-source-map/-/metro-source-map-0.84.6.tgz 18578ms (cache miss)
2097 http fetch GET 200 https://registry.npmjs.org/metro-resolver/-/metro-resolver-0.84.6.tgz 18586ms (cache miss)
2098 http fetch GET 200 https://registry.npmjs.org/metro-symbolicate/-/metro-symbolicate-0.84.6.tgz 19451ms (cache miss)
2099 http fetch GET 200 https://registry.npmjs.org/metro-runtime/-/metro-runtime-0.84.6.tgz 19964ms (cache miss)
2100 http fetch GET 200 https://registry.npmjs.org/metro-transform-plugins/-/metro-transform-plugins-0.84.6.tgz 19966ms (cache miss)
2101 http fetch GET 200 https://registry.npmjs.org/metro-cache-key/-/metro-cache-key-0.84.6.tgz 20145ms (cache miss)
2102 http fetch GET 200 https://registry.npmjs.org/react-native-reanimated/-/react-native-reanimated-4.5.1.tgz 20239ms (cache miss)
2103 http fetch GET 200 https://registry.npmjs.org/metro-file-map/-/metro-file-map-0.84.6.tgz 20407ms (cache miss)
2104 http fetch GET 200 https://registry.npmjs.org/metro-minify-terser/-/metro-minify-terser-0.84.6.tgz 20449ms (cache miss)
2105 http fetch GET 200 https://registry.npmjs.org/metro-babel-transformer/-/metro-babel-transformer-0.84.6.tgz 20575ms (cache miss)
2106 http fetch GET 200 https://registry.npmjs.org/react-dom/-/react-dom-19.2.3.tgz 20586ms (cache miss)
2107 http fetch GET 200 https://registry.npmjs.org/metro-cache/-/metro-cache-0.84.6.tgz 20622ms (cache miss)
2108 http fetch GET 200 https://registry.npmjs.org/merge-options/-/merge-options-3.0.4.tgz 20686ms (cache miss)
2109 http fetch GET 200 https://registry.npmjs.org/metro-core/-/metro-core-0.84.6.tgz 20690ms (cache miss)
2110 http fetch GET 200 https://registry.npmjs.org/memoize-one/-/memoize-one-5.2.1.tgz 20917ms (cache miss)
2111 http fetch GET 200 https://registry.npmjs.org/merge-stream/-/merge-stream-2.0.0.tgz 21041ms (cache miss)
2112 http fetch GET 200 https://registry.npmjs.org/metro-config/-/metro-config-0.84.6.tgz 21079ms (cache miss)
2113 http fetch GET 200 https://registry.npmjs.org/makeerror/-/makeerror-1.0.12.tgz 21345ms (cache miss)
2114 http fetch GET 200 https://registry.npmjs.org/marky/-/marky-1.3.0.tgz 21346ms (cache miss)
2115 http fetch GET 200 https://registry.npmjs.org/math-intrinsics/-/math-intrinsics-1.1.0.tgz 21390ms (cache miss)
2116 http fetch GET 200 https://registry.npmjs.org/lru-cache/-/lru-cache-5.1.1.tgz 21402ms (cache miss)
2117 http fetch GET 200 https://registry.npmjs.org/lowercase-keys/-/lowercase-keys-2.0.0.tgz 21414ms (cache miss)
2118 http fetch GET 200 https://registry.npmjs.org/metro/-/metro-0.84.6.tgz 21500ms (cache miss)
2119 http fetch GET 200 https://registry.npmjs.org/loose-envify/-/loose-envify-1.4.0.tgz 21611ms (cache miss)
2120 http fetch GET 200 https://registry.npmjs.org/log-symbols/-/log-symbols-2.2.0.tgz 21652ms (cache miss)
2121 http fetch GET 200 https://registry.npmjs.org/lodash.merge/-/lodash.merge-4.6.2.tgz 21679ms (cache miss)
2122 http fetch GET 200 https://registry.npmjs.org/lodash.debounce/-/lodash.debounce-4.0.8.tgz 21726ms (cache miss)
2123 http fetch GET 200 https://registry.npmjs.org/lodash.throttle/-/lodash.throttle-4.1.1.tgz 21726ms (cache miss)
2124 http fetch GET 200 https://registry.npmjs.org/locate-path/-/locate-path-6.0.0.tgz 21827ms (cache miss)
2125 http fetch GET 200 https://registry.npmjs.org/levn/-/levn-0.4.1.tgz 21826ms (cache miss)
2126 http fetch GET 200 https://registry.npmjs.org/lightningcss/-/lightningcss-1.33.0.tgz 21829ms (cache miss)
2127 http fetch GET 200 https://registry.npmjs.org/leven/-/leven-3.1.0.tgz 21911ms (cache miss)
2128 http fetch GET 200 https://registry.npmjs.org/mdn-data/-/mdn-data-2.0.14.tgz 21930ms (cache miss)
2129 http fetch GET 200 https://registry.npmjs.org/keyv/-/keyv-4.5.4.tgz 21928ms (cache miss)
2130 http fetch GET 200 https://registry.npmjs.org/kleur/-/kleur-3.0.3.tgz 21928ms (cache miss)
2131 http fetch GET 200 https://registry.npmjs.org/lighthouse-logger/-/lighthouse-logger-1.4.2.tgz 21935ms (cache miss)
2132 http fetch GET 200 https://registry.npmjs.org/lan-network/-/lan-network-0.2.1.tgz 21946ms (cache miss)
2133 http fetch GET 200 https://registry.npmjs.org/json-stable-stringify-without-jsonify/-/json-stable-stringify-without-jsonify-1.0.1.tgz 21960ms (cache miss)
2134 http fetch GET 200 https://registry.npmjs.org/json-schema-traverse/-/json-schema-traverse-0.4.1.tgz 21960ms (cache miss)
2135 http fetch GET 200 https://registry.npmjs.org/jsesc/-/jsesc-3.1.0.tgz 21999ms (cache miss)
2136 http fetch GET 200 https://registry.npmjs.org/jsc-safe-url/-/jsc-safe-url-0.2.4.tgz 22007ms (cache miss)
2137 http fetch GET 200 https://registry.npmjs.org/jsx-ast-utils/-/jsx-ast-utils-3.3.5.tgz 22014ms (cache miss)
2138 http fetch GET 200 https://registry.npmjs.org/jest-util/-/jest-util-29.7.0.tgz 22035ms (cache miss)
2139 http fetch GET 200 https://registry.npmjs.org/jimp-compact/-/jimp-compact-0.16.1.tgz 22224ms (cache miss)
2140 http fetch GET 200 https://registry.npmjs.org/jest-validate/-/jest-validate-29.7.0.tgz 22236ms (cache miss)
2141 http fetch GET 200 https://registry.npmjs.org/js-tokens/-/js-tokens-4.0.0.tgz 22240ms (cache miss)
2142 http fetch GET 200 https://registry.npmjs.org/isexe/-/isexe-2.0.0.tgz 22258ms (cache miss)
2143 http fetch GET 200 https://registry.npmjs.org/iterator.prototype/-/iterator.prototype-1.1.5.tgz 22258ms (cache miss)
2144 http fetch GET 200 https://registry.npmjs.org/jest-get-type/-/jest-get-type-29.6.3.tgz 22285ms (cache miss)
2145 http fetch GET 200 https://registry.npmjs.org/jest-worker/-/jest-worker-29.7.0.tgz 22453ms (cache miss)
2146 http fetch GET 200 https://registry.npmjs.org/is-wsl/-/is-wsl-2.2.0.tgz 22466ms (cache miss)
2147 http fetch GET 200 https://registry.npmjs.org/is-weakmap/-/is-weakmap-2.0.2.tgz 22519ms (cache miss)
2148 http fetch GET 200 https://registry.npmjs.org/isarray/-/isarray-2.0.5.tgz 22520ms (cache miss)
2149 http fetch GET 200 https://registry.npmjs.org/is-weakref/-/is-weakref-1.1.1.tgz 22626ms (cache miss)
2150 http fetch GET 200 https://registry.npmjs.org/is-weakset/-/is-weakset-2.0.4.tgz 22671ms (cache miss)
2151 http fetch GET 200 https://registry.npmjs.org/is-symbol/-/is-symbol-1.1.1.tgz 22695ms (cache miss)
2152 http fetch GET 200 https://registry.npmjs.org/json5/-/json5-2.2.3.tgz 22698ms (cache miss)
2153 http fetch GET 200 https://registry.npmjs.org/is-typed-array/-/is-typed-array-1.1.15.tgz 22764ms (cache miss)
2154 http fetch GET 200 https://registry.npmjs.org/is-set/-/is-set-2.0.3.tgz 22869ms (cache miss)
2155 http fetch GET 200 https://registry.npmjs.org/is-shared-array-buffer/-/is-shared-array-buffer-1.0.4.tgz 22870ms (cache miss)
2156 http fetch GET 200 https://registry.npmjs.org/is-string/-/is-string-1.1.1.tgz 22871ms (cache miss)
2157 http fetch GET 200 https://registry.npmjs.org/is-plain-obj/-/is-plain-obj-2.1.0.tgz 23124ms (cache miss)
2158 http fetch GET 200 https://registry.npmjs.org/is-regex/-/is-regex-1.2.1.tgz 23241ms (cache miss)
2159 http fetch GET 200 https://registry.npmjs.org/is-negative-zero/-/is-negative-zero-2.0.3.tgz 23294ms (cache miss)
2160 http fetch GET 200 https://registry.npmjs.org/is-map/-/is-map-2.0.3.tgz 23295ms (cache miss)
2161 http fetch GET 200 https://registry.npmjs.org/is-number-object/-/is-number-object-1.1.1.tgz 23303ms (cache miss)
2162 http fetch GET 200 https://registry.npmjs.org/is-number/-/is-number-7.0.0.tgz 23406ms (cache miss)
2163 http fetch GET 200 https://registry.npmjs.org/is-generator-function/-/is-generator-function-1.1.2.tgz 23449ms (cache miss)
2164 http fetch GET 200 https://registry.npmjs.org/is-glob/-/is-glob-4.0.3.tgz 23451ms (cache miss)
2165 http fetch GET 200 https://registry.npmjs.org/is-extglob/-/is-extglob-2.1.1.tgz 23497ms (cache miss)
2166 http fetch GET 200 https://registry.npmjs.org/is-fullwidth-code-point/-/is-fullwidth-code-point-3.0.0.tgz 23555ms (cache miss)
2167 http fetch GET 200 https://registry.npmjs.org/node-forge/-/node-forge-1.4.0.tgz 23562ms (cache miss)
2168 http fetch GET 200 https://registry.npmjs.org/js-yaml/-/js-yaml-4.1.1.tgz 23557ms (cache miss)
2169 http fetch GET 200 https://registry.npmjs.org/is-docker/-/is-docker-2.2.1.tgz 23556ms (cache miss)
2170 http fetch GET 200 https://registry.npmjs.org/is-date-object/-/is-date-object-1.1.0.tgz 23556ms (cache miss)
2171 http fetch GET 200 https://registry.npmjs.org/is-callable/-/is-callable-1.2.7.tgz 23557ms (cache miss)
2172 http fetch GET 200 https://registry.npmjs.org/is-core-module/-/is-core-module-2.16.2.tgz 23565ms (cache miss)
2173 http fetch GET 200 https://registry.npmjs.org/is-data-view/-/is-data-view-1.0.2.tgz 23584ms (cache miss)
2174 http fetch GET 200 https://registry.npmjs.org/is-arrayish/-/is-arrayish-0.3.4.tgz 23607ms (cache miss)
2175 http fetch GET 200 https://registry.npmjs.org/is-array-buffer/-/is-array-buffer-3.0.5.tgz 23658ms (cache miss)
2176 http fetch GET 200 https://registry.npmjs.org/is-bun-module/-/is-bun-module-2.0.0.tgz 23659ms (cache miss)
2177 http fetch GET 200 https://registry.npmjs.org/invariant/-/invariant-2.2.4.tgz 23659ms (cache miss)
2178 http fetch GET 200 https://registry.npmjs.org/is-bigint/-/is-bigint-1.1.0.tgz 23662ms (cache miss)
2179 http fetch GET 200 https://registry.npmjs.org/is-boolean-object/-/is-boolean-object-1.2.2.tgz 23663ms (cache miss)
2180 http fetch GET 200 https://registry.npmjs.org/is-finalizationregistry/-/is-finalizationregistry-1.1.1.tgz 23673ms (cache miss)
2181 http fetch GET 200 https://registry.npmjs.org/ignore/-/ignore-5.3.2.tgz 23699ms (cache miss)
2182 http fetch GET 200 https://registry.npmjs.org/inline-style-prefixer/-/inline-style-prefixer-7.0.1.tgz 23702ms (cache miss)
2183 http fetch GET 200 https://registry.npmjs.org/internal-slot/-/internal-slot-1.1.0.tgz 23707ms (cache miss)
2184 http fetch GET 200 https://registry.npmjs.org/is-async-function/-/is-async-function-2.1.1.tgz 23707ms (cache miss)
2185 http fetch GET 200 https://registry.npmjs.org/json-buffer/-/json-buffer-3.0.1.tgz 23745ms (cache miss)
2186 http fetch GET 200 https://registry.npmjs.org/hyphenate-style-name/-/hyphenate-style-name-1.1.0.tgz 23757ms (cache miss)
2187 http fetch GET 200 https://registry.npmjs.org/inherits/-/inherits-2.0.4.tgz 23829ms (cache miss)
2188 http fetch GET 200 https://registry.npmjs.org/import-fresh/-/import-fresh-3.3.1.tgz 23848ms (cache miss)
2189 http fetch GET 200 https://registry.npmjs.org/https-proxy-agent/-/https-proxy-agent-7.0.6.tgz 23850ms (cache miss)
2190 http fetch GET 200 https://registry.npmjs.org/hosted-git-info/-/hosted-git-info-7.0.2.tgz 23863ms (cache miss)
2191 http fetch GET 200 https://registry.npmjs.org/http-errors/-/http-errors-2.0.1.tgz 23868ms (cache miss)
2192 http fetch GET 200 https://registry.npmjs.org/imurmurhash/-/imurmurhash-0.1.4.tgz 23878ms (cache miss)
2193 http fetch GET 200 https://registry.npmjs.org/hoist-non-react-statics/-/hoist-non-react-statics-3.3.2.tgz 23891ms (cache miss)
2194 http fetch GET 200 https://registry.npmjs.org/http-cache-semantics/-/http-cache-semantics-4.2.0.tgz 23891ms (cache miss)
2195 http fetch GET 200 https://registry.npmjs.org/has-property-descriptors/-/has-property-descriptors-1.0.2.tgz 23995ms (cache miss)
2196 http fetch GET 200 https://registry.npmjs.org/has-proto/-/has-proto-1.2.0.tgz 24018ms (cache miss)
2197 http fetch GET 200 https://registry.npmjs.org/has-tostringtag/-/has-tostringtag-1.0.2.tgz 24034ms (cache miss)
2198 http fetch GET 200 https://registry.npmjs.org/has-flag/-/has-flag-4.0.0.tgz 24089ms (cache miss)
2199 http fetch GET 200 https://registry.npmjs.org/has-symbols/-/has-symbols-1.1.0.tgz 24218ms (cache miss)
2200 http fetch GET 200 https://registry.npmjs.org/graceful-fs/-/graceful-fs-4.2.11.tgz 24346ms (cache miss)
2201 http fetch GET 200 https://registry.npmjs.org/http2-wrapper/-/http2-wrapper-1.0.3.tgz 24350ms (cache miss)
2202 http fetch GET 200 https://registry.npmjs.org/gopd/-/gopd-1.2.0.tgz 24366ms (cache miss)
2203 http fetch GET 200 https://registry.npmjs.org/has-bigints/-/has-bigints-1.1.0.tgz 24370ms (cache miss)
2204 http fetch GET 200 https://registry.npmjs.org/hasown/-/hasown-2.0.3.tgz 24458ms (cache miss)
2205 http fetch GET 200 https://registry.npmjs.org/hermes-estree/-/hermes-estree-0.36.1.tgz 24462ms (cache miss)
2206 http fetch GET 200 https://registry.npmjs.org/glob-parent/-/glob-parent-6.0.2.tgz 24472ms (cache miss)
2207 http fetch GET 200 https://registry.npmjs.org/get-symbol-description/-/get-symbol-description-1.1.0.tgz 24794ms (cache miss)
2208 http fetch GET 200 https://registry.npmjs.org/globalthis/-/globalthis-1.0.4.tgz 24844ms (cache miss)
2209 http fetch GET 200 https://registry.npmjs.org/get-nonce/-/get-nonce-1.0.1.tgz 24944ms (cache miss)
2210 http fetch GET 200 https://registry.npmjs.org/globals/-/globals-14.0.0.tgz 24998ms (cache miss)
2211 http fetch GET 200 https://registry.npmjs.org/getenv/-/getenv-2.0.0.tgz 24998ms (cache miss)
2212 http fetch GET 200 https://registry.npmjs.org/get-stream/-/get-stream-5.2.0.tgz 25302ms (cache miss)
2213 http fetch GET 200 https://registry.npmjs.org/get-caller-file/-/get-caller-file-2.0.5.tgz 25499ms (cache miss)
2214 http fetch GET 200 https://registry.npmjs.org/get-proto/-/get-proto-1.0.1.tgz 25589ms (cache miss)
2215 http fetch GET 200 https://registry.npmjs.org/get-intrinsic/-/get-intrinsic-1.3.0.tgz 25590ms (cache miss)
2216 http fetch GET 200 https://registry.npmjs.org/generator-function/-/generator-function-2.0.1.tgz 25590ms (cache miss)
2217 http fetch GET 200 https://registry.npmjs.org/gensync/-/gensync-1.0.0-beta.2.tgz 25692ms (cache miss)
2218 http fetch GET 200 https://registry.npmjs.org/get-tsconfig/-/get-tsconfig-4.14.0.tgz 25740ms (cache miss)
2219 http fetch GET 200 https://registry.npmjs.org/got/-/got-11.8.6.tgz 25743ms (cache miss)
2220 http fetch GET 200 https://registry.npmjs.org/functions-have-names/-/functions-have-names-1.2.3.tgz 25860ms (cache miss)
2221 http fetch GET 200 https://registry.npmjs.org/function-bind/-/function-bind-1.1.2.tgz 25860ms (cache miss)
2222 http fetch GET 200 https://registry.npmjs.org/for-each/-/for-each-0.3.5.tgz 25861ms (cache miss)
2223 http fetch GET 200 https://registry.npmjs.org/fresh/-/fresh-0.5.2.tgz 25864ms (cache miss)
2224 http fetch GET 200 https://registry.npmjs.org/fontfaceobserver/-/fontfaceobserver-2.3.0.tgz 25866ms (cache miss)
2225 http fetch GET 200 https://registry.npmjs.org/flow-enums-runtime/-/flow-enums-runtime-0.0.6.tgz 25886ms (cache miss)
2226 http fetch GET 200 https://registry.npmjs.org/flat-cache/-/flat-cache-4.0.1.tgz 25979ms (cache miss)
2227 http fetch GET 200 https://registry.npmjs.org/function.prototype.name/-/function.prototype.name-1.1.8.tgz 25979ms (cache miss)
2228 http fetch GET 200 https://registry.npmjs.org/filter-obj/-/filter-obj-1.1.0.tgz 25999ms (cache miss)
2229 http fetch GET 200 https://registry.npmjs.org/find-up/-/find-up-5.0.0.tgz 25999ms (cache miss)
2230 http fetch GET 200 https://registry.npmjs.org/fill-range/-/fill-range-7.1.1.tgz 25998ms (cache miss)
2231 http fetch GET 200 https://registry.npmjs.org/fdir/-/fdir-6.5.0.tgz 26109ms (cache miss)
2232 http fetch GET 200 https://registry.npmjs.org/flatted/-/flatted-3.4.2.tgz 26190ms (cache miss)
2233 http fetch GET 200 https://registry.npmjs.org/fbjs-css-vars/-/fbjs-css-vars-1.0.2.tgz 26223ms (cache miss)
2234 http fetch GET 200 https://registry.npmjs.org/finalhandler/-/finalhandler-1.1.2.tgz 26224ms (cache miss)
2235 http fetch GET 200 https://registry.npmjs.org/file-entry-cache/-/file-entry-cache-8.0.0.tgz 26234ms (cache miss)
2236 http fetch GET 200 https://registry.npmjs.org/fb-watchman/-/fb-watchman-2.0.2.tgz 26243ms (cache miss)
2237 http fetch GET 200 https://registry.npmjs.org/fast-deep-equal/-/fast-deep-equal-3.1.3.tgz 26376ms (cache miss)
2238 http fetch GET 200 https://registry.npmjs.org/fast-levenshtein/-/fast-levenshtein-2.0.6.tgz 26486ms (cache miss)
2239 http fetch GET 200 https://registry.npmjs.org/expo-web-browser/-/expo-web-browser-57.0.2.tgz 26588ms (cache miss)
2240 http fetch GET 200 https://registry.npmjs.org/exponential-backoff/-/exponential-backoff-3.1.3.tgz 26665ms (cache miss)
2241 http fetch GET 200 https://registry.npmjs.org/fast-json-stable-stringify/-/fast-json-stable-stringify-2.1.0.tgz 26772ms (cache miss)
2242 http fetch GET 200 https://registry.npmjs.org/fetch-nodeshim/-/fetch-nodeshim-0.4.10.tgz 26885ms (cache miss)
2243 http fetch GET 200 https://registry.npmjs.org/expo-status-bar/-/expo-status-bar-57.0.1.tgz 26941ms (cache miss)
2244 http fetch GET 200 https://registry.npmjs.org/expo-system-ui/-/expo-system-ui-57.0.3.tgz 27196ms (cache miss)
2245 http fetch GET 200 https://registry.npmjs.org/fbjs/-/fbjs-3.0.5.tgz 27414ms (cache miss)
2246 http fetch GET 200 https://registry.npmjs.org/expo-splash-screen/-/expo-splash-screen-57.0.8.tgz 27537ms (cache miss)
2247 http fetch GET 200 https://registry.npmjs.org/expo-server/-/expo-server-57.0.3.tgz 27567ms (cache miss)
2248 http fetch GET 200 https://registry.npmjs.org/react-native-razorpay/-/react-native-razorpay-3.0.0.tgz 27747ms (cache miss)
2249 http fetch GET 200 https://registry.npmjs.org/expo-modules-autolinking/-/expo-modules-autolinking-57.0.12.tgz 29132ms (cache miss)
2250 http fetch GET 200 https://registry.npmjs.org/expo-screen-capture/-/expo-screen-capture-57.0.2.tgz 29323ms (cache miss)
2251 http fetch GET 200 https://registry.npmjs.org/expo-linking/-/expo-linking-57.0.9.tgz 29636ms (cache miss)
2252 http fetch GET 200 https://registry.npmjs.org/expo-linear-gradient/-/expo-linear-gradient-57.0.1.tgz 29876ms (cache miss)
2253 http fetch GET 200 https://registry.npmjs.org/expo-symbols/-/expo-symbols-57.0.2.tgz 30306ms (cache miss)
2254 http fetch GET 200 https://registry.npmjs.org/expo-image-picker/-/expo-image-picker-57.0.16.tgz 30916ms (cache miss)
2255 http fetch GET 200 https://registry.npmjs.org/expo-keep-awake/-/expo-keep-awake-57.0.1.tgz 32474ms (cache miss)
2256 http fetch GET 200 https://registry.npmjs.org/expo-haptics/-/expo-haptics-57.0.2.tgz 32804ms (cache miss)
2257 http fetch GET 200 https://registry.npmjs.org/expo-glass-effect/-/expo-glass-effect-57.0.2.tgz 33441ms (cache miss)
2258 http fetch GET 200 https://registry.npmjs.org/glob/-/glob-13.0.6.tgz 36593ms (cache miss)
2259 http fetch GET 200 https://registry.npmjs.org/hermes-parser/-/hermes-parser-0.36.1.tgz 36703ms (cache miss)
2260 http fetch GET 200 https://registry.npmjs.org/expo-modules-jsi/-/expo-modules-jsi-57.1.0.tgz 37257ms (cache miss)
2261 http fetch GET 200 https://registry.npmjs.org/expo-image-loader/-/expo-image-loader-57.0.1.tgz 38546ms (cache miss)
2262 http fetch GET 200 https://registry.npmjs.org/expo-device/-/expo-device-57.0.1.tgz 44993ms (cache miss)
2263 http fetch GET 200 https://registry.npmjs.org/expo-crypto/-/expo-crypto-57.0.2.tgz 45039ms (cache miss)
2264 http fetch GET 200 https://registry.npmjs.org/expo-file-system/-/expo-file-system-57.0.6.tgz 50601ms (cache miss)
2265 http fetch GET 200 https://registry.npmjs.org/expo-clipboard/-/expo-clipboard-57.0.1.tgz 50903ms (cache miss)
2266 http fetch GET 200 https://registry.npmjs.org/expo-notifications/-/expo-notifications-57.0.17.tgz 50928ms (cache miss)
2267 http fetch GET 200 https://registry.npmjs.org/expo-build-properties/-/expo-build-properties-57.0.17.tgz 51614ms (cache miss)
2268 http fetch GET 200 https://registry.npmjs.org/expo-constants/-/expo-constants-57.0.17.tgz 53248ms (cache miss)
2269 http fetch GET 200 https://registry.npmjs.org/expo-blur/-/expo-blur-57.0.2.tgz 54500ms (cache miss)
2270 http fetch GET 200 https://registry.npmjs.org/expo-audio/-/expo-audio-57.0.4.tgz 54981ms (cache miss)
2271 http fetch GET 200 https://registry.npmjs.org/expo-auth-session/-/expo-auth-session-57.0.11.tgz 57727ms (cache miss)
2272 http fetch GET 200 https://registry.npmjs.org/event-target-shim/-/event-target-shim-5.0.1.tgz 59915ms (cache miss)
2273 http fetch GET 200 https://registry.npmjs.org/expo-application/-/expo-application-57.0.2.tgz 59928ms (cache miss)
2274 http fetch GET 200 https://registry.npmjs.org/esrecurse/-/esrecurse-4.3.0.tgz 60078ms (cache miss)
2275 http fetch GET 200 https://registry.npmjs.org/esutils/-/esutils-2.0.3.tgz 60589ms (cache miss)
2276 http fetch GET 200 https://registry.npmjs.org/esquery/-/esquery-1.7.0.tgz 60932ms (cache miss)
2277 http fetch GET 200 https://registry.npmjs.org/estraverse/-/estraverse-5.3.0.tgz 61174ms (cache miss)
2278 http fetch GET 200 https://registry.npmjs.org/expo-asset/-/expo-asset-57.0.16.tgz 61231ms (cache miss)
2279 http fetch GET 200 https://registry.npmjs.org/espree/-/espree-10.4.0.tgz 61521ms (cache miss)
2280 http fetch GET 200 https://registry.npmjs.org/etag/-/etag-1.8.1.tgz 61564ms (cache miss)
2281 http fetch GET 200 https://registry.npmjs.org/eslint-plugin-react-hooks/-/eslint-plugin-react-hooks-7.1.1.tgz 64879ms (cache miss)
2282 http fetch GET 200 https://registry.npmjs.org/eslint-visitor-keys/-/eslint-visitor-keys-4.2.1.tgz 65472ms (cache miss)
2283 http fetch GET 200 https://registry.npmjs.org/eslint-plugin-react/-/eslint-plugin-react-7.37.5.tgz 67194ms (cache miss)
2284 http fetch GET 200 https://registry.npmjs.org/eslint-module-utils/-/eslint-module-utils-2.12.1.tgz 67905ms (cache miss)
2285 http fetch GET 200 https://registry.npmjs.org/eslint-scope/-/eslint-scope-8.4.0.tgz 68686ms (cache miss)
2286 http fetch GET 200 https://registry.npmjs.org/eslint-import-resolver-node/-/eslint-import-resolver-node-0.3.10.tgz 69232ms (cache miss)
2287 http fetch GET 200 https://registry.npmjs.org/eslint-plugin-expo/-/eslint-plugin-expo-1.1.0.tgz 69814ms (cache miss)
2288 http fetch GET 200 https://registry.npmjs.org/escape-string-regexp/-/escape-string-regexp-4.0.0.tgz 70148ms (cache miss)
2289 http fetch GET 200 https://registry.npmjs.org/expo/-/expo-57.0.21.tgz 70428ms (cache miss)
2290 http fetch GET 200 https://registry.npmjs.org/escalade/-/escalade-3.2.0.tgz 70987ms (cache miss)
2291 http fetch GET 200 https://registry.npmjs.org/escape-html/-/escape-html-1.0.3.tgz 71785ms (cache miss)
2292 http fetch GET 200 https://registry.npmjs.org/eslint-import-resolver-typescript/-/eslint-import-resolver-typescript-3.10.1.tgz 73091ms (cache miss)
2293 http fetch GET 200 https://registry.npmjs.org/es-shim-unscopables/-/es-shim-unscopables-1.1.0.tgz 73925ms (cache miss)
2294 http fetch GET 200 https://registry.npmjs.org/eslint-config-expo/-/eslint-config-expo-57.0.2.tgz 76795ms (cache miss)
2295 http fetch GET 200 https://registry.npmjs.org/lightningcss-darwin-arm64/-/lightningcss-darwin-arm64-1.33.0.tgz 77135ms (cache miss)
2296 http fetch GET 200 https://registry.npmjs.org/eslint/-/eslint-9.39.4.tgz 77607ms (cache miss)
2297 http fetch GET 200 https://registry.npmjs.org/es-to-primitive/-/es-to-primitive-1.3.0.tgz 77607ms (cache miss)
2298 http fetch GET 200 https://registry.npmjs.org/es-errors/-/es-errors-1.3.0.tgz 77710ms (cache miss)
2299 http fetch GET 200 https://registry.npmjs.org/es-object-atoms/-/es-object-atoms-1.1.1.tgz 78211ms (cache miss)
2300 http fetch GET 200 https://registry.npmjs.org/error-stack-parser/-/error-stack-parser-2.1.4.tgz 78391ms (cache miss)
2301 http fetch GET 200 https://registry.npmjs.org/es-define-property/-/es-define-property-1.0.1.tgz 78701ms (cache miss)
2302 http fetch GET 200 https://registry.npmjs.org/es-iterator-helpers/-/es-iterator-helpers-1.3.2.tgz 78832ms (cache miss)
2303 http fetch GET 200 https://registry.npmjs.org/end-of-stream/-/end-of-stream-1.4.5.tgz 79087ms (cache miss)
2304 http fetch GET 200 https://registry.npmjs.org/es-set-tostringtag/-/es-set-tostringtag-2.1.0.tgz 79331ms (cache miss)
2305 http fetch GET 200 https://registry.npmjs.org/engine.io-parser/-/engine.io-parser-5.2.3.tgz 79488ms (cache miss)
2306 http fetch GET 200 https://registry.npmjs.org/emoji-regex/-/emoji-regex-8.0.0.tgz 80037ms (cache miss)
2307 http fetch GET 200 https://registry.npmjs.org/eslint-plugin-import/-/eslint-plugin-import-2.32.0.tgz 80331ms (cache miss)
2308 http fetch GET 200 https://registry.npmjs.org/encodeurl/-/encodeurl-1.0.2.tgz 80518ms (cache miss)
2309 http fetch GET 200 https://registry.npmjs.org/entities/-/entities-4.5.0.tgz 81032ms (cache miss)
2310 http fetch GET 200 https://registry.npmjs.org/domutils/-/domutils-3.2.2.tgz 81093ms (cache miss)
2311 http fetch GET 200 https://registry.npmjs.org/ee-first/-/ee-first-1.1.1.tgz 81344ms (cache miss)
2312 http fetch GET 200 https://registry.npmjs.org/domelementtype/-/domelementtype-2.3.0.tgz 81345ms (cache miss)
2313 http fetch GET 200 https://registry.npmjs.org/dunder-proto/-/dunder-proto-1.0.1.tgz 81602ms (cache miss)
2314 http fetch GET 200 https://registry.npmjs.org/domhandler/-/domhandler-5.0.3.tgz 82040ms (cache miss)
2315 http fetch GET 200 https://registry.npmjs.org/engine.io-client/-/engine.io-client-6.6.6.tgz 82312ms (cache miss)
2316 http fetch GET 200 https://registry.npmjs.org/electron-to-chromium/-/electron-to-chromium-1.5.427.tgz 82382ms (cache miss)
2317 http fetch GET 200 https://registry.npmjs.org/detect-node-es/-/detect-node-es-1.1.0.tgz 82854ms (cache miss)
2318 http fetch GET 200 https://registry.npmjs.org/doctrine/-/doctrine-2.1.0.tgz 82854ms (cache miss)
2319 http fetch GET 200 https://registry.npmjs.org/depd/-/depd-2.0.0.tgz 82861ms (cache miss)
2320 http fetch GET 200 https://registry.npmjs.org/destroy/-/destroy-1.2.0.tgz 83112ms (cache miss)
2321 http fetch GET 200 https://registry.npmjs.org/dom-serializer/-/dom-serializer-2.0.0.tgz 83160ms (cache miss)
2322 http fetch GET 200 https://registry.npmjs.org/detect-libc/-/detect-libc-2.1.2.tgz 83293ms (cache miss)
2323 http fetch GET 200 https://registry.npmjs.org/defer-to-connect/-/defer-to-connect-2.0.1.tgz 83442ms (cache miss)
2324 http fetch GET 200 https://registry.npmjs.org/define-properties/-/define-properties-1.2.1.tgz 83483ms (cache miss)
2325 http fetch GET 200 https://registry.npmjs.org/defaults/-/defaults-1.0.4.tgz 83765ms (cache miss)
2326 http fetch GET 200 https://registry.npmjs.org/define-data-property/-/define-data-property-1.1.4.tgz 83766ms (cache miss)
2327 http fetch GET 200 https://registry.npmjs.org/decode-uri-component/-/decode-uri-component-0.2.2.tgz 83961ms (cache miss)
2328 http fetch GET 200 https://registry.npmjs.org/decompress-response/-/decompress-response-6.0.0.tgz 84029ms (cache miss)
2329 http fetch GET 200 https://registry.npmjs.org/data-view-byte-offset/-/data-view-byte-offset-1.0.1.tgz 84218ms (cache miss)
2330 http fetch GET 200 https://registry.npmjs.org/dnssd-advertise/-/dnssd-advertise-1.1.6.tgz 84220ms (cache miss)
2331 http fetch GET 200 https://registry.npmjs.org/deepmerge/-/deepmerge-4.3.1.tgz 84432ms (cache miss)
2332 http fetch GET 200 https://registry.npmjs.org/data-view-byte-length/-/data-view-byte-length-1.0.2.tgz 84433ms (cache miss)
2333 http fetch GET 200 https://registry.npmjs.org/data-view-buffer/-/data-view-buffer-1.0.2.tgz 84565ms (cache miss)
2334 http fetch GET 200 https://registry.npmjs.org/debug/-/debug-4.4.3.tgz 84806ms (cache miss)
2335 http fetch GET 200 https://registry.npmjs.org/css-what/-/css-what-6.2.2.tgz 84955ms (cache miss)
2336 http fetch GET 200 https://registry.npmjs.org/css-select/-/css-select-5.2.2.tgz 85413ms (cache miss)
2337 http fetch GET 200 https://registry.npmjs.org/cross-spawn/-/cross-spawn-7.0.6.tgz 86025ms (cache miss)
2338 http fetch GET 200 https://registry.npmjs.org/cross-fetch/-/cross-fetch-3.2.0.tgz 86988ms (cache miss)
2339 http fetch GET 200 https://registry.npmjs.org/css-in-js-utils/-/css-in-js-utils-3.1.0.tgz 87845ms (cache miss)
2340 http fetch GET 200 https://registry.npmjs.org/core-js-compat/-/core-js-compat-3.50.0.tgz 90207ms (cache miss)
2341 http fetch GET 200 https://registry.npmjs.org/csstype/-/csstype-3.2.3.tgz 91326ms (cache miss)
2342 http fetch GET 200 https://registry.npmjs.org/content-type/-/content-type-2.1.0.tgz 91363ms (cache miss)
2343 http fetch GET 200 https://registry.npmjs.org/convert-source-map/-/convert-source-map-2.0.0.tgz 91534ms (cache miss)
2344 http fetch GET 200 https://registry.npmjs.org/es-abstract/-/es-abstract-1.24.2.tgz 91854ms (cache miss)
2345 http fetch GET 200 https://registry.npmjs.org/compression/-/compression-1.8.1.tgz 91852ms (cache miss)
2346 http fetch GET 200 https://registry.npmjs.org/css-tree/-/css-tree-1.1.3.tgz 91989ms (cache miss)
2347 http fetch GET 200 https://registry.npmjs.org/compressible/-/compressible-2.0.18.tgz 92101ms (cache miss)
2348 http fetch GET 200 https://registry.npmjs.org/concat-map/-/concat-map-0.0.1.tgz 92153ms (cache miss)
2349 http fetch GET 200 https://registry.npmjs.org/color-string/-/color-string-1.9.1.tgz 92208ms (cache miss)
2350 http fetch GET 200 https://registry.npmjs.org/color-name/-/color-name-1.1.4.tgz 92365ms (cache miss)
2351 http fetch GET 200 https://registry.npmjs.org/color-convert/-/color-convert-2.0.1.tgz 92403ms (cache miss)
2352 http fetch GET 200 https://registry.npmjs.org/commander/-/commander-7.2.0.tgz 92476ms (cache miss)
2353 http fetch GET 200 https://registry.npmjs.org/clone-response/-/clone-response-1.0.3.tgz 92597ms (cache miss)
2354 http fetch GET 200 https://registry.npmjs.org/client-only/-/client-only-0.0.1.tgz 92747ms (cache miss)
2355 http fetch GET 200 https://registry.npmjs.org/cliui/-/cliui-8.0.1.tgz 92747ms (cache miss)
2356 http fetch GET 200 https://registry.npmjs.org/connect/-/connect-3.7.0.tgz 92771ms (cache miss)
2357 http fetch GET 200 https://registry.npmjs.org/clone/-/clone-1.0.4.tgz 92855ms (cache miss)
2358 http fetch GET 200 https://registry.npmjs.org/cli-spinners/-/cli-spinners-2.9.2.tgz 92999ms (cache miss)
2359 http fetch GET 200 https://registry.npmjs.org/color/-/color-4.2.3.tgz 93002ms (cache miss)
2360 http fetch GET 200 https://registry.npmjs.org/deep-is/-/deep-is-0.1.4.tgz 93207ms (cache miss)
2361 http fetch GET 200 https://registry.npmjs.org/cli-cursor/-/cli-cursor-2.1.0.tgz 93208ms (cache miss)
2362 http fetch GET 200 https://registry.npmjs.org/chrome-launcher/-/chrome-launcher-0.15.2.tgz 93391ms (cache miss)
2363 http fetch GET 200 https://registry.npmjs.org/ci-info/-/ci-info-2.0.0.tgz 93422ms (cache miss)
2364 http fetch GET 200 https://registry.npmjs.org/callsites/-/callsites-3.1.0.tgz 93574ms (cache miss)
2365 http fetch GET 200 https://registry.npmjs.org/call-bound/-/call-bound-1.0.4.tgz 93656ms (cache miss)
2366 http fetch GET 200 https://registry.npmjs.org/chalk/-/chalk-4.1.2.tgz 93668ms (cache miss)
2367 http fetch GET 200 https://registry.npmjs.org/chromium-edge-launcher/-/chromium-edge-launcher-0.3.0.tgz 93717ms (cache miss)
2368 http fetch GET 200 https://registry.npmjs.org/call-bind/-/call-bind-1.0.9.tgz 93886ms (cache miss)
2369 http fetch GET 200 https://registry.npmjs.org/camelcase/-/camelcase-6.3.0.tgz 93919ms (cache miss)
2370 http fetch GET 200 https://registry.npmjs.org/cacheable-request/-/cacheable-request-7.0.4.tgz 94000ms (cache miss)
2371 http fetch GET 200 https://registry.npmjs.org/cacheable-lookup/-/cacheable-lookup-5.0.4.tgz 94120ms (cache miss)
2372 http fetch GET 200 https://registry.npmjs.org/call-bind-apply-helpers/-/call-bind-apply-helpers-1.0.2.tgz 94272ms (cache miss)
2373 http fetch GET 200 https://registry.npmjs.org/bytes/-/bytes-3.1.2.tgz 94340ms (cache miss)
2374 http fetch GET 200 https://registry.npmjs.org/browserslist/-/browserslist-4.28.9.tgz 94645ms (cache miss)
2375 http fetch GET 200 https://registry.npmjs.org/braces/-/braces-3.0.3.tgz 94926ms (cache miss)
2376 http fetch GET 200 https://registry.npmjs.org/expo-font/-/expo-font-57.0.3.tgz 95015ms (cache miss)
2377 http fetch GET 200 https://registry.npmjs.org/buffer-from/-/buffer-from-1.1.2.tgz 95060ms (cache miss)
2378 http fetch GET 200 https://registry.npmjs.org/bplist-creator/-/bplist-creator-0.1.0.tgz 95098ms (cache miss)
2379 http fetch GET 200 https://registry.npmjs.org/bser/-/bser-2.1.1.tgz 95355ms (cache miss)
2380 http fetch GET 200 https://registry.npmjs.org/brace-expansion/-/brace-expansion-1.1.14.tgz 95356ms (cache miss)
2381 http fetch GET 200 https://registry.npmjs.org/base64-js/-/base64-js-1.5.1.tgz 95597ms (cache miss)
2382 http fetch GET 200 https://registry.npmjs.org/bplist-parser/-/bplist-parser-0.3.1.tgz 95853ms (cache miss)
2383 http fetch GET 200 https://registry.npmjs.org/big-integer/-/big-integer-1.6.52.tgz 96167ms (cache miss)
2384 http fetch GET 200 https://registry.npmjs.org/badgin/-/badgin-1.2.3.tgz 96186ms (cache miss)
2385 http fetch GET 200 https://registry.npmjs.org/balanced-match/-/balanced-match-1.0.2.tgz 96402ms (cache miss)
2386 http fetch GET 200 https://registry.npmjs.org/boolbase/-/boolbase-1.0.0.tgz 96402ms (cache miss)
2387 http fetch GET 200 https://registry.npmjs.org/baseline-browser-mapping/-/baseline-browser-mapping-2.11.22.tgz 96464ms (cache miss)
2388 http fetch GET 200 https://registry.npmjs.org/babel-plugin-transform-flow-enums/-/babel-plugin-transform-flow-enums-0.0.2.tgz 96765ms (cache miss)
2389 http fetch GET 200 https://registry.npmjs.org/babel-plugin-syntax-hermes-parser/-/babel-plugin-syntax-hermes-parser-0.36.1.tgz 96778ms (cache miss)
2390 http fetch GET 200 https://registry.npmjs.org/barcode-detector/-/barcode-detector-3.2.2.tgz 96998ms (cache miss)
2391 http fetch GET 200 https://registry.npmjs.org/babel-plugin-polyfill-corejs2/-/babel-plugin-polyfill-corejs2-0.4.17.tgz 97369ms (cache miss)
2392 http fetch GET 200 https://registry.npmjs.org/asap/-/asap-2.0.6.tgz 97942ms (cache miss)
2393 http fetch GET 200 https://registry.npmjs.org/babel-plugin-polyfill-corejs3/-/babel-plugin-polyfill-corejs3-0.13.0.tgz 98188ms (cache miss)
2394 http fetch GET 200 https://registry.npmjs.org/babel-preset-expo/-/babel-preset-expo-57.0.11.tgz 98433ms (cache miss)
2395 http fetch GET 200 https://registry.npmjs.org/arraybuffer.prototype.slice/-/arraybuffer.prototype.slice-1.0.4.tgz 98601ms (cache miss)
2396 http fetch GET 200 https://registry.npmjs.org/async-function/-/async-function-1.0.0.tgz 98836ms (cache miss)
2397 http fetch GET 200 https://registry.npmjs.org/available-typed-arrays/-/available-typed-arrays-1.0.7.tgz 98903ms (cache miss)
2398 http fetch GET 200 https://registry.npmjs.org/array.prototype.flatmap/-/array.prototype.flatmap-1.3.3.tgz 99017ms (cache miss)
2399 http fetch GET 200 https://registry.npmjs.org/babel-plugin-polyfill-regenerator/-/babel-plugin-polyfill-regenerator-0.6.8.tgz 99087ms (cache miss)
2400 http fetch GET 200 https://registry.npmjs.org/array.prototype.flat/-/array.prototype.flat-1.3.3.tgz 99242ms (cache miss)
2401 http fetch GET 200 https://registry.npmjs.org/aria-hidden/-/aria-hidden-1.2.6.tgz 99388ms (cache miss)
2402 http fetch GET 200 https://registry.npmjs.org/array.prototype.findlast/-/array.prototype.findlast-1.2.5.tgz 99389ms (cache miss)
2403 http fetch GET 200 https://registry.npmjs.org/babel-plugin-react-native-web/-/babel-plugin-react-native-web-0.21.2.tgz 99814ms (cache miss)
2404 http fetch GET 200 https://registry.npmjs.org/array.prototype.findlastindex/-/array.prototype.findlastindex-1.2.6.tgz 99817ms (cache miss)
2405 http fetch GET 200 https://registry.npmjs.org/array-includes/-/array-includes-3.1.9.tgz 99866ms (cache miss)
2406 http fetch GET 200 https://registry.npmjs.org/array-buffer-byte-length/-/array-buffer-byte-length-1.0.2.tgz 100402ms (cache miss)
2407 http fetch GET 200 https://registry.npmjs.org/array.prototype.tosorted/-/array.prototype.tosorted-1.1.4.tgz 100439ms (cache miss)
2408 http fetch GET 200 https://registry.npmjs.org/ansi-regex/-/ansi-regex-5.0.1.tgz 100790ms (cache miss)
2409 http fetch GET 200 https://registry.npmjs.org/arg/-/arg-5.0.2.tgz 100996ms (cache miss)
2410 http fetch GET 200 https://registry.npmjs.org/ansi-escapes/-/ansi-escapes-4.3.2.tgz 101216ms (cache miss)
2411 http fetch GET 200 https://registry.npmjs.org/argparse/-/argparse-2.0.1.tgz 101231ms (cache miss)
2412 http fetch GET 200 https://registry.npmjs.org/react-native/-/react-native-0.86.3.tgz 101443ms (cache miss)
2413 http fetch GET 200 https://registry.npmjs.org/anser/-/anser-1.4.10.tgz 101468ms (cache miss)
2414 http fetch GET 200 https://registry.npmjs.org/ansi-styles/-/ansi-styles-4.3.0.tgz 101613ms (cache miss)
2415 http fetch GET 200 https://registry.npmjs.org/acorn-jsx/-/acorn-jsx-5.3.2.tgz 101787ms (cache miss)
2416 http fetch GET 200 https://registry.npmjs.org/agent-base/-/agent-base-7.1.4.tgz 102079ms (cache miss)
2417 http fetch GET 200 https://registry.npmjs.org/agent-cli-detector/-/agent-cli-detector-0.1.7.tgz 102216ms (cache miss)
2418 http fetch GET 200 https://registry.npmjs.org/accepts/-/accepts-2.0.0.tgz 102427ms (cache miss)
2419 http fetch GET 200 https://registry.npmjs.org/expo-router/-/expo-router-57.0.20.tgz 102932ms (cache miss)
2420 http fetch GET 200 https://registry.npmjs.org/abort-controller/-/abort-controller-3.0.0.tgz 103280ms (cache miss)
2421 http fetch GET 200 https://registry.npmjs.org/@ungap/structured-clone/-/structured-clone-1.3.1.tgz 103778ms (cache miss)
2422 http fetch GET 200 https://registry.npmjs.org/caniuse-lite/-/caniuse-lite-1.0.30001810.tgz 103951ms (cache miss)
2423 http fetch GET 200 https://registry.npmjs.org/@typescript-eslint/visitor-keys/-/visitor-keys-8.59.3.tgz 104316ms (cache miss)
2424 http fetch GET 200 https://registry.npmjs.org/@typescript-eslint/utils/-/utils-8.59.3.tgz 104990ms (cache miss)
2425 http fetch GET 200 https://registry.npmjs.org/@typescript-eslint/types/-/types-8.59.3.tgz 105134ms (cache miss)
2426 http fetch GET 200 https://registry.npmjs.org/react-devtools-core/-/react-devtools-core-6.1.5.tgz 105265ms (cache miss)
2427 http fetch GET 200 https://registry.npmjs.org/@xmldom/xmldom/-/xmldom-0.8.13.tgz 105568ms (cache miss)
2428 http fetch GET 200 https://registry.npmjs.org/@typescript-eslint/type-utils/-/type-utils-8.59.3.tgz 105950ms (cache miss)
2429 http fetch GET 200 https://registry.npmjs.org/@typescript-eslint/tsconfig-utils/-/tsconfig-utils-8.59.3.tgz 106000ms (cache miss)
2430 http fetch GET 200 https://registry.npmjs.org/@typescript-eslint/typescript-estree/-/typescript-estree-8.59.3.tgz 106477ms (cache miss)
2431 http fetch GET 200 https://registry.npmjs.org/@typescript-eslint/project-service/-/project-service-8.59.3.tgz 106540ms (cache miss)
2432 http fetch GET 200 https://registry.npmjs.org/acorn/-/acorn-8.16.0.tgz 107084ms (cache miss)
2433 http fetch GET 200 https://registry.npmjs.org/@types/react-test-renderer/-/react-test-renderer-19.3.0.tgz 107192ms (cache miss)
2434 http fetch GET 200 https://registry.npmjs.org/@types/yargs/-/yargs-17.0.35.tgz 108186ms (cache miss)
2435 http fetch GET 200 https://registry.npmjs.org/babel-plugin-react-compiler/-/babel-plugin-react-compiler-1.0.0.tgz 108356ms (cache miss)
2436 http fetch GET 200 https://registry.npmjs.org/@typescript-eslint/parser/-/parser-8.59.3.tgz 108466ms (cache miss)
2437 http fetch GET 200 https://registry.npmjs.org/@typescript-eslint/scope-manager/-/scope-manager-8.59.3.tgz 108571ms (cache miss)
2438 http fetch GET 200 https://registry.npmjs.org/@types/responselike/-/responselike-1.0.3.tgz 109406ms (cache miss)
2439 http fetch GET 200 https://registry.npmjs.org/ajv/-/ajv-6.15.0.tgz 109454ms (cache miss)
2440 http fetch GET 200 https://registry.npmjs.org/@types/keyv/-/keyv-3.1.4.tgz 109480ms (cache miss)
2441 http fetch GET 200 https://registry.npmjs.org/@types/yargs-parser/-/yargs-parser-21.0.3.tgz 109633ms (cache miss)
2442 http fetch GET 200 https://registry.npmjs.org/@types/react/-/react-19.2.18.tgz 110041ms (cache miss)
2443 http fetch GET 200 https://registry.npmjs.org/@types/istanbul-reports/-/istanbul-reports-3.0.4.tgz 110152ms (cache miss)
2444 http fetch GET 200 https://registry.npmjs.org/@types/json5/-/json5-0.0.29.tgz 110168ms (cache miss)
2445 http fetch GET 200 https://registry.npmjs.org/@types/json-schema/-/json-schema-7.0.15.tgz 110168ms (cache miss)
2446 http fetch GET 200 https://registry.npmjs.org/@types/http-cache-semantics/-/http-cache-semantics-4.2.0.tgz 110300ms (cache miss)
2447 http fetch GET 200 https://registry.npmjs.org/@types/istanbul-lib-report/-/istanbul-lib-report-3.0.3.tgz 110721ms (cache miss)
2448 http fetch GET 200 https://registry.npmjs.org/@types/istanbul-lib-coverage/-/istanbul-lib-coverage-2.0.6.tgz 110827ms (cache miss)
2449 http fetch GET 200 https://registry.npmjs.org/@types/emscripten/-/emscripten-1.41.6.tgz 110829ms (cache miss)
2450 http fetch GET 200 https://registry.npmjs.org/@types/estree/-/estree-1.0.9.tgz 110907ms (cache miss)
2451 http fetch GET 200 https://registry.npmjs.org/@socket.io/component-emitter/-/component-emitter-3.1.2.tgz 110974ms (cache miss)
2452 http fetch GET 200 https://registry.npmjs.org/@types/cacheable-request/-/cacheable-request-6.0.3.tgz 111237ms (cache miss)
2453 http fetch GET 200 https://registry.npmjs.org/@types/hammerjs/-/hammerjs-2.0.46.tgz 111323ms (cache miss)
2454 http fetch GET 200 https://registry.npmjs.org/@szmarczak/http-timer/-/http-timer-4.0.6.tgz 111397ms (cache miss)
2455 http fetch GET 200 https://registry.npmjs.org/@sindresorhus/is/-/is-4.6.0.tgz 111781ms (cache miss)
2456 http fetch GET 200 https://registry.npmjs.org/@react-native/metro-config/-/metro-config-0.86.3.tgz 111808ms (cache miss)
2457 http fetch GET 200 https://registry.npmjs.org/@rtsao/scc/-/scc-1.1.0.tgz 111847ms (cache miss)
2458 http fetch GET 200 https://registry.npmjs.org/@react-native/normalize-colors/-/normalize-colors-0.86.3.tgz 111993ms (cache miss)
2459 http fetch GET 200 https://registry.npmjs.org/@typescript-eslint/eslint-plugin/-/eslint-plugin-8.59.3.tgz 112468ms (cache miss)
2460 http fetch GET 200 https://registry.npmjs.org/@react-native/metro-babel-transformer/-/metro-babel-transformer-0.86.3.tgz 112567ms (cache miss)
2461 http fetch GET 200 https://registry.npmjs.org/@react-native/js-polyfills/-/js-polyfills-0.86.3.tgz 112638ms (cache miss)
2462 http fetch GET 200 https://registry.npmjs.org/@sinclair/typebox/-/typebox-0.27.10.tgz 112642ms (cache miss)
2463 http fetch GET 200 https://registry.npmjs.org/@react-native/babel-preset/-/babel-preset-0.86.3.tgz 113342ms (cache miss)
2464 http fetch GET 200 https://registry.npmjs.org/@react-native/community-cli-plugin/-/community-cli-plugin-0.86.3.tgz 113344ms (cache miss)
2465 http fetch GET 200 https://registry.npmjs.org/@react-native/dev-middleware/-/dev-middleware-0.86.3.tgz 113639ms (cache miss)
2466 http fetch GET 200 https://registry.npmjs.org/@react-native/babel-plugin-codegen/-/babel-plugin-codegen-0.86.3.tgz 113843ms (cache miss)
2467 http fetch GET 200 https://registry.npmjs.org/@react-native/gradle-plugin/-/gradle-plugin-0.86.3.tgz 114370ms (cache miss)
2468 http fetch GET 200 https://registry.npmjs.org/@react-native/assets-registry/-/assets-registry-0.86.3.tgz 114474ms (cache miss)
2469 http fetch GET 200 https://registry.npmjs.org/@react-native-masked-view/masked-view/-/masked-view-0.3.2.tgz 114569ms (cache miss)
2470 http fetch GET 200 https://registry.npmjs.org/@radix-ui/react-use-layout-effect/-/react-use-layout-effect-1.1.1.tgz 115094ms (cache miss)
2471 http fetch GET 200 https://registry.npmjs.org/@radix-ui/react-use-callback-ref/-/react-use-callback-ref-1.1.1.tgz 115380ms (cache miss)
2472 http fetch GET 200 https://registry.npmjs.org/@radix-ui/react-use-effect-event/-/react-use-effect-event-0.0.2.tgz 115839ms (cache miss)
2473 http fetch GET 200 https://registry.npmjs.org/@react-native-async-storage/async-storage/-/async-storage-2.2.0.tgz 115900ms (cache miss)
2474 http fetch GET 200 https://registry.npmjs.org/@radix-ui/react-use-controllable-state/-/react-use-controllable-state-1.2.2.tgz 116001ms (cache miss)
2475 http fetch GET 200 https://registry.npmjs.org/@radix-ui/react-use-escape-keydown/-/react-use-escape-keydown-1.1.1.tgz 116448ms (cache miss)
2476 http fetch GET 200 https://registry.npmjs.org/@react-native/codegen/-/codegen-0.86.3.tgz 116808ms (cache miss)
2477 http fetch GET 200 https://registry.npmjs.org/@react-native-google-signin/google-signin/-/google-signin-16.1.4.tgz 116893ms (cache miss)
2478 http fetch GET 200 https://registry.npmjs.org/expo-location/-/expo-location-57.0.16.tgz 116920ms (cache miss)
2479 http fetch GET 200 https://registry.npmjs.org/@radix-ui/react-direction/-/react-direction-1.1.1.tgz 117094ms (cache miss)
2480 http fetch GET 200 https://registry.npmjs.org/@radix-ui/react-focus-guards/-/react-focus-guards-1.1.3.tgz 117095ms (cache miss)
2481 http fetch GET 200 https://registry.npmjs.org/@types/node/-/node-25.6.2.tgz 117109ms (cache miss)
2482 http fetch GET 200 https://registry.npmjs.org/@radix-ui/react-id/-/react-id-1.1.1.tgz 117130ms (cache miss)
2483 http fetch GET 200 https://registry.npmjs.org/@radix-ui/react-slot/-/react-slot-1.2.0.tgz 117419ms (cache miss)
2484 http fetch GET 200 https://registry.npmjs.org/@radix-ui/primitive/-/primitive-1.1.3.tgz 117477ms (cache miss)
2485 http fetch GET 200 https://registry.npmjs.org/@nolyfill/is-core-module/-/is-core-module-1.0.39.tgz 117477ms (cache miss)
2486 http fetch GET 200 https://registry.npmjs.org/@jridgewell/source-map/-/source-map-0.3.11.tgz 117918ms (cache miss)
2487 http fetch GET 200 https://registry.npmjs.org/@jridgewell/resolve-uri/-/resolve-uri-3.1.2.tgz 117951ms (cache miss)
2488 http fetch GET 200 https://registry.npmjs.org/@radix-ui/react-context/-/react-context-1.1.2.tgz 117975ms (cache miss)
2489 http fetch GET 200 https://registry.npmjs.org/@radix-ui/react-compose-refs/-/react-compose-refs-1.1.2.tgz 118290ms (cache miss)
2490 http fetch GET 200 https://registry.npmjs.org/@jridgewell/remapping/-/remapping-2.3.5.tgz 118392ms (cache miss)
2491 http fetch GET 200 https://registry.npmjs.org/@jridgewell/trace-mapping/-/trace-mapping-0.3.31.tgz 118395ms (cache miss)
2492 http fetch GET 200 https://registry.npmjs.org/@jridgewell/gen-mapping/-/gen-mapping-0.3.13.tgz 118628ms (cache miss)
2493 http fetch GET 200 https://registry.npmjs.org/@jest/types/-/types-29.6.3.tgz 118783ms (cache miss)
2494 http fetch GET 200 https://registry.npmjs.org/@humanwhocodes/retry/-/retry-0.4.3.tgz 118952ms (cache miss)
2495 http fetch GET 200 https://registry.npmjs.org/@jest/schemas/-/schemas-29.6.3.tgz 119026ms (cache miss)
2496 http fetch GET 200 https://registry.npmjs.org/@jridgewell/sourcemap-codec/-/sourcemap-codec-1.5.5.tgz 119140ms (cache miss)
2497 http fetch GET 200 https://registry.npmjs.org/@isaacs/ttlcache/-/ttlcache-1.4.1.tgz 119184ms (cache miss)
2498 http fetch GET 200 https://registry.npmjs.org/@humanwhocodes/module-importer/-/module-importer-1.0.1.tgz 119184ms (cache miss)
2499 http fetch GET 200 https://registry.npmjs.org/@expo/spawn-async/-/spawn-async-1.8.0.tgz 119442ms (cache miss)
2500 http fetch GET 200 https://registry.npmjs.org/@humanfs/types/-/types-0.15.0.tgz 119828ms (cache miss)
2501 http fetch GET 200 https://registry.npmjs.org/@humanfs/core/-/core-0.19.2.tgz 120042ms (cache miss)
2502 http fetch GET 200 https://registry.npmjs.org/@expo/sudo-prompt/-/sudo-prompt-9.3.2.tgz 120407ms (cache miss)
2503 http fetch GET 200 https://registry.npmjs.org/@humanfs/node/-/node-0.16.8.tgz 120757ms (cache miss)
2504 http fetch GET 200 https://registry.npmjs.org/@expo/sdk-runtime-versions/-/sdk-runtime-versions-1.0.0.tgz 120838ms (cache miss)
2505 http fetch GET 200 https://registry.npmjs.org/@expo/plist/-/plist-0.8.1.tgz 121214ms (cache miss)
2506 http fetch GET 200 https://registry.npmjs.org/@expo/xcpretty/-/xcpretty-4.4.5.tgz 121356ms (cache miss)
2507 http fetch GET 200 https://registry.npmjs.org/@expo/require-utils/-/require-utils-57.0.5.tgz 121522ms (cache miss)
2508 http fetch GET 200 https://registry.npmjs.org/@expo/osascript/-/osascript-2.7.1.tgz 121772ms (cache miss)
2509 http fetch GET 200 https://registry.npmjs.org/@expo/package-manager/-/package-manager-1.13.1.tgz 121873ms (cache miss)
2510 http fetch GET 200 https://registry.npmjs.org/@expo/schema-utils/-/schema-utils-57.0.2.tgz 122114ms (cache miss)
2511 http fetch GET 200 https://registry.npmjs.org/@expo/ngrok-bin/-/ngrok-bin-2.3.42.tgz 122447ms (cache miss)
2512 http fetch GET 200 https://registry.npmjs.org/@expo/metro-runtime/-/metro-runtime-57.0.15.tgz 122812ms (cache miss)
2513 http fetch GET 200 https://registry.npmjs.org/@expo/prebuild-config/-/prebuild-config-57.0.15.tgz 122829ms (cache miss)
2514 http fetch GET 200 https://registry.npmjs.org/@unrs/resolver-binding-darwin-arm64/-/resolver-binding-darwin-arm64-1.11.1.tgz 123486ms (cache miss)
2515 http fetch GET 200 https://registry.npmjs.org/fb-dotslash/-/fb-dotslash-0.5.8.tgz 123712ms (cache miss)
2516 http fetch GET 200 https://registry.npmjs.org/@expo/local-build-cache-provider/-/local-build-cache-provider-57.0.8.tgz 124084ms (cache miss)
2517 http fetch GET 200 https://registry.npmjs.org/@expo/json-file/-/json-file-11.0.1.tgz 124204ms (cache miss)
2518 http fetch GET 200 https://registry.npmjs.org/@expo/inline-modules/-/inline-modules-0.1.7.tgz 124570ms (cache miss)
2519 http fetch GET 200 https://registry.npmjs.org/@react-native/debugger-shell/-/debugger-shell-0.86.3.tgz 125136ms (cache miss)
2520 http fetch GET 200 https://registry.npmjs.org/@expo/metro-file-map/-/metro-file-map-57.0.3.tgz 125234ms (cache miss)
2521 http fetch GET 200 https://registry.npmjs.org/@expo/metro-config/-/metro-config-57.0.12.tgz 125432ms (cache miss)
2522 http fetch GET 200 https://registry.npmjs.org/@expo/ngrok/-/ngrok-4.1.3.tgz 125471ms (cache miss)
2523 http fetch GET 200 https://registry.npmjs.org/@expo/metro/-/metro-56.0.2.tgz 125641ms (cache miss)
2524 http fetch GET 200 https://registry.npmjs.org/@expo/image-utils/-/image-utils-0.11.5.tgz 126018ms (cache miss)
2525 http fetch GET 200 https://registry.npmjs.org/@expo/devtools/-/devtools-57.0.1.tgz 126453ms (cache miss)
2526 http fetch GET 200 https://registry.npmjs.org/@expo/log-box/-/log-box-57.0.4.tgz 126805ms (cache miss)
2527 http fetch GET 200 https://registry.npmjs.org/@expo/fingerprint/-/fingerprint-0.20.12.tgz 126863ms (cache miss)
2528 http fetch GET 200 https://registry.npmjs.org/@expo/devcert/-/devcert-1.2.1.tgz 127214ms (cache miss)
2529 http fetch GET 200 https://registry.npmjs.org/@expo/env/-/env-2.4.3.tgz 127666ms (cache miss)
2530 http fetch GET 200 https://registry.npmjs.org/@expo/config-types/-/config-types-57.0.2.tgz 127868ms (cache miss)
2531 http fetch GET 200 https://registry.npmjs.org/@expo/dom-webview/-/dom-webview-57.0.1.tgz 128518ms (cache miss)
2532 http fetch GET 200 https://registry.npmjs.org/@expo/config/-/config-57.0.9.tgz 128724ms (cache miss)
2533 http fetch GET 200 https://registry.npmjs.org/@expo/code-signing-certificates/-/code-signing-certificates-0.0.6.tgz 129144ms (cache miss)
2534 http fetch GET 200 https://registry.npmjs.org/@eslint/plugin-kit/-/plugin-kit-0.4.1.tgz 129327ms (cache miss)
2535 http fetch GET 200 https://registry.npmjs.org/@eslint/core/-/core-0.17.0.tgz 130175ms (cache miss)
2536 http fetch GET 200 https://registry.npmjs.org/@eslint/object-schema/-/object-schema-2.1.7.tgz 130201ms (cache miss)
2537 http fetch GET 200 https://registry.npmjs.org/@eslint/js/-/js-9.39.4.tgz 130865ms (cache miss)
2538 http fetch GET 200 https://registry.npmjs.org/@eslint/config-helpers/-/config-helpers-0.4.2.tgz 131716ms (cache miss)
2539 http fetch GET 200 https://registry.npmjs.org/@expo/config-plugins/-/config-plugins-57.0.9.tgz 131960ms (cache miss)
2540 http fetch GET 200 https://registry.npmjs.org/@eslint/eslintrc/-/eslintrc-3.3.5.tgz 132198ms (cache miss)
2541 http fetch GET 200 https://registry.npmjs.org/@eslint/config-array/-/config-array-0.21.2.tgz 132867ms (cache miss)
2542 http fetch GET 200 https://registry.npmjs.org/@babel/template/-/template-7.29.7.tgz 133242ms (cache miss)
2543 http fetch GET 200 https://registry.npmjs.org/@babel/traverse/-/traverse-7.29.8.tgz 133861ms (cache miss)
2544 http fetch GET 200 https://registry.npmjs.org/typescript/-/typescript-6.0.3.tgz 134400ms (cache miss)
2545 http fetch GET 200 https://registry.npmjs.org/@eslint-community/regexpp/-/regexpp-4.12.2.tgz 134511ms (cache miss)
2546 http fetch GET 200 https://registry.npmjs.org/@egjs/hammerjs/-/hammerjs-2.0.17.tgz 134822ms (cache miss)
2547 http fetch GET 200 https://registry.npmjs.org/@eslint-community/eslint-utils/-/eslint-utils-4.9.1.tgz 134875ms (cache miss)
2548 http fetch GET 200 https://registry.npmjs.org/@babel/plugin-transform-unicode-regex/-/plugin-transform-unicode-regex-7.27.1.tgz 134890ms (cache miss)
2549 http fetch GET 200 https://registry.npmjs.org/@babel/plugin-transform-typescript/-/plugin-transform-typescript-7.28.6.tgz 135123ms (cache miss)
2550 http fetch GET 200 https://registry.npmjs.org/@babel/plugin-transform-runtime/-/plugin-transform-runtime-7.29.7.tgz 135158ms (cache miss)
2551 http fetch GET 200 https://registry.npmjs.org/@babel/preset-typescript/-/preset-typescript-7.28.5.tgz 135169ms (cache miss)
2552 http fetch GET 200 https://registry.npmjs.org/@babel/plugin-transform-template-literals/-/plugin-transform-template-literals-7.29.7.tgz 135340ms (cache miss)
2553 http fetch GET 200 https://registry.npmjs.org/@babel/plugin-transform-shorthand-properties/-/plugin-transform-shorthand-properties-7.29.7.tgz 135730ms (cache miss)
2554 http fetch GET 200 https://registry.npmjs.org/@babel/plugin-transform-react-jsx-source/-/plugin-transform-react-jsx-source-7.29.7.tgz 136034ms (cache miss)
2555 http fetch GET 200 https://registry.npmjs.org/@babel/plugin-transform-regenerator/-/plugin-transform-regenerator-7.29.8.tgz 136245ms (cache miss)
2556 http fetch GET 200 https://registry.npmjs.org/@babel/plugin-transform-react-jsx-development/-/plugin-transform-react-jsx-development-7.29.7.tgz 136301ms (cache miss)
2557 http fetch GET 200 https://registry.npmjs.org/@babel/runtime/-/runtime-7.29.2.tgz 136314ms (cache miss)
2558 http fetch GET 200 https://registry.npmjs.org/@babel/plugin-transform-react-jsx-self/-/plugin-transform-react-jsx-self-7.29.7.tgz 136688ms (cache miss)
2559 http fetch GET 200 https://registry.npmjs.org/@babel/plugin-transform-react-pure-annotations/-/plugin-transform-react-pure-annotations-7.29.7.tgz 136688ms (cache miss)
2560 http fetch GET 200 https://registry.npmjs.org/@babel/plugin-transform-optional-catch-binding/-/plugin-transform-optional-catch-binding-7.29.7.tgz 136956ms (cache miss)
2561 http fetch GET 200 https://registry.npmjs.org/@babel/plugin-transform-react-display-name/-/plugin-transform-react-display-name-7.29.7.tgz 136956ms (cache miss)
2562 http fetch GET 200 https://registry.npmjs.org/@babel/plugin-transform-react-jsx/-/plugin-transform-react-jsx-7.29.7.tgz 136957ms (cache miss)
2563 http fetch GET 200 https://registry.npmjs.org/@babel/plugin-transform-private-methods/-/plugin-transform-private-methods-7.29.7.tgz 137188ms (cache miss)
2564 http fetch GET 200 https://registry.npmjs.org/@babel/plugin-transform-object-rest-spread/-/plugin-transform-object-rest-spread-7.29.7.tgz 137485ms (cache miss)
2565 http fetch GET 200 https://registry.npmjs.org/@babel/plugin-transform-private-property-in-object/-/plugin-transform-private-property-in-object-7.29.7.tgz 137505ms (cache miss)
2566 http fetch GET 200 https://registry.npmjs.org/@babel/plugin-transform-nullish-coalescing-operator/-/plugin-transform-nullish-coalescing-operator-7.28.6.tgz 137748ms (cache miss)
2567 http fetch GET 200 https://registry.npmjs.org/@babel/plugin-transform-modules-commonjs/-/plugin-transform-modules-commonjs-7.28.6.tgz 137891ms (cache miss)
2568 http fetch GET 200 https://registry.npmjs.org/@babel/types/-/types-7.29.8.tgz 138001ms (cache miss)
2569 http fetch GET 200 https://registry.npmjs.org/@babel/plugin-transform-logical-assignment-operators/-/plugin-transform-logical-assignment-operators-7.29.7.tgz 138113ms (cache miss)
2570 http fetch GET 200 https://registry.npmjs.org/@babel/plugin-transform-optional-chaining/-/plugin-transform-optional-chaining-7.28.6.tgz 138145ms (cache miss)
2571 http fetch GET 200 https://registry.npmjs.org/@babel/plugin-transform-named-capturing-groups-regex/-/plugin-transform-named-capturing-groups-regex-7.29.7.tgz 138257ms (cache miss)
2572 http fetch GET 200 https://registry.npmjs.org/@babel/plugin-transform-flow-strip-types/-/plugin-transform-flow-strip-types-7.29.7.tgz 138340ms (cache miss)
2573 http fetch GET 200 https://registry.npmjs.org/@babel/plugin-transform-export-namespace-from/-/plugin-transform-export-namespace-from-7.29.7.tgz 138598ms (cache miss)
2574 http fetch GET 200 https://registry.npmjs.org/@expo/vector-icons/-/vector-icons-15.1.1.tgz 138622ms (cache miss)
2575 http fetch GET 200 https://registry.npmjs.org/@babel/plugin-transform-class-static-block/-/plugin-transform-class-static-block-7.29.7.tgz 138799ms (cache miss)
2576 http fetch GET 200 https://registry.npmjs.org/@babel/plugin-transform-for-of/-/plugin-transform-for-of-7.29.7.tgz 138877ms (cache miss)
2577 http fetch GET 200 https://registry.npmjs.org/@babel/plugin-transform-destructuring/-/plugin-transform-destructuring-7.29.7.tgz 138961ms (cache miss)
2578 http fetch GET 200 https://registry.npmjs.org/@babel/plugin-transform-block-scoping/-/plugin-transform-block-scoping-7.29.7.tgz 139234ms (cache miss)
2579 http fetch GET 200 https://registry.npmjs.org/@babel/plugin-transform-class-properties/-/plugin-transform-class-properties-7.28.6.tgz 139263ms (cache miss)
2580 http fetch GET 200 https://registry.npmjs.org/@babel/plugin-transform-classes/-/plugin-transform-classes-7.28.6.tgz 139275ms (cache miss)
2581 http fetch GET 200 https://registry.npmjs.org/@babel/plugin-transform-parameters/-/plugin-transform-parameters-7.29.7.tgz 139441ms (cache miss)
2582 http fetch GET 200 https://registry.npmjs.org/@babel/plugin-transform-arrow-functions/-/plugin-transform-arrow-functions-7.29.7.tgz 139670ms (cache miss)
2583 http fetch GET 200 https://registry.npmjs.org/@babel/plugin-transform-async-to-generator/-/plugin-transform-async-to-generator-7.29.7.tgz 139671ms (cache miss)
2584 http fetch GET 200 https://registry.npmjs.org/@babel/plugin-transform-async-generator-functions/-/plugin-transform-async-generator-functions-7.29.7.tgz 139845ms (cache miss)
2585 http fetch GET 200 https://registry.npmjs.org/@babel/plugin-syntax-export-default-from/-/plugin-syntax-export-default-from-7.29.7.tgz 139985ms (cache miss)
2586 http fetch GET 200 https://registry.npmjs.org/@babel/plugin-syntax-nullish-coalescing-operator/-/plugin-syntax-nullish-coalescing-operator-7.8.3.tgz 140120ms (cache miss)
2587 http fetch GET 200 https://registry.npmjs.org/@babel/plugin-syntax-typescript/-/plugin-syntax-typescript-7.28.6.tgz 140122ms (cache miss)
2588 http fetch GET 200 https://registry.npmjs.org/@babel/plugin-syntax-flow/-/plugin-syntax-flow-7.29.7.tgz 140191ms (cache miss)
2589 http fetch GET 200 https://registry.npmjs.org/@babel/plugin-syntax-optional-chaining/-/plugin-syntax-optional-chaining-7.8.3.tgz 140202ms (cache miss)
2590 http fetch GET 200 https://registry.npmjs.org/@babel/plugin-syntax-jsx/-/plugin-syntax-jsx-7.29.7.tgz 140368ms (cache miss)
2591 http fetch GET 200 https://registry.npmjs.org/@babel/plugin-proposal-export-default-from/-/plugin-proposal-export-default-from-7.29.7.tgz 140769ms (cache miss)
2592 http fetch GET 200 https://registry.npmjs.org/@babel/plugin-proposal-decorators/-/plugin-proposal-decorators-7.29.7.tgz 140769ms (cache miss)
2593 http fetch GET 200 https://registry.npmjs.org/@babel/plugin-syntax-decorators/-/plugin-syntax-decorators-7.29.7.tgz 140868ms (cache miss)
2594 http fetch GET 200 https://registry.npmjs.org/@babel/helper-wrap-function/-/helper-wrap-function-7.29.7.tgz 140975ms (cache miss)
2595 http fetch GET 200 https://registry.npmjs.org/@babel/plugin-syntax-dynamic-import/-/plugin-syntax-dynamic-import-7.8.3.tgz 140975ms (cache miss)
2596 http fetch GET 200 https://registry.npmjs.org/@babel/helper-validator-option/-/helper-validator-option-7.29.7.tgz 141485ms (cache miss)
2597 http fetch GET 200 https://registry.npmjs.org/@babel/helper-validator-identifier/-/helper-validator-identifier-7.29.7.tgz 141490ms (cache miss)
2598 http fetch GET 200 https://registry.npmjs.org/@babel/helper-string-parser/-/helper-string-parser-7.29.7.tgz 141780ms (cache miss)
2599 http fetch GET 200 https://registry.npmjs.org/@babel/helper-skip-transparent-expression-wrappers/-/helper-skip-transparent-expression-wrappers-7.29.7.tgz 141966ms (cache miss)
2600 http fetch GET 200 https://registry.npmjs.org/@babel/helper-remap-async-to-generator/-/helper-remap-async-to-generator-7.29.7.tgz 141966ms (cache miss)
2601 http fetch GET 200 https://registry.npmjs.org/@babel/helper-optimise-call-expression/-/helper-optimise-call-expression-7.29.7.tgz 142201ms (cache miss)
2602 http fetch GET 200 https://registry.npmjs.org/@babel/helper-member-expression-to-functions/-/helper-member-expression-to-functions-7.29.7.tgz 142317ms (cache miss)
2603 http fetch GET 200 https://registry.npmjs.org/@babel/helper-module-imports/-/helper-module-imports-7.29.7.tgz 142397ms (cache miss)
2604 http fetch GET 200 https://registry.npmjs.org/@babel/helper-replace-supers/-/helper-replace-supers-7.29.7.tgz 142754ms (cache miss)
2605 http fetch GET 200 https://registry.npmjs.org/@babel/helper-globals/-/helper-globals-7.29.7.tgz 142903ms (cache miss)
2606 http fetch GET 200 https://registry.npmjs.org/@babel/helper-module-transforms/-/helper-module-transforms-7.28.6.tgz 143232ms (cache miss)
2607 http fetch GET 200 https://registry.npmjs.org/@babel/helper-compilation-targets/-/helper-compilation-targets-7.29.7.tgz 143418ms (cache miss)
2608 http fetch GET 200 https://registry.npmjs.org/@babel/helper-create-regexp-features-plugin/-/helper-create-regexp-features-plugin-7.29.7.tgz 143418ms (cache miss)
2609 http fetch GET 200 https://registry.npmjs.org/@expo-google-fonts/dancing-script/-/dancing-script-0.4.2.tgz 143800ms (cache miss)
2610 http fetch GET 200 https://registry.npmjs.org/@babel/parser/-/parser-7.29.8.tgz 143864ms (cache miss)
2611 http fetch GET 200 https://registry.npmjs.org/@babel/helper-annotate-as-pure/-/helper-annotate-as-pure-7.29.7.tgz 143914ms (cache miss)
2612 http fetch GET 200 https://registry.npmjs.org/@babel/compat-data/-/compat-data-7.29.7.tgz 144092ms (cache miss)
2613 http fetch GET 200 https://registry.npmjs.org/@babel/code-frame/-/code-frame-7.29.7.tgz 144357ms (cache miss)
2614 http fetch GET 200 https://registry.npmjs.org/@babel/helper-define-polyfill-provider/-/helper-define-polyfill-provider-0.6.8.tgz 144765ms (cache miss)
2615 http fetch GET 200 https://registry.npmjs.org/@babel/helpers/-/helpers-7.29.2.tgz 145187ms (cache miss)
2616 http fetch GET 200 https://registry.npmjs.org/@babel/generator/-/generator-7.29.8.tgz 145200ms (cache miss)
2617 http fetch GET 200 https://registry.npmjs.org/@radix-ui/react-primitive/-/react-primitive-2.1.3.tgz 145204ms (cache miss)
2618 http fetch GET 200 https://registry.npmjs.org/@radix-ui/react-presence/-/react-presence-1.1.5.tgz 145389ms (cache miss)
2619 http fetch GET 200 https://registry.npmjs.org/@radix-ui/react-slot/-/react-slot-1.2.3.tgz 145448ms (cache miss)
2620 http fetch GET 200 https://registry.npmjs.org/@radix-ui/react-dismissable-layer/-/react-dismissable-layer-1.1.11.tgz 145974ms (cache miss)
2621 http fetch GET 200 https://registry.npmjs.org/type-fest/-/type-fest-5.9.0.tgz 146070ms (cache miss)
2622 http fetch GET 200 https://registry.npmjs.org/@radix-ui/react-dialog/-/react-dialog-1.1.15.tgz 146133ms (cache miss)
2623 http fetch GET 200 https://registry.npmjs.org/commander/-/commander-2.20.3.tgz 146202ms (cache miss)
2624 http fetch GET 200 https://registry.npmjs.org/@babel/helper-create-class-features-plugin/-/helper-create-class-features-plugin-7.29.7.tgz 146317ms (cache miss)
2625 http fetch GET 200 https://registry.npmjs.org/encodeurl/-/encodeurl-2.0.0.tgz 146745ms (cache miss)
2626 http fetch GET 200 https://registry.npmjs.org/@babel/core/-/core-7.29.0.tgz 146805ms (cache miss)
2627 http fetch GET 200 https://registry.npmjs.org/json5/-/json5-1.0.2.tgz 146814ms (cache miss)
2628 http fetch GET 200 https://registry.npmjs.org/@radix-ui/react-portal/-/react-portal-1.1.9.tgz 146832ms (cache miss)
2629 http fetch GET 200 https://registry.npmjs.org/@radix-ui/react-focus-scope/-/react-focus-scope-1.1.7.tgz 146867ms (cache miss)
2630 http fetch GET 200 https://registry.npmjs.org/statuses/-/statuses-2.0.2.tgz 147035ms (cache miss)
2631 http fetch GET 200 https://registry.npmjs.org/encodeurl/-/encodeurl-2.0.0.tgz 147097ms (cache miss)
2632 http fetch GET 200 https://registry.npmjs.org/semver/-/semver-7.8.5.tgz 147257ms (cache miss)
2633 http fetch GET 200 https://registry.npmjs.org/ms/-/ms-2.0.0.tgz 147327ms (cache miss)
2634 http fetch GET 200 https://registry.npmjs.org/debug/-/debug-2.6.9.tgz 147470ms (cache miss)
2635 http fetch GET 200 https://registry.npmjs.org/on-finished/-/on-finished-2.4.1.tgz 147687ms (cache miss)
2636 http fetch GET 200 https://registry.npmjs.org/source-map/-/source-map-0.6.1.tgz 147760ms (cache miss)
2637 http fetch GET 200 https://registry.npmjs.org/xmlbuilder/-/xmlbuilder-11.0.1.tgz 147800ms (cache miss)
2638 http fetch GET 200 https://registry.npmjs.org/@babel/helper-plugin-utils/-/helper-plugin-utils-7.29.7.tgz 148207ms (cache miss)
2639 http fetch GET 200 https://registry.npmjs.org/ms/-/ms-2.1.2.tgz 148234ms (cache miss)
2640 http fetch GET 200 https://registry.npmjs.org/debug/-/debug-4.3.4.tgz 148279ms (cache miss)
2641 http fetch GET 200 https://registry.npmjs.org/semver/-/semver-7.8.0.tgz 148300ms (cache miss)
2642 http fetch GET 200 https://registry.npmjs.org/commander/-/commander-12.1.0.tgz 148457ms (cache miss)
2643 http fetch GET 200 https://registry.npmjs.org/@react-native/normalize-colors/-/normalize-colors-0.74.89.tgz 148962ms (cache miss)
2644 http fetch GET 200 https://registry.npmjs.org/event-target-shim/-/event-target-shim-6.0.2.tgz 149044ms (cache miss)
2645 http fetch GET 200 https://registry.npmjs.org/hermes-estree/-/hermes-estree-0.36.0.tgz 149216ms (cache miss)
2646 http fetch GET 200 https://registry.npmjs.org/babel-plugin-syntax-hermes-parser/-/babel-plugin-syntax-hermes-parser-0.36.0.tgz 149255ms (cache miss)
2647 http fetch GET 200 https://registry.npmjs.org/semver/-/semver-7.8.0.tgz 149368ms (cache miss)
2648 http fetch GET 200 https://registry.npmjs.org/react-is/-/react-is-16.13.1.tgz 149405ms (cache miss)
2649 http fetch GET 200 https://registry.npmjs.org/memoize-one/-/memoize-one-6.0.0.tgz 149633ms (cache miss)
2650 http fetch GET 200 https://registry.npmjs.org/@react-native/virtualized-lists/-/virtualized-lists-0.86.3.tgz 149635ms (cache miss)
2651 http fetch GET 200 https://registry.npmjs.org/ansi-styles/-/ansi-styles-5.2.0.tgz 149692ms (cache miss)
2652 http fetch GET 200 https://registry.npmjs.org/hermes-compiler/-/hermes-compiler-250829098.0.17.tgz 149954ms (cache miss)
2653 http fetch GET 200 https://registry.npmjs.org/react-is/-/react-is-18.3.1.tgz 149910ms (cache miss)
2654 http fetch GET 200 https://registry.npmjs.org/supports-color/-/supports-color-5.5.0.tgz 149938ms (cache miss)
2655 http fetch GET 200 https://registry.npmjs.org/strip-ansi/-/strip-ansi-5.2.0.tgz 150002ms (cache miss)
2656 http fetch GET 200 https://registry.npmjs.org/color-name/-/color-name-1.1.3.tgz 150024ms (cache miss)
2657 http fetch GET 200 https://registry.npmjs.org/has-flag/-/has-flag-3.0.0.tgz 150043ms (cache miss)
2658 http fetch GET 200 https://registry.npmjs.org/escape-string-regexp/-/escape-string-regexp-1.0.5.tgz 150120ms (cache miss)
2659 http fetch GET 200 https://registry.npmjs.org/ansi-styles/-/ansi-styles-3.2.1.tgz 150164ms (cache miss)
2660 http fetch GET 200 https://registry.npmjs.org/color-convert/-/color-convert-1.9.3.tgz 150196ms (cache miss)
2661 http fetch GET 200 https://registry.npmjs.org/chalk/-/chalk-2.4.2.tgz 150250ms (cache miss)
2662 http fetch GET 200 https://registry.npmjs.org/ansi-regex/-/ansi-regex-4.1.1.tgz 150297ms (cache miss)
2663 http fetch GET 200 https://registry.npmjs.org/picomatch/-/picomatch-2.3.2.tgz 150325ms (cache miss)
2664 http fetch GET 200 https://registry.npmjs.org/supports-color/-/supports-color-5.5.0.tgz 150396ms (cache miss)
2665 http fetch GET 200 https://registry.npmjs.org/semver/-/semver-7.8.5.tgz 150429ms (cache miss)
2666 http fetch GET 200 https://registry.npmjs.org/hermes-estree/-/hermes-estree-0.35.0.tgz 150906ms (cache miss)
2667 http fetch GET 200 https://registry.npmjs.org/expo-image-manipulator/-/expo-image-manipulator-57.0.16.tgz 151167ms (cache miss)
2668 http fetch GET 200 https://registry.npmjs.org/color-name/-/color-name-1.1.3.tgz 151140ms (cache miss)
2669 http fetch GET 200 https://registry.npmjs.org/escape-string-regexp/-/escape-string-regexp-1.0.5.tgz 151343ms (cache miss)
2670 http fetch GET 200 https://registry.npmjs.org/hermes-estree/-/hermes-estree-0.35.0.tgz 151345ms (cache miss)
2671 http fetch GET 200 https://registry.npmjs.org/color-convert/-/color-convert-1.9.3.tgz 151369ms (cache miss)
2672 http fetch GET 200 https://registry.npmjs.org/@xmldom/xmldom/-/xmldom-0.9.10.tgz 151458ms (cache miss)
2673 http fetch GET 200 https://registry.npmjs.org/has-flag/-/has-flag-3.0.0.tgz 151512ms (cache miss)
2674 http fetch GET 200 https://registry.npmjs.org/chalk/-/chalk-2.4.2.tgz 151527ms (cache miss)
2675 http fetch GET 200 https://registry.npmjs.org/debug/-/debug-2.6.9.tgz 151663ms (cache miss)
2676 http fetch GET 200 https://registry.npmjs.org/supports-color/-/supports-color-8.1.1.tgz 151721ms (cache miss)
2677 http fetch GET 200 https://registry.npmjs.org/ms/-/ms-2.0.0.tgz 151737ms (cache miss)
2678 http fetch GET 200 https://registry.npmjs.org/ci-info/-/ci-info-3.9.0.tgz 151798ms (cache miss)
2679 http fetch GET 200 https://registry.npmjs.org/ansi-styles/-/ansi-styles-3.2.1.tgz 151934ms (cache miss)
2680 http fetch GET 200 https://registry.npmjs.org/picomatch/-/picomatch-2.3.2.tgz 151935ms (cache miss)
2681 http fetch GET 200 https://registry.npmjs.org/resolve-from/-/resolve-from-4.0.0.tgz 151935ms (cache miss)
2682 http fetch GET 200 https://registry.npmjs.org/statuses/-/statuses-2.0.2.tgz 151997ms (cache miss)
2683 http fetch GET 200 https://registry.npmjs.org/react-is/-/react-is-16.13.1.tgz 152145ms (cache miss)
2684 http fetch GET 200 https://registry.npmjs.org/semver/-/semver-7.8.0.tgz 152269ms (cache miss)
2685 http fetch GET 200 https://registry.npmjs.org/balanced-match/-/balanced-match-4.0.4.tgz 152442ms (cache miss)
2686 http fetch GET 200 https://registry.npmjs.org/promise/-/promise-7.3.1.tgz 152487ms (cache miss)
2687 http fetch GET 200 https://registry.npmjs.org/ms/-/ms-2.0.0.tgz 152762ms (cache miss)
2688 http fetch GET 200 https://registry.npmjs.org/lru-cache/-/lru-cache-10.4.3.tgz 152793ms (cache miss)
2689 http fetch GET 200 https://registry.npmjs.org/hermes-parser/-/hermes-parser-0.35.0.tgz 152853ms (cache miss)
2690 http fetch GET 200 https://registry.npmjs.org/brace-expansion/-/brace-expansion-5.0.6.tgz 152911ms (cache miss)
2691 http fetch GET 200 https://registry.npmjs.org/debug/-/debug-2.6.9.tgz 152974ms (cache miss)
2692 http fetch GET 200 https://registry.npmjs.org/@radix-ui/react-tabs/-/react-tabs-1.1.13.tgz 152989ms (cache miss)
2693 http fetch GET 200 https://registry.npmjs.org/@radix-ui/react-roving-focus/-/react-roving-focus-1.1.11.tgz 153045ms (cache miss)
2694 http fetch GET 200 https://registry.npmjs.org/@radix-ui/react-primitive/-/react-primitive-2.1.3.tgz 153106ms (cache miss)
2695 http fetch GET 200 https://registry.npmjs.org/@react-native/debugger-frontend/-/debugger-frontend-0.86.3.tgz 153175ms (cache miss)
2696 http fetch GET 200 https://registry.npmjs.org/mime-types/-/mime-types-2.1.35.tgz 153235ms (cache miss)
2697 http fetch GET 200 https://registry.npmjs.org/@radix-ui/react-slot/-/react-slot-1.2.3.tgz 153236ms (cache miss)
2698 http fetch GET 200 https://registry.npmjs.org/ua-parser-js/-/ua-parser-js-0.7.41.tgz 153283ms (cache miss)
2699 http fetch GET 200 https://registry.npmjs.org/negotiator/-/negotiator-0.6.3.tgz 153351ms (cache miss)
2700 http fetch GET 200 https://registry.npmjs.org/ws/-/ws-8.21.3.tgz 153429ms (cache miss)
2701 http fetch GET 200 https://registry.npmjs.org/@radix-ui/react-presence/-/react-presence-1.1.5.tgz 153566ms (cache miss)
2702 http fetch GET 200 https://registry.npmjs.org/@radix-ui/react-slot/-/react-slot-1.2.3.tgz 153571ms (cache miss)
2703 http fetch GET 200 https://registry.npmjs.org/semver/-/semver-7.8.5.tgz 153590ms (cache miss)
2704 http fetch GET 200 https://registry.npmjs.org/semver/-/semver-7.8.5.tgz 153702ms (cache miss)
2705 http fetch GET 200 https://registry.npmjs.org/@radix-ui/react-collection/-/react-collection-1.1.7.tgz 153851ms (cache miss)
2706 http fetch GET 200 https://registry.npmjs.org/mime-db/-/mime-db-1.52.0.tgz 153861ms (cache miss)
2707 http fetch GET 200 https://registry.npmjs.org/minimatch/-/minimatch-10.2.5.tgz 153867ms (cache miss)
2708 http fetch GET 200 https://registry.npmjs.org/ci-info/-/ci-info-3.9.0.tgz 153876ms (cache miss)
2709 http fetch GET 200 https://registry.npmjs.org/accepts/-/accepts-1.3.8.tgz 153901ms (cache miss)
2710 http fetch GET 200 https://registry.npmjs.org/debug/-/debug-3.2.7.tgz 154124ms (cache miss)
2711 http fetch GET 200 https://registry.npmjs.org/@expo/ui/-/ui-57.0.17.tgz 154234ms (cache miss)
2712 http fetch GET 200 https://registry.npmjs.org/hermes-estree/-/hermes-estree-0.25.1.tgz 154212ms (cache miss)
2713 http fetch GET 200 https://registry.npmjs.org/ws/-/ws-8.21.0.tgz 154390ms (cache miss)
2714 http fetch GET 200 https://registry.npmjs.org/globals/-/globals-16.5.0.tgz 154520ms (cache miss)
2715 http fetch GET 200 https://registry.npmjs.org/debug/-/debug-3.2.7.tgz 154759ms (cache miss)
2716 http fetch GET 200 https://registry.npmjs.org/mimic-response/-/mimic-response-3.1.0.tgz 154829ms (cache miss)
2717 http fetch GET 200 https://registry.npmjs.org/@expo/ws-tunnel/-/ws-tunnel-2.0.0.tgz 154852ms (cache miss)
2718 http fetch GET 200 https://registry.npmjs.org/@expo/router-server/-/router-server-57.0.9.tgz 155110ms (cache miss)
2719 http fetch GET 200 https://registry.npmjs.org/debug/-/debug-2.6.9.tgz 155337ms (cache miss)
2720 http fetch GET 200 https://registry.npmjs.org/debug/-/debug-2.6.9.tgz 155345ms (cache miss)
2721 http fetch GET 200 https://registry.npmjs.org/ms/-/ms-2.0.0.tgz 155402ms (cache miss)
2722 http fetch GET 200 https://registry.npmjs.org/negotiator/-/negotiator-0.6.4.tgz 155557ms (cache miss)
2723 http fetch GET 200 https://registry.npmjs.org/source-map/-/source-map-0.6.1.tgz 155707ms (cache miss)
2724 http fetch GET 200 https://registry.npmjs.org/ms/-/ms-2.0.0.tgz 155789ms (cache miss)
2725 http fetch GET 200 https://registry.npmjs.org/brace-expansion/-/brace-expansion-5.0.6.tgz 155908ms (cache miss)
2726 http fetch GET 200 https://registry.npmjs.org/balanced-match/-/balanced-match-4.0.4.tgz 155993ms (cache miss)
2727 http fetch GET 200 https://registry.npmjs.org/eslint-visitor-keys/-/eslint-visitor-keys-5.0.1.tgz 156068ms (cache miss)
2728 http fetch GET 200 https://registry.npmjs.org/type-fest/-/type-fest-0.21.3.tgz 156299ms (cache miss)
2729 http fetch GET 200 https://registry.npmjs.org/debug/-/debug-3.2.7.tgz 156414ms (cache miss)
2730 http fetch GET 200 https://registry.npmjs.org/ignore/-/ignore-7.0.5.tgz 156615ms (cache miss)
2731 http fetch GET 200 https://registry.npmjs.org/semver/-/semver-7.8.0.tgz 156839ms (cache miss)
2732 http fetch GET 200 https://registry.npmjs.org/semver/-/semver-7.8.5.tgz 157218ms (cache miss)
2733 http fetch GET 200 https://registry.npmjs.org/minimatch/-/minimatch-10.2.5.tgz 157300ms (cache miss)
2734 http fetch GET 200 https://registry.npmjs.org/hermes-estree/-/hermes-estree-0.36.0.tgz 157793ms (cache miss)
2735 http fetch GET 200 https://registry.npmjs.org/hermes-parser/-/hermes-parser-0.25.1.tgz 158006ms (cache miss)
2736 http fetch GET 200 https://registry.npmjs.org/semver/-/semver-7.8.5.tgz 158173ms (cache miss)
2737 http fetch GET 200 https://registry.npmjs.org/uuid/-/uuid-3.4.0.tgz 158685ms (cache miss)
2738 warn deprecated uuid@3.4.0: uuid@10 and below is no longer supported.  For ESM codebases, update to uuid@latest.  For CommonJS codebases, use uuid@11 (but be aware this version will likely be deprecated in 2028).
2739 http fetch GET 200 https://registry.npmjs.org/metro-transform-worker/-/metro-transform-worker-0.84.5.tgz 159632ms (cache miss)
2740 http fetch GET 200 https://registry.npmjs.org/yaml/-/yaml-1.10.3.tgz 160239ms (cache miss)
2741 http fetch GET 200 https://registry.npmjs.org/metro-symbolicate/-/metro-symbolicate-0.84.5.tgz 160445ms (cache miss)
2742 http fetch GET 200 https://registry.npmjs.org/hermes-parser/-/hermes-parser-0.35.0.tgz 160454ms (cache miss)
2743 http fetch GET 200 https://registry.npmjs.org/babel-plugin-syntax-hermes-parser/-/babel-plugin-syntax-hermes-parser-0.36.0.tgz 160532ms (cache miss)
2744 http fetch GET 200 https://registry.npmjs.org/lru-cache/-/lru-cache-11.3.6.tgz 160892ms (cache miss)
2745 http fetch GET 200 https://registry.npmjs.org/ob1/-/ob1-0.84.5.tgz 160965ms (cache miss)
2746 http fetch GET 200 https://registry.npmjs.org/metro-core/-/metro-core-0.84.5.tgz 161137ms (cache miss)
2747 http fetch GET 200 https://registry.npmjs.org/hermes-estree/-/hermes-estree-0.36.0.tgz 161253ms (cache miss)
2748 http fetch GET 200 https://registry.npmjs.org/metro-source-map/-/metro-source-map-0.84.5.tgz 161386ms (cache miss)
2749 http fetch GET 200 https://registry.npmjs.org/metro-transform-plugins/-/metro-transform-plugins-0.84.5.tgz 161552ms (cache miss)
2750 http fetch GET 200 https://registry.npmjs.org/metro-resolver/-/metro-resolver-0.84.5.tgz 161852ms (cache miss)
2751 http fetch GET 200 https://registry.npmjs.org/metro-minify-terser/-/metro-minify-terser-0.84.5.tgz 161990ms (cache miss)
2752 http fetch GET 200 https://registry.npmjs.org/metro-runtime/-/metro-runtime-0.84.5.tgz 161992ms (cache miss)
2753 http fetch GET 200 https://registry.npmjs.org/hermes-parser/-/hermes-parser-0.36.0.tgz 162520ms (cache miss)
2754 http fetch GET 200 https://registry.npmjs.org/metro-config/-/metro-config-0.84.5.tgz 162573ms (cache miss)
2755 http fetch GET 200 https://registry.npmjs.org/metro-cache-key/-/metro-cache-key-0.84.5.tgz 162631ms (cache miss)
2756 http fetch GET 200 https://registry.npmjs.org/metro-babel-transformer/-/metro-babel-transformer-0.84.5.tgz 162920ms (cache miss)
2757 http fetch GET 200 https://registry.npmjs.org/metro-cache/-/metro-cache-0.84.5.tgz 163237ms (cache miss)
2758 http fetch GET 200 https://registry.npmjs.org/hermes-parser/-/hermes-parser-0.36.0.tgz 163306ms (cache miss)
2759 http fetch GET 200 https://registry.npmjs.org/semver/-/semver-7.8.5.tgz 163513ms (cache miss)
2760 http fetch GET 200 https://registry.npmjs.org/@expo/cli/-/cli-57.0.23.tgz 163710ms (cache miss)
2761 http fetch GET 200 https://registry.npmjs.org/hermes-estree/-/hermes-estree-0.36.0.tgz 163796ms (cache miss)
2762 http fetch GET 200 https://registry.npmjs.org/hermes-parser/-/hermes-parser-0.36.0.tgz 163837ms (cache miss)
2763 http fetch GET 200 https://registry.npmjs.org/semver/-/semver-7.8.5.tgz 164040ms (cache miss)
2764 http fetch GET 200 https://registry.npmjs.org/brace-expansion/-/brace-expansion-5.0.9.tgz 164050ms (cache miss)
2765 http fetch GET 200 https://registry.npmjs.org/metro-file-map/-/metro-file-map-0.84.5.tgz 164389ms (cache miss)
2766 http fetch GET 200 https://registry.npmjs.org/semver/-/semver-7.8.5.tgz 164512ms (cache miss)
2767 http fetch GET 200 https://registry.npmjs.org/debug/-/debug-3.2.7.tgz 164525ms (cache miss)
2768 http fetch GET 200 https://registry.npmjs.org/minimatch/-/minimatch-10.2.6.tgz 164550ms (cache miss)
2769 http fetch GET 200 https://registry.npmjs.org/balanced-match/-/balanced-match-4.0.4.tgz 164638ms (cache miss)
2770 http fetch GET 200 https://registry.npmjs.org/hermes-estree/-/hermes-estree-0.35.0.tgz 164732ms (cache miss)
2771 http fetch GET 200 https://registry.npmjs.org/eslint-visitor-keys/-/eslint-visitor-keys-3.4.3.tgz 164801ms (cache miss)
2772 http fetch GET 200 https://registry.npmjs.org/semver/-/semver-7.8.5.tgz 164836ms (cache miss)
2773 http fetch GET 200 https://registry.npmjs.org/resolve/-/resolve-1.22.12.tgz 164900ms (cache miss)
2774 http fetch GET 200 https://registry.npmjs.org/brace-expansion 163570ms (cache miss)
2775 silly packumentCache corgi:https://registry.npmjs.org/brace-expansion set size:undefined disposed:false
2776 http fetch GET 200 https://registry.npmjs.org/decode-uri-component 163856ms (cache miss)
2777 silly packumentCache corgi:https://registry.npmjs.org/decode-uri-component set size:undefined disposed:false
2778 http fetch GET 200 https://registry.npmjs.org/uuid 164119ms (cache miss)
2779 silly packumentCache corgi:https://registry.npmjs.org/uuid set size:undefined disposed:false
2780 http fetch GET 200 https://registry.npmjs.org/js-yaml 164367ms (cache miss)
2781 silly packumentCache corgi:https://registry.npmjs.org/js-yaml set size:undefined disposed:false
2782 http fetch GET 200 https://registry.npmjs.org/ws 164372ms (cache miss)
2783 silly packumentCache corgi:https://registry.npmjs.org/ws set size:undefined disposed:false
2784 http fetch GET 200 https://registry.npmjs.org/shell-quote 164536ms (cache miss)
2785 silly packumentCache corgi:https://registry.npmjs.org/shell-quote set size:undefined disposed:false
2786 http fetch GET 200 https://registry.npmjs.org/@xmldom%2fxmldom 164653ms (cache miss)
2787 silly packumentCache corgi:https://registry.npmjs.org/@xmldom%2fxmldom set size:undefined disposed:false
2788 http fetch GET 200 https://registry.npmjs.org/@babel%2fcore 164675ms (cache miss)
2789 silly packumentCache corgi:https://registry.npmjs.org/@babel%2fcore set size:undefined disposed:false
2790 http fetch GET 200 https://registry.npmjs.org/metro/-/metro-0.84.5.tgz 166287ms (cache miss)
2791 http fetch GET 200 https://registry.npmjs.org/socket.io-parser 164983ms (cache miss)
2792 silly packumentCache corgi:https://registry.npmjs.org/socket.io-parser set size:undefined disposed:false
2793 silly packumentCache corgi:https://registry.npmjs.org/@babel%2fhelper-create-class-features-plugin cache-miss
2794 silly packumentCache corgi:https://registry.npmjs.org/@babel%2fhelper-create-regexp-features-plugin cache-miss
2795 silly packumentCache corgi:https://registry.npmjs.org/@babel%2fhelper-define-polyfill-provider cache-miss
2796 silly packumentCache corgi:https://registry.npmjs.org/@babel%2fhelper-module-transforms cache-miss
2797 silly packumentCache corgi:https://registry.npmjs.org/@babel%2fhelper-remap-async-to-generator cache-miss
2798 silly packumentCache corgi:https://registry.npmjs.org/@babel%2fhelper-replace-supers cache-miss
2799 silly packumentCache corgi:https://registry.npmjs.org/@babel%2fplugin-proposal-decorators cache-miss
2800 silly packumentCache corgi:https://registry.npmjs.org/@babel%2fplugin-proposal-export-default-from cache-miss
2801 silly packumentCache corgi:https://registry.npmjs.org/@babel%2fplugin-syntax-decorators cache-miss
2802 silly packumentCache corgi:https://registry.npmjs.org/@babel%2fplugin-syntax-dynamic-import cache-miss
2803 silly packumentCache corgi:https://registry.npmjs.org/@babel%2fplugin-syntax-export-default-from cache-miss
2804 silly packumentCache corgi:https://registry.npmjs.org/@babel%2fplugin-syntax-flow cache-miss
2805 silly packumentCache corgi:https://registry.npmjs.org/@babel%2fplugin-syntax-jsx cache-miss
2806 silly packumentCache corgi:https://registry.npmjs.org/@babel%2fplugin-syntax-nullish-coalescing-operator cache-miss
2807 silly packumentCache corgi:https://registry.npmjs.org/@babel%2fplugin-syntax-optional-chaining cache-miss
2808 silly packumentCache corgi:https://registry.npmjs.org/@babel%2fplugin-syntax-typescript cache-miss
2809 silly packumentCache corgi:https://registry.npmjs.org/@babel%2fplugin-transform-arrow-functions cache-miss
2810 silly packumentCache corgi:https://registry.npmjs.org/@babel%2fplugin-transform-async-generator-functions cache-miss
2811 silly packumentCache corgi:https://registry.npmjs.org/@babel%2fplugin-transform-async-to-generator cache-miss
2812 silly packumentCache corgi:https://registry.npmjs.org/@babel%2fplugin-transform-block-scoping cache-miss
2813 silly packumentCache corgi:https://registry.npmjs.org/@babel%2fplugin-transform-class-properties cache-miss
2814 silly packumentCache corgi:https://registry.npmjs.org/@babel%2fplugin-transform-class-static-block cache-miss
2815 silly packumentCache corgi:https://registry.npmjs.org/@babel%2fplugin-transform-classes cache-miss
2816 silly packumentCache corgi:https://registry.npmjs.org/@babel%2fplugin-transform-destructuring cache-miss
2817 silly packumentCache corgi:https://registry.npmjs.org/@babel%2fplugin-transform-export-namespace-from cache-miss
2818 silly packumentCache corgi:https://registry.npmjs.org/@babel%2fplugin-transform-flow-strip-types cache-miss
2819 silly packumentCache corgi:https://registry.npmjs.org/@babel%2fplugin-transform-for-of cache-miss
2820 silly packumentCache corgi:https://registry.npmjs.org/@babel%2fplugin-transform-logical-assignment-operators cache-miss
2821 silly packumentCache corgi:https://registry.npmjs.org/@babel%2fplugin-transform-modules-commonjs cache-miss
2822 silly packumentCache corgi:https://registry.npmjs.org/@babel%2fplugin-transform-named-capturing-groups-regex cache-miss
2823 silly packumentCache corgi:https://registry.npmjs.org/@babel%2fplugin-transform-nullish-coalescing-operator cache-miss
2824 silly packumentCache corgi:https://registry.npmjs.org/@babel%2fplugin-transform-object-rest-spread cache-miss
2825 silly packumentCache corgi:https://registry.npmjs.org/@babel%2fplugin-transform-optional-catch-binding cache-miss
2826 silly packumentCache corgi:https://registry.npmjs.org/@babel%2fplugin-transform-optional-chaining cache-miss
2827 silly packumentCache corgi:https://registry.npmjs.org/@babel%2fplugin-transform-parameters cache-miss
2828 silly packumentCache corgi:https://registry.npmjs.org/@babel%2fplugin-transform-private-methods cache-miss
2829 silly packumentCache corgi:https://registry.npmjs.org/@babel%2fplugin-transform-private-property-in-object cache-miss
2830 silly packumentCache corgi:https://registry.npmjs.org/@babel%2fplugin-transform-react-display-name cache-miss
2831 silly packumentCache corgi:https://registry.npmjs.org/@babel%2fplugin-transform-react-jsx cache-miss
2832 silly packumentCache corgi:https://registry.npmjs.org/@babel%2fplugin-transform-react-jsx-development cache-miss
2833 silly packumentCache corgi:https://registry.npmjs.org/@babel%2fplugin-transform-react-jsx-self cache-miss
2834 silly packumentCache corgi:https://registry.npmjs.org/@babel%2fplugin-transform-react-jsx-source cache-miss
2835 silly packumentCache corgi:https://registry.npmjs.org/@babel%2fplugin-transform-react-pure-annotations cache-miss
2836 silly packumentCache corgi:https://registry.npmjs.org/@babel%2fplugin-transform-regenerator cache-miss
2837 silly packumentCache corgi:https://registry.npmjs.org/@babel%2fplugin-transform-runtime cache-miss
2838 silly packumentCache corgi:https://registry.npmjs.org/@babel%2fplugin-transform-shorthand-properties cache-miss
2839 silly packumentCache corgi:https://registry.npmjs.org/@babel%2fplugin-transform-template-literals cache-miss
2840 silly packumentCache corgi:https://registry.npmjs.org/@babel%2fplugin-transform-typescript cache-miss
2841 silly packumentCache corgi:https://registry.npmjs.org/@babel%2fplugin-transform-unicode-regex cache-miss
2842 silly packumentCache corgi:https://registry.npmjs.org/@babel%2fpreset-typescript cache-miss
2843 silly packumentCache corgi:https://registry.npmjs.org/@expo%2fmetro-config cache-miss
2844 silly packumentCache corgi:https://registry.npmjs.org/metro cache-miss
2845 silly packumentCache corgi:https://registry.npmjs.org/metro-babel-transformer cache-miss
2846 silly packumentCache corgi:https://registry.npmjs.org/metro-transform-plugins cache-miss
2847 silly packumentCache corgi:https://registry.npmjs.org/metro-transform-worker cache-miss
2848 silly packumentCache corgi:https://registry.npmjs.org/@expo%2frequire-utils cache-miss
2849 silly packumentCache corgi:https://registry.npmjs.org/@expo%2fui cache-miss
2850 silly packumentCache corgi:https://registry.npmjs.org/@react-native%2fbabel-preset cache-miss
2851 silly packumentCache corgi:https://registry.npmjs.org/@react-native%2fcodegen cache-miss
2852 silly packumentCache corgi:https://registry.npmjs.org/@react-native%2fmetro-babel-transformer cache-miss
2853 silly packumentCache corgi:https://registry.npmjs.org/babel-plugin-polyfill-corejs2 cache-miss
2854 silly packumentCache corgi:https://registry.npmjs.org/babel-plugin-polyfill-corejs3 cache-miss
2855 silly packumentCache corgi:https://registry.npmjs.org/babel-plugin-polyfill-regenerator cache-miss
2856 silly packumentCache corgi:https://registry.npmjs.org/eslint-plugin-react-hooks cache-miss
2857 silly packumentCache corgi:https://registry.npmjs.org/react-native-worklets cache-miss
2858 http fetch GET 200 https://registry.npmjs.org/hermes-parser/-/hermes-parser-0.36.0.tgz 166879ms (cache miss)
2859 http fetch GET 200 https://registry.npmjs.org/@babel%2fhelper-create-regexp-features-plugin 585ms (cache miss)
2860 silly packumentCache corgi:https://registry.npmjs.org/@babel%2fhelper-create-regexp-features-plugin set size:undefined disposed:false
2861 http fetch GET 200 https://registry.npmjs.org/@babel%2fhelper-define-polyfill-provider 757ms (cache miss)
2862 silly packumentCache corgi:https://registry.npmjs.org/@babel%2fhelper-define-polyfill-provider set size:undefined disposed:false
2863 http fetch GET 200 https://registry.npmjs.org/@babel%2fhelper-remap-async-to-generator 1078ms (cache miss)
2864 silly packumentCache corgi:https://registry.npmjs.org/@babel%2fhelper-remap-async-to-generator set size:undefined disposed:false
2865 http fetch GET 200 https://registry.npmjs.org/@babel%2fhelper-create-class-features-plugin 1479ms (cache miss)
2866 silly packumentCache corgi:https://registry.npmjs.org/@babel%2fhelper-create-class-features-plugin set size:undefined disposed:false
2867 http fetch GET 200 https://registry.npmjs.org/@babel%2fhelper-replace-supers 1600ms (cache miss)
2868 silly packumentCache corgi:https://registry.npmjs.org/@babel%2fhelper-replace-supers set size:undefined disposed:false
2869 http fetch GET 200 https://registry.npmjs.org/@babel%2fplugin-syntax-decorators 1608ms (cache miss)
2870 silly packumentCache corgi:https://registry.npmjs.org/@babel%2fplugin-syntax-decorators set size:undefined disposed:false
2871 http fetch GET 200 https://registry.npmjs.org/@babel%2fplugin-syntax-dynamic-import 1772ms (cache miss)
2872 silly packumentCache corgi:https://registry.npmjs.org/@babel%2fplugin-syntax-dynamic-import set size:undefined disposed:false
2873 http fetch GET 200 https://registry.npmjs.org/@babel%2fhelper-module-transforms 1852ms (cache miss)
2874 silly packumentCache corgi:https://registry.npmjs.org/@babel%2fhelper-module-transforms set size:undefined disposed:false
2875 http fetch GET 200 https://registry.npmjs.org/hermes-parser/-/hermes-parser-0.35.0.tgz 168309ms (cache miss)
2876 http fetch GET 200 https://registry.npmjs.org/@babel%2fplugin-proposal-export-default-from 1944ms (cache miss)
2877 silly packumentCache corgi:https://registry.npmjs.org/@babel%2fplugin-proposal-export-default-from set size:undefined disposed:false
2878 http fetch GET 200 https://registry.npmjs.org/@babel%2fplugin-proposal-decorators 1952ms (cache miss)
2879 silly packumentCache corgi:https://registry.npmjs.org/@babel%2fplugin-proposal-decorators set size:undefined disposed:false
2880 http fetch GET 200 https://registry.npmjs.org/@babel%2fplugin-syntax-nullish-coalescing-operator 1989ms (cache miss)
2881 silly packumentCache corgi:https://registry.npmjs.org/@babel%2fplugin-syntax-nullish-coalescing-operator set size:undefined disposed:false
2882 http fetch GET 200 https://registry.npmjs.org/@babel%2fplugin-syntax-export-default-from 2035ms (cache miss)
2883 silly packumentCache corgi:https://registry.npmjs.org/@babel%2fplugin-syntax-export-default-from set size:undefined disposed:false
2884 http fetch GET 200 https://registry.npmjs.org/@babel%2fplugin-syntax-optional-chaining 2471ms (cache miss)
2885 silly packumentCache corgi:https://registry.npmjs.org/@babel%2fplugin-syntax-optional-chaining set size:undefined disposed:false
2886 http fetch GET 200 https://registry.npmjs.org/@babel%2fplugin-transform-arrow-functions 2981ms (cache miss)
2887 silly packumentCache corgi:https://registry.npmjs.org/@babel%2fplugin-transform-arrow-functions set size:undefined disposed:false
2888 http fetch GET 200 https://registry.npmjs.org/@babel%2fplugin-transform-block-scoping 3211ms (cache miss)
2889 silly packumentCache corgi:https://registry.npmjs.org/@babel%2fplugin-transform-block-scoping set size:undefined disposed:false
2890 http fetch GET 200 https://registry.npmjs.org/@babel%2fplugin-transform-class-properties 3420ms (cache miss)
2891 silly packumentCache corgi:https://registry.npmjs.org/@babel%2fplugin-transform-class-properties set size:undefined disposed:false
2892 http fetch GET 200 https://registry.npmjs.org/@babel%2fplugin-transform-async-generator-functions 3479ms (cache miss)
2893 silly packumentCache corgi:https://registry.npmjs.org/@babel%2fplugin-transform-async-generator-functions set size:undefined disposed:false
2894 http fetch GET 200 https://registry.npmjs.org/@babel%2fplugin-transform-class-static-block 3484ms (cache miss)
2895 silly packumentCache corgi:https://registry.npmjs.org/@babel%2fplugin-transform-class-static-block set size:undefined disposed:false
2896 http fetch GET 200 https://registry.npmjs.org/@babel%2fplugin-syntax-jsx 3550ms (cache miss)
2897 silly packumentCache corgi:https://registry.npmjs.org/@babel%2fplugin-syntax-jsx set size:undefined disposed:false
2898 http fetch GET 200 https://registry.npmjs.org/@babel%2fplugin-syntax-flow 3829ms (cache miss)
2899 silly packumentCache corgi:https://registry.npmjs.org/@babel%2fplugin-syntax-flow set size:undefined disposed:false
2900 http fetch GET 200 https://registry.npmjs.org/@babel%2fplugin-transform-async-to-generator 3833ms (cache miss)
2901 silly packumentCache corgi:https://registry.npmjs.org/@babel%2fplugin-transform-async-to-generator set size:undefined disposed:false
2902 http fetch GET 200 https://registry.npmjs.org/@babel%2fplugin-syntax-typescript 4109ms (cache miss)
2903 silly packumentCache corgi:https://registry.npmjs.org/@babel%2fplugin-syntax-typescript set size:undefined disposed:false
2904 http fetch GET 200 https://registry.npmjs.org/@babel%2fplugin-transform-classes 4632ms (cache miss)
2905 silly packumentCache corgi:https://registry.npmjs.org/@babel%2fplugin-transform-classes set size:undefined disposed:false
2906 http fetch GET 200 https://registry.npmjs.org/@babel%2fplugin-transform-destructuring 4788ms (cache miss)
2907 silly packumentCache corgi:https://registry.npmjs.org/@babel%2fplugin-transform-destructuring set size:undefined disposed:false
2908 http fetch GET 200 https://registry.npmjs.org/@babel%2fplugin-transform-export-namespace-from 4792ms (cache miss)
2909 silly packumentCache corgi:https://registry.npmjs.org/@babel%2fplugin-transform-export-namespace-from set size:undefined disposed:false
2910 http fetch GET 200 https://registry.npmjs.org/@babel%2fplugin-transform-logical-assignment-operators 5032ms (cache miss)
2911 silly packumentCache corgi:https://registry.npmjs.org/@babel%2fplugin-transform-logical-assignment-operators set size:undefined disposed:false
2912 http fetch GET 200 https://registry.npmjs.org/@babel%2fplugin-transform-object-rest-spread 5411ms (cache miss)
2913 silly packumentCache corgi:https://registry.npmjs.org/@babel%2fplugin-transform-object-rest-spread set size:undefined disposed:false
2914 http fetch GET 200 https://registry.npmjs.org/@babel%2fplugin-transform-nullish-coalescing-operator 5427ms (cache miss)
2915 silly packumentCache corgi:https://registry.npmjs.org/@babel%2fplugin-transform-nullish-coalescing-operator set size:undefined disposed:false
2916 http fetch GET 200 https://registry.npmjs.org/@babel%2fplugin-transform-optional-catch-binding 5455ms (cache miss)
2917 silly packumentCache corgi:https://registry.npmjs.org/@babel%2fplugin-transform-optional-catch-binding set size:undefined disposed:false
2918 http fetch GET 200 https://registry.npmjs.org/@babel%2fplugin-transform-named-capturing-groups-regex 5549ms (cache miss)
2919 silly packumentCache corgi:https://registry.npmjs.org/@babel%2fplugin-transform-named-capturing-groups-regex set size:undefined disposed:false
2920 http fetch GET 200 https://registry.npmjs.org/@babel%2fplugin-transform-flow-strip-types 5551ms (cache miss)
2921 silly packumentCache corgi:https://registry.npmjs.org/@babel%2fplugin-transform-flow-strip-types set size:undefined disposed:false
2922 http fetch GET 200 https://registry.npmjs.org/@babel%2fplugin-transform-for-of 5608ms (cache miss)
2923 silly packumentCache corgi:https://registry.npmjs.org/@babel%2fplugin-transform-for-of set size:undefined disposed:false
2924 http fetch GET 200 https://registry.npmjs.org/@babel%2fplugin-transform-modules-commonjs 5753ms (cache miss)
2925 silly packumentCache corgi:https://registry.npmjs.org/@babel%2fplugin-transform-modules-commonjs set size:undefined disposed:false
2926 http fetch GET 200 https://registry.npmjs.org/@babel%2fplugin-transform-optional-chaining 5762ms (cache miss)
2927 silly packumentCache corgi:https://registry.npmjs.org/@babel%2fplugin-transform-optional-chaining set size:undefined disposed:false
2928 http fetch GET 200 https://registry.npmjs.org/@babel%2fplugin-transform-private-methods 5861ms (cache miss)
2929 silly packumentCache corgi:https://registry.npmjs.org/@babel%2fplugin-transform-private-methods set size:undefined disposed:false
2930 http fetch GET 200 https://registry.npmjs.org/@babel%2fplugin-transform-private-property-in-object 6283ms (cache miss)
2931 silly packumentCache corgi:https://registry.npmjs.org/@babel%2fplugin-transform-private-property-in-object set size:undefined disposed:false
2932 http fetch GET 200 https://registry.npmjs.org/@babel%2fplugin-transform-react-display-name 6435ms (cache miss)
2933 silly packumentCache corgi:https://registry.npmjs.org/@babel%2fplugin-transform-react-display-name set size:undefined disposed:false
2934 http fetch GET 200 https://registry.npmjs.org/@babel%2fplugin-transform-regenerator 6455ms (cache miss)
2935 silly packumentCache corgi:https://registry.npmjs.org/@babel%2fplugin-transform-regenerator set size:undefined disposed:false
2936 http fetch GET 200 https://registry.npmjs.org/@babel%2fplugin-transform-parameters 6549ms (cache miss)
2937 silly packumentCache corgi:https://registry.npmjs.org/@babel%2fplugin-transform-parameters set size:undefined disposed:false
2938 http fetch GET 200 https://registry.npmjs.org/@babel%2fplugin-transform-react-jsx-development 6651ms (cache miss)
2939 silly packumentCache corgi:https://registry.npmjs.org/@babel%2fplugin-transform-react-jsx-development set size:undefined disposed:false
2940 http fetch GET 200 https://registry.npmjs.org/@babel%2fplugin-transform-react-pure-annotations 6699ms (cache miss)
2941 silly packumentCache corgi:https://registry.npmjs.org/@babel%2fplugin-transform-react-pure-annotations set size:undefined disposed:false
2942 http fetch GET 200 https://registry.npmjs.org/@babel%2fplugin-transform-react-jsx 6837ms (cache miss)
2943 silly packumentCache corgi:https://registry.npmjs.org/@babel%2fplugin-transform-react-jsx set size:undefined disposed:false
2944 http fetch GET 200 https://registry.npmjs.org/@babel%2fplugin-transform-react-jsx-source 6846ms (cache miss)
2945 silly packumentCache corgi:https://registry.npmjs.org/@babel%2fplugin-transform-react-jsx-source set size:undefined disposed:false
2946 http fetch GET 200 https://registry.npmjs.org/@babel%2fplugin-transform-react-jsx-self 6956ms (cache miss)
2947 silly packumentCache corgi:https://registry.npmjs.org/@babel%2fplugin-transform-react-jsx-self set size:undefined disposed:false
2948 http fetch GET 200 https://registry.npmjs.org/@babel%2fplugin-transform-shorthand-properties 6980ms (cache miss)
2949 silly packumentCache corgi:https://registry.npmjs.org/@babel%2fplugin-transform-shorthand-properties set size:undefined disposed:false
2950 http fetch GET 200 https://registry.npmjs.org/@babel%2fplugin-transform-template-literals 7081ms (cache miss)
2951 silly packumentCache corgi:https://registry.npmjs.org/@babel%2fplugin-transform-template-literals set size:undefined disposed:false
2952 http fetch GET 200 https://registry.npmjs.org/metro-transform-plugins 7961ms (cache miss)
2953 silly packumentCache corgi:https://registry.npmjs.org/metro-transform-plugins set size:undefined disposed:false
2954 http fetch GET 200 https://registry.npmjs.org/@babel%2fpreset-typescript 8169ms (cache miss)
2955 silly packumentCache corgi:https://registry.npmjs.org/@babel%2fpreset-typescript set size:undefined disposed:false
2956 http fetch GET 200 https://registry.npmjs.org/metro-transform-worker 8186ms (cache miss)
2957 silly packumentCache corgi:https://registry.npmjs.org/metro-transform-worker set size:undefined disposed:false
2958 http fetch GET 200 https://registry.npmjs.org/@babel%2fplugin-transform-unicode-regex 8419ms (cache miss)
2959 silly packumentCache corgi:https://registry.npmjs.org/@babel%2fplugin-transform-unicode-regex set size:undefined disposed:false
2960 http fetch GET 200 https://registry.npmjs.org/@expo%2frequire-utils 8645ms (cache miss)
2961 silly packumentCache corgi:https://registry.npmjs.org/@expo%2frequire-utils set size:undefined disposed:false
2962 http fetch GET 200 https://registry.npmjs.org/@babel%2fplugin-transform-runtime 8758ms (cache miss)
2963 silly packumentCache corgi:https://registry.npmjs.org/@babel%2fplugin-transform-runtime set size:undefined disposed:false
2964 http fetch GET 200 https://registry.npmjs.org/metro 8762ms (cache miss)
2965 silly packumentCache corgi:https://registry.npmjs.org/metro set size:undefined disposed:false
2966 http fetch GET 200 https://registry.npmjs.org/@babel%2fplugin-transform-typescript 8773ms (cache miss)
2967 silly packumentCache corgi:https://registry.npmjs.org/@babel%2fplugin-transform-typescript set size:undefined disposed:false
2968 http fetch GET 200 https://registry.npmjs.org/metro-babel-transformer 9060ms (cache miss)
2969 silly packumentCache corgi:https://registry.npmjs.org/metro-babel-transformer set size:undefined disposed:false
2970 http fetch GET 200 https://registry.npmjs.org/@expo%2fui 9285ms (cache miss)
2971 silly packumentCache corgi:https://registry.npmjs.org/@expo%2fui set size:undefined disposed:false
2972 http fetch GET 200 https://registry.npmjs.org/babel-plugin-polyfill-corejs2 9567ms (cache miss)
2973 silly packumentCache corgi:https://registry.npmjs.org/babel-plugin-polyfill-corejs2 set size:undefined disposed:false
2974 http fetch GET 200 https://registry.npmjs.org/babel-plugin-polyfill-regenerator 9841ms (cache miss)
2975 silly packumentCache corgi:https://registry.npmjs.org/babel-plugin-polyfill-regenerator set size:undefined disposed:false
2976 http fetch GET 200 https://registry.npmjs.org/babel-plugin-polyfill-corejs3 9949ms (cache miss)
2977 silly packumentCache corgi:https://registry.npmjs.org/babel-plugin-polyfill-corejs3 set size:undefined disposed:false
2978 http fetch GET 200 https://registry.npmjs.org/react-native-worklets 10478ms (cache miss)
2979 silly packumentCache corgi:https://registry.npmjs.org/react-native-worklets set size:undefined disposed:false
2980 http fetch GET 200 https://registry.npmjs.org/@expo%2fmetro-config 11016ms (cache miss)
2981 silly packumentCache corgi:https://registry.npmjs.org/@expo%2fmetro-config set size:undefined disposed:false
2982 http fetch GET 200 https://registry.npmjs.org/@react-native%2fbabel-preset 11226ms (cache miss)
2983 silly packumentCache corgi:https://registry.npmjs.org/@react-native%2fbabel-preset set size:undefined disposed:false
2984 http fetch GET 200 https://registry.npmjs.org/@react-native%2fmetro-babel-transformer 11479ms (cache miss)
2985 silly packumentCache corgi:https://registry.npmjs.org/@react-native%2fmetro-babel-transformer set size:undefined disposed:false
2986 http fetch GET 200 https://registry.npmjs.org/@react-native%2fcodegen 14655ms (cache miss)
2987 silly packumentCache corgi:https://registry.npmjs.org/@react-native%2fcodegen set size:undefined disposed:false
2988 http fetch GET 200 https://registry.npmjs.org/@expo-google-fonts/material-symbols/-/material-symbols-0.4.47.tgz 189898ms (cache miss)
2989 http fetch GET 200 https://registry.npmjs.org/@expo/expo-modules-macros-plugin/-/expo-modules-macros-plugin-0.6.1.tgz 192613ms (cache miss)
2990 http fetch GET 200 https://registry.npmjs.org/@expo/ngrok-bin-darwin-arm64/-/ngrok-bin-darwin-arm64-2.3.41.tgz 198835ms (cache miss)
2991 http fetch GET 200 https://registry.npmjs.org/eslint-plugin-react-hooks 35800ms (cache miss)
2992 silly packumentCache corgi:https://registry.npmjs.org/eslint-plugin-react-hooks set size:undefined disposed:false
2993 silly packumentCache corgi:https://registry.npmjs.org/minimatch cache-miss
2994 http fetch GET 200 https://registry.npmjs.org/minimatch 971ms (cache miss)
2995 silly packumentCache corgi:https://registry.npmjs.org/minimatch set size:undefined disposed:false
2996 silly packumentCache corgi:https://registry.npmjs.org/@expo%2fngrok cache-miss
2997 silly packumentCache corgi:https://registry.npmjs.org/xcode cache-miss
2998 http fetch GET 200 https://registry.npmjs.org/@expo%2fngrok 1058ms (cache miss)
2999 silly packumentCache corgi:https://registry.npmjs.org/@expo%2fngrok set size:undefined disposed:false
3000 http fetch GET 200 https://registry.npmjs.org/xcode 10327ms (cache miss)
3001 silly packumentCache corgi:https://registry.npmjs.org/xcode set size:undefined disposed:false
3002 silly packumentCache corgi:https://registry.npmjs.org/plist cache-miss
3003 http fetch GET 200 https://registry.npmjs.org/plist 755ms (cache miss)
3004 silly packumentCache corgi:https://registry.npmjs.org/plist set size:undefined disposed:false
3005 silly packumentCache corgi:https://registry.npmjs.org/@expo%2fplist cache-miss
3006 http fetch GET 200 https://registry.npmjs.org/@expo%2fplist 1166ms (cache miss)
3007 silly packumentCache corgi:https://registry.npmjs.org/@expo%2fplist set size:undefined disposed:false
3008 silly packumentCache corgi:https://registry.npmjs.org/query-string cache-miss
3009 http fetch GET 200 https://registry.npmjs.org/query-string 644ms (cache miss)
3010 silly packumentCache corgi:https://registry.npmjs.org/query-string set size:undefined disposed:false
3011 silly packumentCache corgi:https://registry.npmjs.org/@react-native%2fdev-middleware cache-miss
3012 silly packumentCache corgi:https://registry.npmjs.org/react-devtools-core cache-miss
3013 silly packumentCache corgi:https://registry.npmjs.org/react-native cache-miss
3014 http fetch GET 200 https://registry.npmjs.org/react-devtools-core 2289ms (cache miss)
3015 silly packumentCache corgi:https://registry.npmjs.org/react-devtools-core set size:undefined disposed:false
3016 http fetch GET 200 https://registry.npmjs.org/@react-native%2fdev-middleware 3002ms (cache miss)
3017 silly packumentCache corgi:https://registry.npmjs.org/@react-native%2fdev-middleware set size:undefined disposed:false
3018 http fetch GET 200 https://registry.npmjs.org/react-native 8912ms (cache miss)
3019 silly packumentCache corgi:https://registry.npmjs.org/react-native set size:undefined disposed:false
3020 silly packumentCache corgi:https://registry.npmjs.org/@eslint%2feslintrc cache-miss
3021 silly packumentCache corgi:https://registry.npmjs.org/@expo%2fxcpretty cache-miss
3022 http fetch GET 200 https://registry.npmjs.org/@expo%2fxcpretty 917ms (cache miss)
3023 silly packumentCache corgi:https://registry.npmjs.org/@expo%2fxcpretty set size:undefined disposed:false
3024 http fetch GET 200 https://registry.npmjs.org/@eslint%2feslintrc 1097ms (cache miss)
3025 silly packumentCache corgi:https://registry.npmjs.org/@eslint%2feslintrc set size:undefined disposed:false
3026 silly packumentCache corgi:https://registry.npmjs.org/socket.io-client cache-miss
3027 http fetch GET 200 https://registry.npmjs.org/socket.io-client 802ms (cache miss)
3028 silly packumentCache corgi:https://registry.npmjs.org/socket.io-client set size:undefined disposed:false
3029 silly packumentCache corgi:https://registry.npmjs.org/@expo%2fconfig-plugins cache-miss
3030 http fetch GET 200 https://registry.npmjs.org/@expo%2fconfig-plugins 1054ms (cache miss)
3031 silly packumentCache corgi:https://registry.npmjs.org/@expo%2fconfig-plugins set size:undefined disposed:false
3032 silly packumentCache corgi:https://registry.npmjs.org/expo-router cache-miss
3033 http fetch GET 200 https://registry.npmjs.org/expo-router 3964ms (cache miss)
3034 silly packumentCache corgi:https://registry.npmjs.org/expo-router set size:undefined disposed:false
3035 silly packumentCache corgi:https://registry.npmjs.org/@expo%2fconfig cache-miss
3036 silly packumentCache corgi:https://registry.npmjs.org/@expo%2finline-modules cache-miss
3037 silly packumentCache corgi:https://registry.npmjs.org/@expo%2fprebuild-config cache-miss
3038 silly packumentCache corgi:https://registry.npmjs.org/expo cache-miss
3039 silly packumentCache corgi:https://registry.npmjs.org/expo-splash-screen cache-miss
3040 silly packumentCache corgi:https://registry.npmjs.org/@expo%2fcli cache-miss
3041 http fetch GET 200 https://registry.npmjs.org/@expo%2finline-modules 271ms (cache miss)
3042 silly packumentCache corgi:https://registry.npmjs.org/@expo%2finline-modules set size:undefined disposed:false
3043 http fetch GET 200 https://registry.npmjs.org/@expo%2fconfig 2176ms (cache miss)
3044 silly packumentCache corgi:https://registry.npmjs.org/@expo%2fconfig set size:undefined disposed:false
3045 http fetch GET 200 https://registry.npmjs.org/@expo%2fcli 2265ms (cache miss)
3046 silly packumentCache corgi:https://registry.npmjs.org/@expo%2fcli set size:undefined disposed:false
3047 http fetch GET 200 https://registry.npmjs.org/expo-splash-screen 2520ms (cache miss)
3048 silly packumentCache corgi:https://registry.npmjs.org/expo-splash-screen set size:undefined disposed:false
3049 http fetch GET 200 https://registry.npmjs.org/@expo%2fprebuild-config 2792ms (cache miss)
3050 silly packumentCache corgi:https://registry.npmjs.org/@expo%2fprebuild-config set size:undefined disposed:false
3051 http fetch GET 200 https://registry.npmjs.org/expo 3891ms (cache miss)
3052 silly packumentCache corgi:https://registry.npmjs.org/expo set size:undefined disposed:false
3053 silly packumentCache corgi:https://registry.npmjs.org/@expo%2frouter-server cache-miss
3054 http fetch GET 200 https://registry.npmjs.org/@expo%2frouter-server 964ms (cache miss)
3055 silly packumentCache corgi:https://registry.npmjs.org/@expo%2frouter-server set size:undefined disposed:false
3056 silly packumentCache corgi:https://registry.npmjs.org/@expo%2flocal-build-cache-provider cache-miss
3057 http fetch GET 200 https://registry.npmjs.org/@expo%2flocal-build-cache-provider 521ms (cache miss)
3058 silly packumentCache corgi:https://registry.npmjs.org/@expo%2flocal-build-cache-provider set size:undefined disposed:false
3059 silly packumentCache corgi:https://registry.npmjs.org/@expo%2fdom-webview cache-miss
3060 silly packumentCache corgi:https://registry.npmjs.org/@expo%2flog-box cache-miss
3061 silly packumentCache corgi:https://registry.npmjs.org/@expo%2fmetro-runtime cache-miss
3062 silly packumentCache corgi:https://registry.npmjs.org/@react-native-google-signin%2fgoogle-signin cache-miss
3063 silly packumentCache corgi:https://registry.npmjs.org/babel-preset-expo cache-miss
3064 silly packumentCache corgi:https://registry.npmjs.org/expo-application cache-miss
3065 silly packumentCache corgi:https://registry.npmjs.org/expo-asset cache-miss
3066 silly packumentCache corgi:https://registry.npmjs.org/expo-audio cache-miss
3067 silly packumentCache corgi:https://registry.npmjs.org/expo-blur cache-miss
3068 silly packumentCache corgi:https://registry.npmjs.org/expo-build-properties cache-miss
3069 silly packumentCache corgi:https://registry.npmjs.org/expo-camera cache-miss
3070 silly packumentCache corgi:https://registry.npmjs.org/expo-clipboard cache-miss
3071 silly packumentCache corgi:https://registry.npmjs.org/expo-constants cache-miss
3072 silly packumentCache corgi:https://registry.npmjs.org/expo-crypto cache-miss
3073 silly packumentCache corgi:https://registry.npmjs.org/expo-device cache-miss
3074 silly packumentCache corgi:https://registry.npmjs.org/expo-file-system cache-miss
3075 silly packumentCache corgi:https://registry.npmjs.org/expo-font cache-miss
3076 silly packumentCache corgi:https://registry.npmjs.org/expo-glass-effect cache-miss
3077 silly packumentCache corgi:https://registry.npmjs.org/expo-haptics cache-miss
3078 silly packumentCache corgi:https://registry.npmjs.org/expo-image cache-miss
3079 silly packumentCache corgi:https://registry.npmjs.org/expo-image-loader cache-miss
3080 silly packumentCache corgi:https://registry.npmjs.org/expo-image-manipulator cache-miss
3081 silly packumentCache corgi:https://registry.npmjs.org/expo-image-picker cache-miss
3082 silly packumentCache corgi:https://registry.npmjs.org/expo-keep-awake cache-miss
3083 silly packumentCache corgi:https://registry.npmjs.org/expo-linear-gradient cache-miss
3084 silly packumentCache corgi:https://registry.npmjs.org/expo-location cache-miss
3085 silly packumentCache corgi:https://registry.npmjs.org/expo-notifications cache-miss
3086 silly packumentCache corgi:https://registry.npmjs.org/expo-screen-capture cache-miss
3087 silly packumentCache corgi:https://registry.npmjs.org/expo-status-bar cache-miss
3088 silly packumentCache corgi:https://registry.npmjs.org/expo-symbols cache-miss
3089 silly packumentCache corgi:https://registry.npmjs.org/expo-system-ui cache-miss
3090 silly packumentCache corgi:https://registry.npmjs.org/expo-web-browser cache-miss
3091 http fetch GET 200 https://registry.npmjs.org/@expo%2fdom-webview 607ms (cache miss)
3092 silly packumentCache corgi:https://registry.npmjs.org/@expo%2fdom-webview set size:undefined disposed:false
3093 http fetch GET 200 https://registry.npmjs.org/expo-clipboard 1861ms (cache miss)
3094 silly packumentCache corgi:https://registry.npmjs.org/expo-clipboard set size:undefined disposed:false
3095 http fetch GET 200 https://registry.npmjs.org/expo-audio 2599ms (cache miss)
3096 silly packumentCache corgi:https://registry.npmjs.org/expo-audio set size:undefined disposed:false
3097 http fetch GET 200 https://registry.npmjs.org/expo-application 2673ms (cache miss)
3098 silly packumentCache corgi:https://registry.npmjs.org/expo-application set size:undefined disposed:false
3099 http fetch GET 200 https://registry.npmjs.org/@react-native-google-signin%2fgoogle-signin 3716ms (cache miss)
3100 silly packumentCache corgi:https://registry.npmjs.org/@react-native-google-signin%2fgoogle-signin set size:undefined disposed:false
3101 http fetch GET 200 https://registry.npmjs.org/expo-build-properties 3729ms (cache miss)
3102 silly packumentCache corgi:https://registry.npmjs.org/expo-build-properties set size:undefined disposed:false
3103 http fetch GET 200 https://registry.npmjs.org/babel-preset-expo 3982ms (cache miss)
3104 silly packumentCache corgi:https://registry.npmjs.org/babel-preset-expo set size:undefined disposed:false
3105 http fetch GET 200 https://registry.npmjs.org/@expo%2flog-box 4082ms (cache miss)
3106 silly packumentCache corgi:https://registry.npmjs.org/@expo%2flog-box set size:undefined disposed:false
3107 http fetch GET 200 https://registry.npmjs.org/expo-blur 4108ms (cache miss)
3108 silly packumentCache corgi:https://registry.npmjs.org/expo-blur set size:undefined disposed:false
3109 http fetch GET 200 https://registry.npmjs.org/expo-crypto 4657ms (cache miss)
3110 silly packumentCache corgi:https://registry.npmjs.org/expo-crypto set size:undefined disposed:false
3111 http fetch GET 200 https://registry.npmjs.org/@expo%2fmetro-runtime 5061ms (cache miss)
3112 silly packumentCache corgi:https://registry.npmjs.org/@expo%2fmetro-runtime set size:undefined disposed:false
3113 http fetch GET 200 https://registry.npmjs.org/expo-device 5556ms (cache miss)
3114 silly packumentCache corgi:https://registry.npmjs.org/expo-device set size:undefined disposed:false
3115 http fetch GET 200 https://registry.npmjs.org/expo-camera 6000ms (cache miss)
3116 silly packumentCache corgi:https://registry.npmjs.org/expo-camera set size:undefined disposed:false
3117 http fetch GET 200 https://registry.npmjs.org/expo-glass-effect 6324ms (cache miss)
3118 silly packumentCache corgi:https://registry.npmjs.org/expo-glass-effect set size:undefined disposed:false
3119 http fetch GET 200 https://registry.npmjs.org/expo-image-loader 6977ms (cache miss)
3120 silly packumentCache corgi:https://registry.npmjs.org/expo-image-loader set size:undefined disposed:false
3121 http fetch GET 200 https://registry.npmjs.org/expo-image-manipulator 6993ms (cache miss)
3122 silly packumentCache corgi:https://registry.npmjs.org/expo-image-manipulator set size:undefined disposed:false
3123 http fetch GET 200 https://registry.npmjs.org/expo-file-system 7104ms (cache miss)
3124 silly packumentCache corgi:https://registry.npmjs.org/expo-file-system set size:undefined disposed:false
3125 http fetch GET 200 https://registry.npmjs.org/expo-constants 7394ms (cache miss)
3126 silly packumentCache corgi:https://registry.npmjs.org/expo-constants set size:undefined disposed:false
3127 http fetch GET 200 https://registry.npmjs.org/expo-image-picker 7570ms (cache miss)
3128 silly packumentCache corgi:https://registry.npmjs.org/expo-image-picker set size:undefined disposed:false
3129 http fetch GET 200 https://registry.npmjs.org/expo-camera/-/expo-camera-57.0.5.tgz 245525ms (cache miss)
3130 http fetch GET 200 https://registry.npmjs.org/expo-font 7651ms (cache miss)
3131 silly packumentCache corgi:https://registry.npmjs.org/expo-font set size:undefined disposed:false
3132 http fetch GET 200 https://registry.npmjs.org/expo-haptics 8023ms (cache miss)
3133 silly packumentCache corgi:https://registry.npmjs.org/expo-haptics set size:undefined disposed:false
3134 http fetch GET 200 https://registry.npmjs.org/expo-status-bar 8554ms (cache miss)
3135 silly packumentCache corgi:https://registry.npmjs.org/expo-status-bar set size:undefined disposed:false
3136 http fetch GET 200 https://registry.npmjs.org/expo-screen-capture 8583ms (cache miss)
3137 silly packumentCache corgi:https://registry.npmjs.org/expo-screen-capture set size:undefined disposed:false
3138 http fetch GET 200 https://registry.npmjs.org/expo-keep-awake 8828ms (cache miss)
3139 silly packumentCache corgi:https://registry.npmjs.org/expo-keep-awake set size:undefined disposed:false
3140 http fetch GET 200 https://registry.npmjs.org/expo-linear-gradient 9140ms (cache miss)
3141 silly packumentCache corgi:https://registry.npmjs.org/expo-linear-gradient set size:undefined disposed:false
3142 http fetch GET 200 https://registry.npmjs.org/expo-asset 9295ms (cache miss)
3143 silly packumentCache corgi:https://registry.npmjs.org/expo-asset set size:undefined disposed:false
3144 http fetch GET 200 https://registry.npmjs.org/expo-system-ui 9320ms (cache miss)
3145 silly packumentCache corgi:https://registry.npmjs.org/expo-system-ui set size:undefined disposed:false
3146 http fetch GET 200 https://registry.npmjs.org/expo-symbols 9411ms (cache miss)
3147 silly packumentCache corgi:https://registry.npmjs.org/expo-symbols set size:undefined disposed:false
3148 http fetch GET 200 https://registry.npmjs.org/expo-image 9674ms (cache miss)
3149 silly packumentCache corgi:https://registry.npmjs.org/expo-image set size:undefined disposed:false
3150 http fetch GET 200 https://registry.npmjs.org/expo-notifications 9697ms (cache miss)
3151 silly packumentCache corgi:https://registry.npmjs.org/expo-notifications set size:undefined disposed:false
3152 http fetch GET 200 https://registry.npmjs.org/expo-location 9866ms (cache miss)
3153 silly packumentCache corgi:https://registry.npmjs.org/expo-location set size:undefined disposed:false
3154 http fetch GET 200 https://registry.npmjs.org/expo-web-browser 10049ms (cache miss)
3155 silly packumentCache corgi:https://registry.npmjs.org/expo-web-browser set size:undefined disposed:false
3156 http fetch GET 200 https://registry.npmjs.org/expo-image/-/expo-image-57.0.4.tgz 328781ms (cache miss)
3157 http fetch GET 200 https://registry.npmjs.org/expo-modules-core/-/expo-modules-core-57.0.17.tgz 337961ms (cache miss)
3158 info run unrs-resolver@1.11.1 postinstall node_modules/unrs-resolver napi-postinstall unrs-resolver 1.11.1 check
3159 info run unrs-resolver@1.11.1 postinstall { code: 0, signal: null }
3160 silly ADD node_modules/zxing-wasm
3161 silly ADD node_modules/zxing-wasm/node_modules/type-fest
3162 silly ADD node_modules/zod-validation-error
3163 silly ADD node_modules/zod
3164 silly ADD node_modules/yocto-queue
3165 silly ADD node_modules/yargs-parser
3166 silly ADD node_modules/yargs
3167 silly ADD node_modules/yaml
3168 silly ADD node_modules/yallist
3169 silly ADD node_modules/y18n
3170 silly ADD node_modules/xmlhttprequest-ssl
3171 silly ADD node_modules/xmlbuilder
3172 silly ADD node_modules/xml2js
3173 silly ADD node_modules/xml2js/node_modules/xmlbuilder
3174 silly ADD node_modules/xcode
3175 silly ADD node_modules/ws
3176 silly ADD node_modules/wrappy
3177 silly ADD node_modules/wrap-ansi
3178 silly ADD node_modules/word-wrap
3179 silly ADD node_modules/which-typed-array
3180 silly ADD node_modules/which-collection
3181 silly ADD node_modules/which-builtin-type
3182 silly ADD node_modules/which-boxed-primitive
3183 silly ADD node_modules/which
3184 silly ADD node_modules/whatwg-url-minimum
3185 silly ADD node_modules/whatwg-url
3186 silly ADD node_modules/whatwg-fetch
3187 silly ADD node_modules/webidl-conversions
3188 silly ADD node_modules/wcwidth
3189 silly ADD node_modules/warn-once
3190 silly ADD node_modules/walker
3191 silly ADD node_modules/vlq
3192 silly ADD node_modules/vaul
3193 silly ADD node_modules/vaul/node_modules/@radix-ui/react-slot
3194 silly ADD node_modules/vaul/node_modules/@radix-ui/react-primitive
3195 silly ADD node_modules/vaul/node_modules/@radix-ui/react-presence
3196 silly ADD node_modules/vaul/node_modules/@radix-ui/react-portal
3197 silly ADD node_modules/vaul/node_modules/@radix-ui/react-focus-scope
3198 silly ADD node_modules/vaul/node_modules/@radix-ui/react-dismissable-layer
3199 silly ADD node_modules/vaul/node_modules/@radix-ui/react-dialog
3200 silly ADD node_modules/vary
3201 silly ADD node_modules/validate-npm-package-name
3202 silly ADD node_modules/uuid
3203 silly ADD node_modules/utils-merge
3204 silly ADD node_modules/use-sidecar
3205 silly ADD node_modules/use-latest-callback
3206 silly ADD node_modules/use-callback-ref
3207 silly ADD node_modules/uri-js
3208 silly ADD node_modules/update-browserslist-db
3209 silly ADD node_modules/unrs-resolver
3210 silly ADD node_modules/unpipe
3211 silly ADD node_modules/unicode-property-aliases-ecmascript
3212 silly ADD node_modules/unicode-match-property-value-ecmascript
3213 silly ADD node_modules/unicode-match-property-ecmascript
3214 silly ADD node_modules/unicode-canonical-property-names-ecmascript
3215 silly ADD node_modules/undici-types
3216 silly ADD node_modules/unbox-primitive
3217 silly ADD node_modules/ua-parser-js
3218 silly ADD node_modules/typescript
3219 silly ADD node_modules/typed-array-length
3220 silly ADD node_modules/typed-array-byte-offset
3221 silly ADD node_modules/typed-array-byte-length
3222 silly ADD node_modules/typed-array-buffer
3223 silly ADD node_modules/type-fest
3224 silly ADD node_modules/type-check
3225 silly ADD node_modules/tslib
3226 silly ADD node_modules/tsconfig-paths
3227 silly ADD node_modules/tsconfig-paths/node_modules/json5
3228 silly ADD node_modules/ts-api-utils
3229 silly ADD node_modules/tr46
3230 silly ADD node_modules/toqr
3231 silly ADD node_modules/toidentifier
3232 silly ADD node_modules/to-regex-range
3233 silly ADD node_modules/tmpl
3234 silly ADD node_modules/tinyglobby
3235 silly ADD node_modules/throat
3236 silly ADD node_modules/terser
3237 silly ADD node_modules/terser/node_modules/commander
3238 silly ADD node_modules/terminal-link
3239 silly ADD node_modules/tagged-tag
3240 silly ADD node_modules/supports-preserve-symlinks-flag
3241 silly ADD node_modules/supports-hyperlinks
3242 silly ADD node_modules/supports-color
3243 silly ADD node_modules/styleq
3244 silly ADD node_modules/structured-headers
3245 silly ADD node_modules/strip-json-comments
3246 silly ADD node_modules/strip-bom
3247 silly ADD node_modules/strip-ansi
3248 silly ADD node_modules/string.prototype.trimstart
3249 silly ADD node_modules/string.prototype.trimend
3250 silly ADD node_modules/string.prototype.trim
3251 silly ADD node_modules/string.prototype.repeat
3252 silly ADD node_modules/string.prototype.matchall
3253 silly ADD node_modules/string-width
3254 silly ADD node_modules/strict-uri-encode
3255 silly ADD node_modules/stream-buffers
3256 silly ADD node_modules/stop-iteration-iterator
3257 silly ADD node_modules/statuses
3258 silly ADD node_modules/standard-navigation
3259 silly ADD node_modules/stacktrace-parser
3260 silly ADD node_modules/stackframe
3261 silly ADD node_modules/stable-hash
3262 silly ADD node_modules/split-on-first
3263 silly ADD node_modules/source-map-support
3264 silly ADD node_modules/source-map-support/node_modules/source-map
3265 silly ADD node_modules/source-map-js
3266 silly ADD node_modules/source-map
3267 silly ADD node_modules/socket.io-parser
3268 silly ADD node_modules/socket.io-client
3269 silly ADD node_modules/slugify
3270 silly ADD node_modules/sisteransi
3271 silly ADD node_modules/simple-swizzle
3272 silly ADD node_modules/simple-plist
3273 silly ADD node_modules/signal-exit
3274 silly ADD node_modules/side-channel-weakmap
3275 silly ADD node_modules/side-channel-map
3276 silly ADD node_modules/side-channel-list
3277 silly ADD node_modules/side-channel
3278 silly ADD node_modules/shell-quote
3279 silly ADD node_modules/shebang-regex
3280 silly ADD node_modules/shebang-command
3281 silly ADD node_modules/shallowequal
3282 silly ADD node_modules/sf-symbols-typescript
3283 silly ADD node_modules/setprototypeof
3284 silly ADD node_modules/setimmediate
3285 silly ADD node_modules/set-proto
3286 silly ADD node_modules/set-function-name
3287 silly ADD node_modules/set-function-length
3288 silly ADD node_modules/server-only
3289 silly ADD node_modules/serve-static
3290 silly ADD node_modules/serve-static/node_modules/encodeurl
3291 silly ADD node_modules/serialize-error
3292 silly ADD node_modules/send
3293 silly ADD node_modules/send/node_modules/statuses
3294 silly ADD node_modules/send/node_modules/on-finished
3295 silly ADD node_modules/send/node_modules/encodeurl
3296 silly ADD node_modules/send/node_modules/debug
3297 silly ADD node_modules/send/node_modules/debug/node_modules/ms
3298 silly ADD node_modules/semver
3299 silly ADD node_modules/scheduler
3300 silly ADD node_modules/sax
3301 silly ADD node_modules/sandbox-cli-detector
3302 silly ADD node_modules/safe-regex-test
3303 silly ADD node_modules/safe-push-apply
3304 silly ADD node_modules/safe-buffer
3305 silly ADD node_modules/safe-array-concat
3306 silly ADD node_modules/restore-cursor
3307 silly ADD node_modules/responselike
3308 silly ADD node_modules/resolve-workspace-root
3309 silly ADD node_modules/resolve-pkg-maps
3310 silly ADD node_modules/resolve-from
3311 silly ADD node_modules/resolve-alpn
3312 silly ADD node_modules/resolve
3313 silly ADD node_modules/require-directory
3314 silly ADD node_modules/regjsparser
3315 silly ADD node_modules/regjsgen
3316 silly ADD node_modules/regexpu-core
3317 silly ADD node_modules/regexp.prototype.flags
3318 silly ADD node_modules/regenerator-runtime
3319 silly ADD node_modules/regenerate-unicode-properties
3320 silly ADD node_modules/regenerate
3321 silly ADD node_modules/reflect.getprototypeof
3322 silly ADD node_modules/react-style-singleton
3323 silly ADD node_modules/react-remove-scroll-bar
3324 silly ADD node_modules/react-remove-scroll
3325 silly ADD node_modules/react-refresh
3326 silly ADD node_modules/react-native-worklets
3327 silly ADD node_modules/react-native-worklets/node_modules/semver
3328 silly ADD node_modules/react-native-webrtc
3329 silly ADD node_modules/react-native-webrtc/node_modules/ms
3330 silly ADD node_modules/react-native-webrtc/node_modules/event-target-shim
3331 silly ADD node_modules/react-native-webrtc/node_modules/debug
3332 silly ADD node_modules/react-native-web
3333 silly ADD node_modules/react-native-web/node_modules/memoize-one
3334 silly ADD node_modules/react-native-web/node_modules/@react-native/normalize-colors
3335 silly ADD node_modules/react-native-svg
3336 silly ADD node_modules/react-native-screens
3337 silly ADD node_modules/react-native-safe-area-context
3338 silly ADD node_modules/react-native-reanimated
3339 silly ADD node_modules/react-native-reanimated/node_modules/semver
3340 silly ADD node_modules/react-native-razorpay
3341 silly ADD node_modules/react-native-keyboard-controller
3342 silly ADD node_modules/react-native-is-edge-to-edge
3343 silly ADD node_modules/react-native-gesture-handler
3344 silly ADD node_modules/react-native-drawer-layout
3345 silly ADD node_modules/react-native
3346 silly ADD node_modules/react-native/node_modules/semver
3347 silly ADD node_modules/react-native/node_modules/hermes-parser
3348 silly ADD node_modules/react-native/node_modules/hermes-estree
3349 silly ADD node_modules/react-native/node_modules/commander
3350 silly ADD node_modules/react-native/node_modules/babel-plugin-syntax-hermes-parser
3351 silly ADD node_modules/react-native/node_modules/@react-native/virtualized-lists
3352 silly ADD node_modules/react-is
3353 silly ADD node_modules/react-freeze
3354 silly ADD node_modules/react-fast-compare
3355 silly ADD node_modules/react-dom
3356 silly ADD node_modules/react-devtools-core
3357 silly ADD node_modules/react
3358 silly ADD node_modules/range-parser
3359 silly ADD node_modules/quick-lru
3360 silly ADD node_modules/query-string
3361 silly ADD node_modules/punycode
3362 silly ADD node_modules/pump
3363 silly ADD node_modules/prop-types
3364 silly ADD node_modules/prop-types/node_modules/react-is
3365 silly ADD node_modules/prompts
3366 silly ADD node_modules/promise
3367 silly ADD node_modules/progress
3368 silly ADD node_modules/proc-log
3369 silly ADD node_modules/pretty-format
3370 silly ADD node_modules/pretty-format/node_modules/react-is
3371 silly ADD node_modules/pretty-format/node_modules/ansi-styles
3372 silly ADD node_modules/prelude-ls
3373 silly ADD node_modules/postcss-value-parser
3374 silly ADD node_modules/postcss
3375 silly ADD node_modules/possible-typed-array-names
3376 silly ADD node_modules/pngjs
3377 silly ADD node_modules/plist
3378 silly ADD node_modules/plist/node_modules/@xmldom/xmldom
3379 silly ADD node_modules/picomatch
3380 silly ADD node_modules/picocolors
3381 silly ADD node_modules/path-scurry
3382 silly ADD node_modules/path-scurry/node_modules/lru-cache
3383 silly ADD node_modules/path-parse
3384 silly ADD node_modules/path-key
3385 silly ADD node_modules/path-exists
3386 silly ADD node_modules/parseurl
3387 silly ADD node_modules/parse-png
3388 silly ADD node_modules/parent-module
3389 silly ADD node_modules/p-locate
3390 silly ADD node_modules/p-limit
3391 silly ADD node_modules/p-cancelable
3392 silly ADD node_modules/own-keys
3393 silly ADD node_modules/ora
3394 silly ADD node_modules/ora/node_modules/supports-color
3395 silly ADD node_modules/ora/node_modules/strip-ansi
3396 silly ADD node_modules/ora/node_modules/has-flag
3397 silly ADD node_modules/ora/node_modules/escape-string-regexp
3398 silly ADD node_modules/ora/node_modules/color-name
3399 silly ADD node_modules/ora/node_modules/color-convert
3400 silly ADD node_modules/ora/node_modules/chalk
3401 silly ADD node_modules/ora/node_modules/ansi-styles
3402 silly ADD node_modules/ora/node_modules/ansi-regex
3403 silly ADD node_modules/optionator
3404 silly ADD node_modules/open
3405 silly ADD node_modules/onetime
3406 silly ADD node_modules/once
3407 silly ADD node_modules/on-headers
3408 silly ADD node_modules/on-finished
3409 silly ADD node_modules/object.values
3410 silly ADD node_modules/object.groupby
3411 silly ADD node_modules/object.fromentries
3412 silly ADD node_modules/object.entries
3413 silly ADD node_modules/object.assign
3414 silly ADD node_modules/object-keys
3415 silly ADD node_modules/object-inspect
3416 silly ADD node_modules/object-assign
3417 silly ADD node_modules/ob1
3418 silly ADD node_modules/nullthrows
3419 silly ADD node_modules/nth-check
3420 silly ADD node_modules/npm-package-arg
3421 silly ADD node_modules/npm-package-arg/node_modules/semver
3422 silly ADD node_modules/normalize-url
3423 silly ADD node_modules/node-releases
3424 silly ADD node_modules/node-int64
3425 silly ADD node_modules/node-forge
3426 silly ADD node_modules/node-fetch
3427 silly ADD node_modules/node-exports-info
3428 silly ADD node_modules/negotiator
3429 silly ADD node_modules/natural-compare
3430 silly ADD node_modules/napi-postinstall
3431 silly ADD node_modules/nanoid
3432 silly ADD node_modules/multitars
3433 silly ADD node_modules/ms
3434 silly ADD node_modules/mkdirp
3435 silly ADD node_modules/minipass
3436 silly ADD node_modules/minimist
3437 silly ADD node_modules/minimatch
3438 silly ADD node_modules/mimic-response
3439 silly ADD node_modules/mimic-fn
3440 silly ADD node_modules/mime-types
3441 silly ADD node_modules/mime-db
3442 silly ADD node_modules/mime
3443 silly ADD node_modules/micromatch
3444 silly ADD node_modules/micromatch/node_modules/picomatch
3445 silly ADD node_modules/metro-transform-worker
3446 silly ADD node_modules/metro-transform-plugins
3447 silly ADD node_modules/metro-symbolicate
3448 silly ADD node_modules/metro-source-map
3449 silly ADD node_modules/metro-runtime
3450 silly ADD node_modules/metro-resolver
3451 silly ADD node_modules/metro-minify-terser
3452 silly ADD node_modules/metro-file-map
3453 silly ADD node_modules/metro-core
3454 silly ADD node_modules/metro-config
3455 silly ADD node_modules/metro-cache-key
3456 silly ADD node_modules/metro-cache
3457 silly ADD node_modules/metro-babel-transformer
3458 silly ADD node_modules/metro-babel-transformer/node_modules/hermes-parser
3459 silly ADD node_modules/metro-babel-transformer/node_modules/hermes-estree
3460 silly ADD node_modules/metro
3461 silly ADD node_modules/metro/node_modules/hermes-parser
3462 silly ADD node_modules/metro/node_modules/hermes-estree
3463 silly ADD node_modules/merge-stream
3464 silly ADD node_modules/merge-options
3465 silly ADD node_modules/memoize-one
3466 silly ADD node_modules/mdn-data
3467 silly ADD node_modules/math-intrinsics
3468 silly ADD node_modules/marky
3469 silly ADD node_modules/makeerror
3470 silly ADD node_modules/lru-cache
3471 silly ADD node_modules/lowercase-keys
3472 silly ADD node_modules/loose-envify
3473 silly ADD node_modules/log-symbols
3474 silly ADD node_modules/log-symbols/node_modules/supports-color
3475 silly ADD node_modules/log-symbols/node_modules/has-flag
3476 silly ADD node_modules/log-symbols/node_modules/escape-string-regexp
3477 silly ADD node_modules/log-symbols/node_modules/color-name
3478 silly ADD node_modules/log-symbols/node_modules/color-convert
3479 silly ADD node_modules/log-symbols/node_modules/chalk
3480 silly ADD node_modules/log-symbols/node_modules/ansi-styles
3481 silly ADD node_modules/lodash.throttle
3482 silly ADD node_modules/lodash.merge
3483 silly ADD node_modules/lodash.debounce
3484 silly ADD node_modules/locate-path
3485 silly ADD node_modules/lightningcss-darwin-arm64
3486 silly ADD node_modules/lightningcss
3487 silly ADD node_modules/lighthouse-logger
3488 silly ADD node_modules/lighthouse-logger/node_modules/ms
3489 silly ADD node_modules/lighthouse-logger/node_modules/debug
3490 silly ADD node_modules/levn
3491 silly ADD node_modules/leven
3492 silly ADD node_modules/lan-network
3493 silly ADD node_modules/kleur
3494 silly ADD node_modules/keyv
3495 silly ADD node_modules/jsx-ast-utils
3496 silly ADD node_modules/json5
3497 silly ADD node_modules/json-stable-stringify-without-jsonify
3498 silly ADD node_modules/json-schema-traverse
3499 silly ADD node_modules/json-buffer
3500 silly ADD node_modules/jsesc
3501 silly ADD node_modules/jsc-safe-url
3502 silly ADD node_modules/js-yaml
3503 silly ADD node_modules/js-tokens
3504 silly ADD node_modules/jimp-compact
3505 silly ADD node_modules/jest-worker
3506 silly ADD node_modules/jest-worker/node_modules/supports-color
3507 silly ADD node_modules/jest-validate
3508 silly ADD node_modules/jest-util
3509 silly ADD node_modules/jest-util/node_modules/picomatch
3510 silly ADD node_modules/jest-util/node_modules/ci-info
3511 silly ADD node_modules/jest-get-type
3512 silly ADD node_modules/iterator.prototype
3513 silly ADD node_modules/isexe
3514 silly ADD node_modules/isarray
3515 silly ADD node_modules/is-wsl
3516 silly ADD node_modules/is-weakset
3517 silly ADD node_modules/is-weakref
3518 silly ADD node_modules/is-weakmap
3519 silly ADD node_modules/is-typed-array
3520 silly ADD node_modules/is-symbol
3521 silly ADD node_modules/is-string
3522 silly ADD node_modules/is-shared-array-buffer
3523 silly ADD node_modules/is-set
3524 silly ADD node_modules/is-regex
3525 silly ADD node_modules/is-plain-obj
3526 silly ADD node_modules/is-number-object
3527 silly ADD node_modules/is-number
3528 silly ADD node_modules/is-negative-zero
3529 silly ADD node_modules/is-map
3530 silly ADD node_modules/is-glob
3531 silly ADD node_modules/is-generator-function
3532 silly ADD node_modules/is-fullwidth-code-point
3533 silly ADD node_modules/is-finalizationregistry
3534 silly ADD node_modules/is-extglob
3535 silly ADD node_modules/is-docker
3536 silly ADD node_modules/is-date-object
3537 silly ADD node_modules/is-data-view
3538 silly ADD node_modules/is-core-module
3539 silly ADD node_modules/is-callable
3540 silly ADD node_modules/is-bun-module
3541 silly ADD node_modules/is-bun-module/node_modules/semver
3542 silly ADD node_modules/is-boolean-object
3543 silly ADD node_modules/is-bigint
3544 silly ADD node_modules/is-async-function
3545 silly ADD node_modules/is-arrayish
3546 silly ADD node_modules/is-array-buffer
3547 silly ADD node_modules/invariant
3548 silly ADD node_modules/internal-slot
3549 silly ADD node_modules/inline-style-prefixer
3550 silly ADD node_modules/inherits
3551 silly ADD node_modules/imurmurhash
3552 silly ADD node_modules/import-fresh
3553 silly ADD node_modules/import-fresh/node_modules/resolve-from
3554 silly ADD node_modules/ignore
3555 silly ADD node_modules/hyphenate-style-name
3556 silly ADD node_modules/https-proxy-agent
3557 silly ADD node_modules/http2-wrapper
3558 silly ADD node_modules/http-errors
3559 silly ADD node_modules/http-errors/node_modules/statuses
3560 silly ADD node_modules/http-cache-semantics
3561 silly ADD node_modules/hosted-git-info
3562 silly ADD node_modules/hosted-git-info/node_modules/lru-cache
3563 silly ADD node_modules/hoist-non-react-statics
3564 silly ADD node_modules/hoist-non-react-statics/node_modules/react-is
3565 silly ADD node_modules/hermes-parser
3566 silly ADD node_modules/hermes-estree
3567 silly ADD node_modules/hermes-compiler
3568 silly ADD node_modules/hasown
3569 silly ADD node_modules/has-tostringtag
3570 silly ADD node_modules/has-symbols
3571 silly ADD node_modules/has-proto
3572 silly ADD node_modules/has-property-descriptors
3573 silly ADD node_modules/has-flag
3574 silly ADD node_modules/has-bigints
3575 silly ADD node_modules/graceful-fs
3576 silly ADD node_modules/got
3577 silly ADD node_modules/gopd
3578 silly ADD node_modules/globalthis
3579 silly ADD node_modules/globals
3580 silly ADD node_modules/glob-parent
3581 silly ADD node_modules/glob
3582 silly ADD node_modules/glob/node_modules/minimatch
3583 silly ADD node_modules/glob/node_modules/brace-expansion
3584 silly ADD node_modules/glob/node_modules/balanced-match
3585 silly ADD node_modules/getenv
3586 silly ADD node_modules/get-tsconfig
3587 silly ADD node_modules/get-symbol-description
3588 silly ADD node_modules/get-stream
3589 silly ADD node_modules/get-proto
3590 silly ADD node_modules/get-nonce
3591 silly ADD node_modules/get-intrinsic
3592 silly ADD node_modules/get-caller-file
3593 silly ADD node_modules/gensync
3594 silly ADD node_modules/generator-function
3595 silly ADD node_modules/functions-have-names
3596 silly ADD node_modules/function.prototype.name
3597 silly ADD node_modules/function-bind
3598 silly ADD node_modules/fresh
3599 silly ADD node_modules/for-each
3600 silly ADD node_modules/fontfaceobserver
3601 silly ADD node_modules/flow-enums-runtime
3602 silly ADD node_modules/flatted
3603 silly ADD node_modules/flat-cache
3604 silly ADD node_modules/find-up
3605 silly ADD node_modules/finalhandler
3606 silly ADD node_modules/finalhandler/node_modules/ms
3607 silly ADD node_modules/finalhandler/node_modules/debug
3608 silly ADD node_modules/filter-obj
3609 silly ADD node_modules/fill-range
3610 silly ADD node_modules/file-entry-cache
3611 silly ADD node_modules/fetch-nodeshim
3612 silly ADD node_modules/fdir
3613 silly ADD node_modules/fbjs-css-vars
3614 silly ADD node_modules/fbjs
3615 silly ADD node_modules/fbjs/node_modules/promise
3616 silly ADD node_modules/fb-watchman
3617 silly ADD node_modules/fb-dotslash
3618 silly ADD node_modules/fast-levenshtein
3619 silly ADD node_modules/fast-json-stable-stringify
3620 silly ADD node_modules/fast-deep-equal
3621 silly ADD node_modules/exponential-backoff
3622 silly ADD node_modules/expo-web-browser
3623 silly ADD node_modules/expo-system-ui
3624 silly ADD node_modules/expo-symbols
3625 silly ADD node_modules/expo-status-bar
3626 silly ADD node_modules/expo-splash-screen
3627 silly ADD node_modules/expo-server
3628 silly ADD node_modules/expo-screen-capture
3629 silly ADD node_modules/expo-router
3630 silly ADD node_modules/expo-router/node_modules/@radix-ui/react-tabs
3631 silly ADD node_modules/expo-router/node_modules/@radix-ui/react-roving-focus
3632 silly ADD node_modules/expo-router/node_modules/@radix-ui/react-primitive
3633 silly ADD node_modules/expo-router/node_modules/@radix-ui/react-primitive/node_modules/@radix-ui/react-slot
3634 silly ADD node_modules/expo-router/node_modules/@radix-ui/react-presence
3635 silly ADD node_modules/expo-router/node_modules/@radix-ui/react-collection
3636 silly ADD node_modules/expo-router/node_modules/@radix-ui/react-collection/node_modules/@radix-ui/react-slot
3637 silly ADD node_modules/expo-notifications
3638 silly ADD node_modules/expo-modules-jsi
3639 silly ADD node_modules/expo-modules-autolinking
3640 silly ADD node_modules/expo-location
3641 silly ADD node_modules/expo-linking
3642 silly ADD node_modules/expo-linear-gradient
3643 silly ADD node_modules/expo-keep-awake
3644 silly ADD node_modules/expo-image-picker
3645 silly ADD node_modules/expo-image-manipulator
3646 silly ADD node_modules/expo-image-loader
3647 silly ADD node_modules/expo-image
3648 silly ADD node_modules/expo-haptics
3649 silly ADD node_modules/expo-glass-effect
3650 silly ADD node_modules/expo-font
3651 silly ADD node_modules/expo-file-system
3652 silly ADD node_modules/expo-device
3653 silly ADD node_modules/expo-device/node_modules/ua-parser-js
3654 silly ADD node_modules/expo-crypto
3655 silly ADD node_modules/expo-constants
3656 silly ADD node_modules/expo-clipboard
3657 silly ADD node_modules/expo-camera
3658 silly ADD node_modules/expo-build-properties
3659 silly ADD node_modules/expo-build-properties/node_modules/semver
3660 silly ADD node_modules/expo-blur
3661 silly ADD node_modules/expo-auth-session
3662 silly ADD node_modules/expo-audio
3663 silly ADD node_modules/expo-asset
3664 silly ADD node_modules/expo-application
3665 silly ADD node_modules/expo
3666 silly ADD node_modules/expo/node_modules/ws
3667 silly ADD node_modules/expo/node_modules/semver
3668 silly ADD node_modules/expo/node_modules/negotiator
3669 silly ADD node_modules/expo/node_modules/mime-types
3670 silly ADD node_modules/expo/node_modules/mime-db
3671 silly ADD node_modules/expo/node_modules/expo-modules-core
3672 silly ADD node_modules/expo/node_modules/ci-info
3673 silly ADD node_modules/expo/node_modules/accepts
3674 silly ADD node_modules/expo/node_modules/@expo/ws-tunnel
3675 silly ADD node_modules/expo/node_modules/@expo/cli
3676 silly ADD node_modules/expo/node_modules/@expo/cli/node_modules/@expo/router-server
3677 silly ADD node_modules/event-target-shim
3678 silly ADD node_modules/etag
3679 silly ADD node_modules/esutils
3680 silly ADD node_modules/estraverse
3681 silly ADD node_modules/esrecurse
3682 silly ADD node_modules/esquery
3683 silly ADD node_modules/espree
3684 silly ADD node_modules/eslint-visitor-keys
3685 silly ADD node_modules/eslint-scope
3686 silly ADD node_modules/eslint-plugin-react-hooks
3687 silly ADD node_modules/eslint-plugin-react-hooks/node_modules/hermes-parser
3688 silly ADD node_modules/eslint-plugin-react-hooks/node_modules/hermes-estree
3689 silly ADD node_modules/eslint-plugin-react
3690 silly ADD node_modules/eslint-plugin-import
3691 silly ADD node_modules/eslint-plugin-import/node_modules/debug
3692 silly ADD node_modules/eslint-plugin-expo
3693 silly ADD node_modules/eslint-module-utils
3694 silly ADD node_modules/eslint-module-utils/node_modules/debug
3695 silly ADD node_modules/eslint-import-resolver-typescript
3696 silly ADD node_modules/eslint-import-resolver-node
3697 silly ADD node_modules/eslint-import-resolver-node/node_modules/debug
3698 silly ADD node_modules/eslint-config-expo
3699 silly ADD node_modules/eslint-config-expo/node_modules/globals
3700 silly ADD node_modules/eslint
3701 silly ADD node_modules/escape-string-regexp
3702 silly ADD node_modules/escape-html
3703 silly ADD node_modules/escalade
3704 silly ADD node_modules/es-to-primitive
3705 silly ADD node_modules/es-shim-unscopables
3706 silly ADD node_modules/es-set-tostringtag
3707 silly ADD node_modules/es-object-atoms
3708 silly ADD node_modules/es-iterator-helpers
3709 silly ADD node_modules/es-errors
3710 silly ADD node_modules/es-define-property
3711 silly ADD node_modules/es-abstract
3712 silly ADD node_modules/error-stack-parser
3713 silly ADD node_modules/entities
3714 silly ADD node_modules/engine.io-parser
3715 silly ADD node_modules/engine.io-client
3716 silly ADD node_modules/engine.io-client/node_modules/ws
3717 silly ADD node_modules/end-of-stream
3718 silly ADD node_modules/encodeurl
3719 silly ADD node_modules/emoji-regex
3720 silly ADD node_modules/electron-to-chromium
3721 silly ADD node_modules/ee-first
3722 silly ADD node_modules/dunder-proto
3723 silly ADD node_modules/domutils
3724 silly ADD node_modules/domhandler
3725 silly ADD node_modules/domelementtype
3726 silly ADD node_modules/dom-serializer
3727 silly ADD node_modules/doctrine
3728 silly ADD node_modules/dnssd-advertise
3729 silly ADD node_modules/detect-node-es
3730 silly ADD node_modules/detect-libc
3731 silly ADD node_modules/destroy
3732 silly ADD node_modules/depd
3733 silly ADD node_modules/define-properties
3734 silly ADD node_modules/define-data-property
3735 silly ADD node_modules/defer-to-connect
3736 silly ADD node_modules/defaults
3737 silly ADD node_modules/deepmerge
3738 silly ADD node_modules/deep-is
3739 silly ADD node_modules/decompress-response
3740 silly ADD node_modules/decompress-response/node_modules/mimic-response
3741 silly ADD node_modules/decode-uri-component
3742 silly ADD node_modules/debug
3743 silly ADD node_modules/data-view-byte-offset
3744 silly ADD node_modules/data-view-byte-length
3745 silly ADD node_modules/data-view-buffer
3746 silly ADD node_modules/csstype
3747 silly ADD node_modules/css-what
3748 silly ADD node_modules/css-tree
3749 silly ADD node_modules/css-tree/node_modules/source-map
3750 silly ADD node_modules/css-select
3751 silly ADD node_modules/css-in-js-utils
3752 silly ADD node_modules/cross-spawn
3753 silly ADD node_modules/cross-fetch
3754 silly ADD node_modules/core-js-compat
3755 silly ADD node_modules/convert-source-map
3756 silly ADD node_modules/content-type
3757 silly ADD node_modules/connect
3758 silly ADD node_modules/connect/node_modules/ms
3759 silly ADD node_modules/connect/node_modules/debug
3760 silly ADD node_modules/concat-map
3761 silly ADD node_modules/compression
3762 silly ADD node_modules/compression/node_modules/negotiator
3763 silly ADD node_modules/compression/node_modules/ms
3764 silly ADD node_modules/compression/node_modules/debug
3765 silly ADD node_modules/compressible
3766 silly ADD node_modules/commander
3767 silly ADD node_modules/color-string
3768 silly ADD node_modules/color-name
3769 silly ADD node_modules/color-convert
3770 silly ADD node_modules/color
3771 silly ADD node_modules/clone-response
3772 silly ADD node_modules/clone
3773 silly ADD node_modules/cliui
3774 silly ADD node_modules/client-only
3775 silly ADD node_modules/cli-spinners
3776 silly ADD node_modules/cli-cursor
3777 silly ADD node_modules/ci-info
3778 silly ADD node_modules/chromium-edge-launcher
3779 silly ADD node_modules/chrome-launcher
3780 silly ADD node_modules/chalk
3781 silly ADD node_modules/caniuse-lite
3782 silly ADD node_modules/camelcase
3783 silly ADD node_modules/callsites
3784 silly ADD node_modules/call-bound
3785 silly ADD node_modules/call-bind-apply-helpers
3786 silly ADD node_modules/call-bind
3787 silly ADD node_modules/cacheable-request
3788 silly ADD node_modules/cacheable-lookup
3789 silly ADD node_modules/bytes
3790 silly ADD node_modules/buffer-from
3791 silly ADD node_modules/bser
3792 silly ADD node_modules/browserslist
3793 silly ADD node_modules/braces
3794 silly ADD node_modules/brace-expansion
3795 silly ADD node_modules/bplist-parser
3796 silly ADD node_modules/bplist-creator
3797 silly ADD node_modules/boolbase
3798 silly ADD node_modules/big-integer
3799 silly ADD node_modules/baseline-browser-mapping
3800 silly ADD node_modules/base64-js
3801 silly ADD node_modules/barcode-detector
3802 silly ADD node_modules/balanced-match
3803 silly ADD node_modules/badgin
3804 silly ADD node_modules/babel-preset-expo
3805 silly ADD node_modules/babel-plugin-transform-flow-enums
3806 silly ADD node_modules/babel-plugin-syntax-hermes-parser
3807 silly ADD node_modules/babel-plugin-react-native-web
3808 silly ADD node_modules/babel-plugin-react-compiler
3809 silly ADD node_modules/babel-plugin-polyfill-regenerator
3810 silly ADD node_modules/babel-plugin-polyfill-corejs3
3811 silly ADD node_modules/babel-plugin-polyfill-corejs2
3812 silly ADD node_modules/available-typed-arrays
3813 silly ADD node_modules/async-function
3814 silly ADD node_modules/asap
3815 silly ADD node_modules/arraybuffer.prototype.slice
3816 silly ADD node_modules/array.prototype.tosorted
3817 silly ADD node_modules/array.prototype.flatmap
3818 silly ADD node_modules/array.prototype.flat
3819 silly ADD node_modules/array.prototype.findlastindex
3820 silly ADD node_modules/array.prototype.findlast
3821 silly ADD node_modules/array-includes
3822 silly ADD node_modules/array-buffer-byte-length
3823 silly ADD node_modules/aria-hidden
3824 silly ADD node_modules/argparse
3825 silly ADD node_modules/arg
3826 silly ADD node_modules/ansi-styles
3827 silly ADD node_modules/ansi-regex
3828 silly ADD node_modules/ansi-escapes
3829 silly ADD node_modules/ansi-escapes/node_modules/type-fest
3830 silly ADD node_modules/anser
3831 silly ADD node_modules/ajv
3832 silly ADD node_modules/agent-cli-detector
3833 silly ADD node_modules/agent-base
3834 silly ADD node_modules/acorn-jsx
3835 silly ADD node_modules/acorn
3836 silly ADD node_modules/accepts
3837 silly ADD node_modules/abort-controller
3838 silly ADD node_modules/@xmldom/xmldom
3839 silly ADD node_modules/@unrs/resolver-binding-darwin-arm64
3840 silly ADD node_modules/@ungap/structured-clone
3841 silly ADD node_modules/@typescript-eslint/visitor-keys
3842 silly ADD node_modules/@typescript-eslint/visitor-keys/node_modules/eslint-visitor-keys
3843 silly ADD node_modules/@typescript-eslint/utils
3844 silly ADD node_modules/@typescript-eslint/typescript-estree
3845 silly ADD node_modules/@typescript-eslint/typescript-estree/node_modules/semver
3846 silly ADD node_modules/@typescript-eslint/typescript-estree/node_modules/minimatch
3847 silly ADD node_modules/@typescript-eslint/typescript-estree/node_modules/brace-expansion
3848 silly ADD node_modules/@typescript-eslint/typescript-estree/node_modules/balanced-match
3849 silly ADD node_modules/@typescript-eslint/types
3850 silly ADD node_modules/@typescript-eslint/type-utils
3851 silly ADD node_modules/@typescript-eslint/tsconfig-utils
3852 silly ADD node_modules/@typescript-eslint/scope-manager
3853 silly ADD node_modules/@typescript-eslint/project-service
3854 silly ADD node_modules/@typescript-eslint/parser
3855 silly ADD node_modules/@typescript-eslint/eslint-plugin
3856 silly ADD node_modules/@typescript-eslint/eslint-plugin/node_modules/ignore
3857 silly ADD node_modules/@types/yargs-parser
3858 silly ADD node_modules/@types/yargs
3859 silly ADD node_modules/@types/responselike
3860 silly ADD node_modules/@types/react-test-renderer
3861 silly ADD node_modules/@types/react
3862 silly ADD node_modules/@types/node
3863 silly ADD node_modules/@types/keyv
3864 silly ADD node_modules/@types/json5
3865 silly ADD node_modules/@types/json-schema
3866 silly ADD node_modules/@types/istanbul-reports
3867 silly ADD node_modules/@types/istanbul-lib-report
3868 silly ADD node_modules/@types/istanbul-lib-coverage
3869 silly ADD node_modules/@types/http-cache-semantics
3870 silly ADD node_modules/@types/hammerjs
3871 silly ADD node_modules/@types/estree
3872 silly ADD node_modules/@types/emscripten
3873 silly ADD node_modules/@types/cacheable-request
3874 silly ADD node_modules/@szmarczak/http-timer
3875 silly ADD node_modules/@socket.io/component-emitter
3876 silly ADD node_modules/@sindresorhus/is
3877 silly ADD node_modules/@sinclair/typebox
3878 silly ADD node_modules/@rtsao/scc
3879 silly ADD node_modules/@react-native/normalize-colors
3880 silly ADD node_modules/@react-native/metro-config
3881 silly ADD node_modules/@react-native/metro-babel-transformer
3882 silly ADD node_modules/@react-native/metro-babel-transformer/node_modules/hermes-parser
3883 silly ADD node_modules/@react-native/metro-babel-transformer/node_modules/hermes-estree
3884 silly ADD node_modules/@react-native/js-polyfills
3885 silly ADD node_modules/@react-native/gradle-plugin
3886 silly ADD node_modules/@react-native/dev-middleware
3887 silly ADD node_modules/@react-native/debugger-shell
3888 silly ADD node_modules/@react-native/debugger-frontend
3889 silly ADD node_modules/@react-native/community-cli-plugin
3890 silly ADD node_modules/@react-native/community-cli-plugin/node_modules/semver
3891 silly ADD node_modules/@react-native/codegen
3892 silly ADD node_modules/@react-native/codegen/node_modules/hermes-parser
3893 silly ADD node_modules/@react-native/codegen/node_modules/hermes-estree
3894 silly ADD node_modules/@react-native/babel-preset
3895 silly ADD node_modules/@react-native/babel-preset/node_modules/hermes-parser
3896 silly ADD node_modules/@react-native/babel-preset/node_modules/hermes-estree
3897 silly ADD node_modules/@react-native/babel-preset/node_modules/babel-plugin-syntax-hermes-parser
3898 silly ADD node_modules/@react-native/babel-plugin-codegen
3899 silly ADD node_modules/@react-native/assets-registry
3900 silly ADD node_modules/@react-native-masked-view/masked-view
3901 silly ADD node_modules/@react-native-google-signin/google-signin
3902 silly ADD node_modules/@react-native-async-storage/async-storage
3903 silly ADD node_modules/@radix-ui/react-use-layout-effect
3904 silly ADD node_modules/@radix-ui/react-use-escape-keydown
3905 silly ADD node_modules/@radix-ui/react-use-effect-event
3906 silly ADD node_modules/@radix-ui/react-use-controllable-state
3907 silly ADD node_modules/@radix-ui/react-use-callback-ref
3908 silly ADD node_modules/@radix-ui/react-slot
3909 silly ADD node_modules/@radix-ui/react-id
3910 silly ADD node_modules/@radix-ui/react-focus-guards
3911 silly ADD node_modules/@radix-ui/react-direction
3912 silly ADD node_modules/@radix-ui/react-context
3913 silly ADD node_modules/@radix-ui/react-compose-refs
3914 silly ADD node_modules/@radix-ui/primitive
3915 silly ADD node_modules/@nolyfill/is-core-module
3916 silly ADD node_modules/@jridgewell/trace-mapping
3917 silly ADD node_modules/@jridgewell/sourcemap-codec
3918 silly ADD node_modules/@jridgewell/source-map
3919 silly ADD node_modules/@jridgewell/resolve-uri
3920 silly ADD node_modules/@jridgewell/remapping
3921 silly ADD node_modules/@jridgewell/gen-mapping
3922 silly ADD node_modules/@jest/types
3923 silly ADD node_modules/@jest/schemas
3924 silly ADD node_modules/@isaacs/ttlcache
3925 silly ADD node_modules/@humanwhocodes/retry
3926 silly ADD node_modules/@humanwhocodes/module-importer
3927 silly ADD node_modules/@humanfs/types
3928 silly ADD node_modules/@humanfs/node
3929 silly ADD node_modules/@humanfs/core
3930 silly ADD node_modules/@expo/xcpretty
3931 silly ADD node_modules/@expo/vector-icons
3932 silly ADD node_modules/@expo/ui
3933 silly ADD node_modules/@expo/sudo-prompt
3934 silly ADD node_modules/@expo/spawn-async
3935 silly ADD node_modules/@expo/sdk-runtime-versions
3936 silly ADD node_modules/@expo/schema-utils
3937 silly ADD node_modules/@expo/require-utils
3938 silly ADD node_modules/@expo/prebuild-config
3939 silly ADD node_modules/@expo/prebuild-config/node_modules/semver
3940 silly ADD node_modules/@expo/plist
3941 silly ADD node_modules/@expo/package-manager
3942 silly ADD node_modules/@expo/osascript
3943 silly ADD node_modules/@expo/ngrok-bin-darwin-arm64
3944 silly ADD node_modules/@expo/ngrok-bin
3945 silly ADD node_modules/@expo/ngrok
3946 silly ADD node_modules/@expo/ngrok/node_modules/yaml
3947 silly ADD node_modules/@expo/ngrok/node_modules/uuid
3948 silly ADD node_modules/@expo/metro-runtime
3949 silly ADD node_modules/@expo/metro-file-map
3950 silly ADD node_modules/@expo/metro-config
3951 silly ADD node_modules/@expo/metro
3952 silly ADD node_modules/@expo/metro/node_modules/ob1
3953 silly ADD node_modules/@expo/metro/node_modules/metro-transform-worker
3954 silly ADD node_modules/@expo/metro/node_modules/metro-transform-plugins
3955 silly ADD node_modules/@expo/metro/node_modules/metro-symbolicate
3956 silly ADD node_modules/@expo/metro/node_modules/metro-source-map
3957 silly ADD node_modules/@expo/metro/node_modules/metro-runtime
3958 silly ADD node_modules/@expo/metro/node_modules/metro-resolver
3959 silly ADD node_modules/@expo/metro/node_modules/metro-minify-terser
3960 silly ADD node_modules/@expo/metro/node_modules/metro-file-map
3961 silly ADD node_modules/@expo/metro/node_modules/metro-core
3962 silly ADD node_modules/@expo/metro/node_modules/metro-config
3963 silly ADD node_modules/@expo/metro/node_modules/metro-cache-key
3964 silly ADD node_modules/@expo/metro/node_modules/metro-cache
3965 silly ADD node_modules/@expo/metro/node_modules/metro-babel-transformer
3966 silly ADD node_modules/@expo/metro/node_modules/metro
3967 silly ADD node_modules/@expo/metro/node_modules/hermes-parser
3968 silly ADD node_modules/@expo/metro/node_modules/hermes-estree
3969 silly ADD node_modules/@expo/log-box
3970 silly ADD node_modules/@expo/local-build-cache-provider
3971 silly ADD node_modules/@expo/json-file
3972 silly ADD node_modules/@expo/inline-modules
3973 silly ADD node_modules/@expo/image-utils
3974 silly ADD node_modules/@expo/image-utils/node_modules/semver
3975 silly ADD node_modules/@expo/fingerprint
3976 silly ADD node_modules/@expo/fingerprint/node_modules/semver
3977 silly ADD node_modules/@expo/fingerprint/node_modules/minimatch
3978 silly ADD node_modules/@expo/fingerprint/node_modules/brace-expansion
3979 silly ADD node_modules/@expo/fingerprint/node_modules/balanced-match
3980 silly ADD node_modules/@expo/expo-modules-macros-plugin
3981 silly ADD node_modules/@expo/env
3982 silly ADD node_modules/@expo/dom-webview
3983 silly ADD node_modules/@expo/devtools
3984 silly ADD node_modules/@expo/devcert
3985 silly ADD node_modules/@expo/devcert/node_modules/debug
3986 silly ADD node_modules/@expo/config-types
3987 silly ADD node_modules/@expo/config-plugins
3988 silly ADD node_modules/@expo/config-plugins/node_modules/semver
3989 silly ADD node_modules/@expo/config
3990 silly ADD node_modules/@expo/config/node_modules/semver
3991 silly ADD node_modules/@expo/code-signing-certificates
3992 silly ADD node_modules/@expo-google-fonts/material-symbols
3993 silly ADD node_modules/@expo-google-fonts/dancing-script
3994 silly ADD node_modules/@eslint/plugin-kit
3995 silly ADD node_modules/@eslint/object-schema
3996 silly ADD node_modules/@eslint/js
3997 silly ADD node_modules/@eslint/eslintrc
3998 silly ADD node_modules/@eslint/core
3999 silly ADD node_modules/@eslint/config-helpers
4000 silly ADD node_modules/@eslint/config-array
4001 silly ADD node_modules/@eslint-community/regexpp
4002 silly ADD node_modules/@eslint-community/eslint-utils
4003 silly ADD node_modules/@eslint-community/eslint-utils/node_modules/eslint-visitor-keys
4004 silly ADD node_modules/@egjs/hammerjs
4005 silly ADD node_modules/@babel/types
4006 silly ADD node_modules/@babel/traverse
4007 silly ADD node_modules/@babel/template
4008 silly ADD node_modules/@babel/runtime
4009 silly ADD node_modules/@babel/preset-typescript
4010 silly ADD node_modules/@babel/plugin-transform-unicode-regex
4011 silly ADD node_modules/@babel/plugin-transform-typescript
4012 silly ADD node_modules/@babel/plugin-transform-template-literals
4013 silly ADD node_modules/@babel/plugin-transform-shorthand-properties
4014 silly ADD node_modules/@babel/plugin-transform-runtime
4015 silly ADD node_modules/@babel/plugin-transform-regenerator
4016 silly ADD node_modules/@babel/plugin-transform-react-pure-annotations
4017 silly ADD node_modules/@babel/plugin-transform-react-jsx-source
4018 silly ADD node_modules/@babel/plugin-transform-react-jsx-self
4019 silly ADD node_modules/@babel/plugin-transform-react-jsx-development
4020 silly ADD node_modules/@babel/plugin-transform-react-jsx
4021 silly ADD node_modules/@babel/plugin-transform-react-display-name
4022 silly ADD node_modules/@babel/plugin-transform-private-property-in-object
4023 silly ADD node_modules/@babel/plugin-transform-private-methods
4024 silly ADD node_modules/@babel/plugin-transform-parameters
4025 silly ADD node_modules/@babel/plugin-transform-optional-chaining
4026 silly ADD node_modules/@babel/plugin-transform-optional-catch-binding
4027 silly ADD node_modules/@babel/plugin-transform-object-rest-spread
4028 silly ADD node_modules/@babel/plugin-transform-nullish-coalescing-operator
4029 silly ADD node_modules/@babel/plugin-transform-named-capturing-groups-regex
4030 silly ADD node_modules/@babel/plugin-transform-modules-commonjs
4031 silly ADD node_modules/@babel/plugin-transform-logical-assignment-operators
4032 silly ADD node_modules/@babel/plugin-transform-for-of
4033 silly ADD node_modules/@babel/plugin-transform-flow-strip-types
4034 silly ADD node_modules/@babel/plugin-transform-export-namespace-from
4035 silly ADD node_modules/@babel/plugin-transform-destructuring
4036 silly ADD node_modules/@babel/plugin-transform-classes
4037 silly ADD node_modules/@babel/plugin-transform-class-static-block
4038 silly ADD node_modules/@babel/plugin-transform-class-properties
4039 silly ADD node_modules/@babel/plugin-transform-block-scoping
4040 silly ADD node_modules/@babel/plugin-transform-async-to-generator
4041 silly ADD node_modules/@babel/plugin-transform-async-generator-functions
4042 silly ADD node_modules/@babel/plugin-transform-arrow-functions
4043 silly ADD node_modules/@babel/plugin-syntax-typescript
4044 silly ADD node_modules/@babel/plugin-syntax-optional-chaining
4045 silly ADD node_modules/@babel/plugin-syntax-nullish-coalescing-operator
4046 silly ADD node_modules/@babel/plugin-syntax-jsx
4047 silly ADD node_modules/@babel/plugin-syntax-flow
4048 silly ADD node_modules/@babel/plugin-syntax-export-default-from
4049 silly ADD node_modules/@babel/plugin-syntax-dynamic-import
4050 silly ADD node_modules/@babel/plugin-syntax-decorators
4051 silly ADD node_modules/@babel/plugin-proposal-export-default-from
4052 silly ADD node_modules/@babel/plugin-proposal-decorators
4053 silly ADD node_modules/@babel/parser
4054 silly ADD node_modules/@babel/helpers
4055 silly ADD node_modules/@babel/helper-wrap-function
4056 silly ADD node_modules/@babel/helper-validator-option
4057 silly ADD node_modules/@babel/helper-validator-identifier
4058 silly ADD node_modules/@babel/helper-string-parser
4059 silly ADD node_modules/@babel/helper-skip-transparent-expression-wrappers
4060 silly ADD node_modules/@babel/helper-replace-supers
4061 silly ADD node_modules/@babel/helper-remap-async-to-generator
4062 silly ADD node_modules/@babel/helper-plugin-utils
4063 silly ADD node_modules/@babel/helper-optimise-call-expression
4064 silly ADD node_modules/@babel/helper-module-transforms
4065 silly ADD node_modules/@babel/helper-module-imports
4066 silly ADD node_modules/@babel/helper-member-expression-to-functions
4067 silly ADD node_modules/@babel/helper-globals
4068 silly ADD node_modules/@babel/helper-define-polyfill-provider
4069 silly ADD node_modules/@babel/helper-define-polyfill-provider/node_modules/resolve
4070 silly ADD node_modules/@babel/helper-create-regexp-features-plugin
4071 silly ADD node_modules/@babel/helper-create-class-features-plugin
4072 silly ADD node_modules/@babel/helper-compilation-targets
4073 silly ADD node_modules/@babel/helper-annotate-as-pure
4074 silly ADD node_modules/@babel/generator
4075 silly ADD node_modules/@babel/core
4076 silly ADD node_modules/@babel/compat-data
4077 silly ADD node_modules/@babel/code-frame
4078 warn install-scripts 1 package has install scripts not yet covered by allowScripts:
4078 warn install-scripts   unrs-resolver@1.11.1 (postinstall: napi-postinstall unrs-resolver 1.11.1 check)
4078 warn install-scripts
4078 warn install-scripts Run `npm install-scripts ls` to review, or `npm install-scripts approve <pkg>` to allow.
4079 verbose cwd /Users/shyamkuamr/Documents/luvstor-app/frontend
4080 verbose os Darwin 25.6.0
4081 verbose node v24.21.0
4082 verbose npm  v11.19.0
4083 verbose exit 0
4084 info ok
